/*
 * 8x16 bitmap glyph data derived from the Terminus Font (terminus8x16.c).
 *
 * Compressed glyph pool ("format v1" -- see tools/gen_terminus.py and
 * components/font/terminus_font.h for the record/PackBits layout). Each
 * pool line is one deduplicated, row-cropped glyph record: header byte(s)
 * followed by a PackBits stream. idx[] holds one uint16_t byte-offset per
 * codepoint into the pool (rb==1: raw row byte).
 *
 * Copyright (c) 2020 Dimitar Zhekov <dimitar.zhekov@gmail.com>,
 * with Reserved Font Name "Terminus Font".
 *
 * Licensed under the SIL Open Font License, Version 1.1 -- see the full text
 * in components/font/LICENSE. This file is NOT covered by the repository's
 * MIT license.
 *
 * Generated by tools/gen_terminus.py -- do not edit by hand.
 */
#include "terminus_font.h"
#include <stddef.h>

#if FONT_RT_8X16

const uint8_t terminus8x16_pool[] = {
    0x29, 0x09, 0x66, 0x42, 0x00, 0x42, 0x42, 0x42, 0x00, 0x42, 0x42, 0x66, // off=0x0000 start=2 len=10 (1 cp: U+0000)
    0x00, 0x00, 0x00, // off=0x000C start=0 len=1 (19 cps: U+0020, U+00A0, U+2000 +16 more)
    0x29, 0x85, 0x10, 0x02, 0x00, 0x10, 0x10, // off=0x000F start=2 len=10 (1 cp: U+0021)
    0x12, 0x81, 0x24, // off=0x0016 start=1 len=3 (1 cp: U+0022)
    0x29, 0x81, 0x24, 0x03, 0x7E, 0x24, 0x24, 0x7E, 0x81, 0x24, // off=0x0019 start=2 len=10 (1 cp: U+0023)
    0x1C, 0x0C, 0x10, 0x10, 0x7C, 0x92, 0x90, 0x90, 0x7C, 0x12, 0x12, 0x92, 0x7C, 0x10, 0x10, // off=0x0023 start=1 len=13 (1 cp: U+0024)
    0x29, 0x09, 0x64, 0x94, 0x68, 0x08, 0x10, 0x10, 0x20, 0x2C, 0x52, 0x4C, // off=0x0032 start=2 len=10 (1 cp: U+0025)
    0x29, 0x09, 0x18, 0x24, 0x24, 0x18, 0x30, 0x4A, 0x44, 0x44, 0x44, 0x3A, // off=0x003E start=2 len=10 (1 cp: U+0026)
    0x12, 0x81, 0x10, // off=0x004A start=1 len=3 (1 cp: U+0027)
    0x29, 0x01, 0x08, 0x10, 0x84, 0x20, 0x01, 0x10, 0x08, // off=0x004D start=2 len=10 (1 cp: U+0028)
    0x29, 0x01, 0x20, 0x10, 0x84, 0x08, 0x01, 0x10, 0x20, // off=0x0056 start=2 len=10 (1 cp: U+0029)
    0x54, 0x04, 0x24, 0x18, 0x7E, 0x18, 0x24, // off=0x005F start=5 len=5 (1 cp: U+002A)
    0x54, 0x04, 0x10, 0x10, 0x7C, 0x10, 0x10, // off=0x0066 start=5 len=5 (1 cp: U+002B)
    0xA2, 0x02, 0x10, 0x10, 0x20, // off=0x006D start=10 len=3 (1 cp: U+002C)
    0x70, 0x00, 0x7E, // off=0x0072 start=7 len=1 (4 cps: U+002D, U+2012, U+2013 +1 more)
    0xA1, 0x80, 0x10, // off=0x0075 start=10 len=2 (1 cp: U+002E)
    0x29, 0x80, 0x04, 0x80, 0x08, 0x80, 0x10, 0x80, 0x20, 0x80, 0x40, // off=0x0078 start=2 len=10 (1 cp: U+002F)
    0x29, 0x09, 0x3C, 0x42, 0x42, 0x46, 0x4A, 0x52, 0x62, 0x42, 0x42, 0x3C, // off=0x0083 start=2 len=10 (1 cp: U+0030)
    0x29, 0x02, 0x08, 0x18, 0x28, 0x84, 0x08, 0x00, 0x3E, // off=0x008F start=2 len=10 (1 cp: U+0031)
    0x29, 0x09, 0x3C, 0x42, 0x42, 0x02, 0x04, 0x08, 0x10, 0x20, 0x40, 0x7E, // off=0x0098 start=2 len=10 (1 cp: U+0032)
    0x29, 0x09, 0x3C, 0x42, 0x42, 0x02, 0x1C, 0x02, 0x02, 0x42, 0x42, 0x3C, // off=0x00A4 start=2 len=10 (2 cps: U+0033, U+0417)
    0x29, 0x06, 0x02, 0x06, 0x0A, 0x12, 0x22, 0x42, 0x7E, 0x81, 0x02, // off=0x00B0 start=2 len=10 (1 cp: U+0034)
    0x29, 0x09, 0x7E, 0x40, 0x40, 0x40, 0x7C, 0x02, 0x02, 0x02, 0x42, 0x3C, // off=0x00BB start=2 len=10 (1 cp: U+0035)
    0x29, 0x04, 0x1C, 0x20, 0x40, 0x40, 0x7C, 0x82, 0x42, 0x00, 0x3C, // off=0x00C7 start=2 len=10 (1 cp: U+0036)
    0x29, 0x06, 0x7E, 0x02, 0x02, 0x04, 0x04, 0x08, 0x08, 0x81, 0x10, // off=0x00D2 start=2 len=10 (1 cp: U+0037)
    0x29, 0x04, 0x3C, 0x42, 0x42, 0x42, 0x3C, 0x82, 0x42, 0x00, 0x3C, // off=0x00DD start=2 len=10 (1 cp: U+0038)
    0x29, 0x00, 0x3C, 0x82, 0x42, 0x04, 0x3E, 0x02, 0x02, 0x04, 0x38, // off=0x00E8 start=2 len=10 (1 cp: U+0039)
    0x56, 0x80, 0x10, 0x81, 0x00, 0x80, 0x10, // off=0x00F3 start=5 len=7 (1 cp: U+003A)
    0x57, 0x80, 0x10, 0x81, 0x00, 0x02, 0x10, 0x10, 0x20, // off=0x00FA start=5 len=8 (1 cp: U+003B)
    0x38, 0x08, 0x04, 0x08, 0x10, 0x20, 0x40, 0x20, 0x10, 0x08, 0x04, // off=0x0103 start=3 len=9 (1 cp: U+003C)
    0x53, 0x03, 0x7E, 0x00, 0x00, 0x7E, // off=0x010E start=5 len=4 (1 cp: U+003D)
    0x38, 0x08, 0x40, 0x20, 0x10, 0x08, 0x04, 0x08, 0x10, 0x20, 0x40, // off=0x0114 start=3 len=9 (1 cp: U+003E)
    0x29, 0x09, 0x3C, 0x42, 0x42, 0x42, 0x04, 0x08, 0x08, 0x00, 0x08, 0x08, // off=0x011F start=2 len=10 (1 cp: U+003F)
    0x29, 0x09, 0x7C, 0x82, 0x9E, 0xA2, 0xA2, 0xA2, 0xA6, 0x9A, 0x80, 0x7E, // off=0x012B start=2 len=10 (1 cp: U+0040)
    0x29, 0x00, 0x3C, 0x82, 0x42, 0x00, 0x7E, 0x82, 0x42, // off=0x0137 start=2 len=10 (3 cps: U+0041, U+0391, U+0410)
    0x29, 0x04, 0x7C, 0x42, 0x42, 0x42, 0x7C, 0x82, 0x42, 0x00, 0x7C, // off=0x0140 start=2 len=10 (3 cps: U+0042, U+0392, U+0412)
    0x29, 0x02, 0x3C, 0x42, 0x42, 0x82, 0x40, 0x02, 0x42, 0x42, 0x3C, // off=0x014B start=2 len=10 (2 cps: U+0043, U+0421)
    0x29, 0x01, 0x78, 0x44, 0x84, 0x42, 0x01, 0x44, 0x78, // off=0x0156 start=2 len=10 (1 cp: U+0044)
    0x29, 0x04, 0x7E, 0x40, 0x40, 0x40, 0x78, 0x82, 0x40, 0x00, 0x7E, // off=0x015F start=2 len=10 (3 cps: U+0045, U+0395, U+0415)
    0x29, 0x04, 0x7E, 0x40, 0x40, 0x40, 0x78, 0x83, 0x40, // off=0x016A start=2 len=10 (1 cp: U+0046)
    0x29, 0x09, 0x3C, 0x42, 0x42, 0x40, 0x40, 0x4E, 0x42, 0x42, 0x42, 0x3C, // off=0x0173 start=2 len=10 (1 cp: U+0047)
    0x29, 0x82, 0x42, 0x00, 0x7E, 0x83, 0x42, // off=0x017F start=2 len=10 (3 cps: U+0048, U+0397, U+041D)
    0x29, 0x00, 0x38, 0x86, 0x10, 0x00, 0x38, // off=0x0186 start=2 len=10 (4 cps: U+0049, U+0399, U+0406 +1 more)
    0x29, 0x00, 0x0E, 0x84, 0x04, 0x02, 0x44, 0x44, 0x38, // off=0x018D start=2 len=10 (2 cps: U+004A, U+0408)
    0x29, 0x09, 0x42, 0x44, 0x48, 0x50, 0x60, 0x60, 0x50, 0x48, 0x44, 0x42, // off=0x0196 start=2 len=10 (3 cps: U+004B, U+039A, U+041A)
    0x29, 0x87, 0x40, 0x00, 0x7E, // off=0x01A2 start=2 len=10 (1 cp: U+004C)
    0x29, 0x04, 0x82, 0xC6, 0xAA, 0x92, 0x92, 0x83, 0x82, // off=0x01A7 start=2 len=10 (3 cps: U+004D, U+039C, U+041C)
    0x29, 0x81, 0x42, 0x03, 0x62, 0x52, 0x4A, 0x46, 0x81, 0x42, // off=0x01B0 start=2 len=10 (2 cps: U+004E, U+039D)
    0x29, 0x00, 0x3C, 0x86, 0x42, 0x00, 0x3C, // off=0x01BA start=2 len=10 (3 cps: U+004F, U+039F, U+041E)
    0x29, 0x00, 0x7C, 0x82, 0x42, 0x00, 0x7C, 0x82, 0x40, // off=0x01C1 start=2 len=10 (3 cps: U+0050, U+03A1, U+0420)
    0x2A, 0x00, 0x3C, 0x85, 0x42, 0x02, 0x4A, 0x3C, 0x02, // off=0x01CA start=2 len=11 (1 cp: U+0051)
    0x29, 0x00, 0x7C, 0x82, 0x42, 0x04, 0x7C, 0x50, 0x48, 0x44, 0x42, // off=0x01D3 start=2 len=10 (1 cp: U+0052)
    0x29, 0x09, 0x3C, 0x42, 0x40, 0x40, 0x3C, 0x02, 0x02, 0x42, 0x42, 0x3C, // off=0x01DE start=2 len=10 (2 cps: U+0053, U+0405)
    0x29, 0x00, 0xFE, 0x87, 0x10, // off=0x01EA start=2 len=10 (3 cps: U+0054, U+03A4, U+0422)
    0x29, 0x87, 0x42, 0x00, 0x3C, // off=0x01EF start=2 len=10 (2 cps: U+0055, U+22C3)
    0x29, 0x83, 0x42, 0x81, 0x24, 0x80, 0x18, // off=0x01F4 start=2 len=10 (1 cp: U+0056)
    0x29, 0x83, 0x82, 0x04, 0x92, 0x92, 0xAA, 0xC6, 0x82, // off=0x01FB start=2 len=10 (1 cp: U+0057)
    0x29, 0x80, 0x42, 0x80, 0x24, 0x80, 0x18, 0x80, 0x24, 0x80, 0x42, // off=0x0204 start=2 len=10 (3 cps: U+0058, U+03A7, U+0425)
    0x29, 0x04, 0x82, 0x82, 0x44, 0x44, 0x28, 0x83, 0x10, // off=0x020F start=2 len=10 (3 cps: U+0059, U+03A5, U+04AE)
    0x29, 0x09, 0x7E, 0x02, 0x02, 0x04, 0x08, 0x10, 0x20, 0x40, 0x40, 0x7E, // off=0x0218 start=2 len=10 (2 cps: U+005A, U+0396)
    0x29, 0x00, 0x38, 0x86, 0x20, 0x00, 0x38, // off=0x0224 start=2 len=10 (1 cp: U+005B)
    0x29, 0x80, 0x40, 0x80, 0x20, 0x80, 0x10, 0x80, 0x08, 0x80, 0x04, // off=0x022B start=2 len=10 (1 cp: U+005C)
    0x29, 0x00, 0x38, 0x86, 0x08, 0x00, 0x38, // off=0x0236 start=2 len=10 (1 cp: U+005D)
    0x12, 0x02, 0x10, 0x28, 0x44, // off=0x023D start=1 len=3 (1 cp: U+005E)
    0xD0, 0x00, 0x7E, // off=0x0242 start=13 len=1 (1 cp: U+005F)
    0x01, 0x01, 0x10, 0x08, // off=0x0245 start=0 len=2 (2 cps: U+0060, U+0300)
    0x56, 0x06, 0x3C, 0x02, 0x3E, 0x42, 0x42, 0x42, 0x3E, // off=0x0249 start=5 len=7 (2 cps: U+0061, U+0430)
    0x29, 0x81, 0x40, 0x00, 0x7C, 0x83, 0x42, 0x00, 0x7C, // off=0x0252 start=2 len=10 (2 cps: U+0062, U+042C)
    0x56, 0x06, 0x3C, 0x42, 0x40, 0x40, 0x40, 0x42, 0x3C, // off=0x025B start=5 len=7 (3 cps: U+0063, U+03F2, U+0441)
    0x29, 0x81, 0x02, 0x00, 0x3E, 0x83, 0x42, 0x00, 0x3E, // off=0x0264 start=2 len=10 (1 cp: U+0064)
    0x56, 0x06, 0x3C, 0x42, 0x42, 0x7E, 0x40, 0x40, 0x3C, // off=0x026D start=5 len=7 (2 cps: U+0065, U+0435)
    0x29, 0x03, 0x0E, 0x10, 0x10, 0x7C, 0x84, 0x10, // off=0x0276 start=2 len=10 (1 cp: U+0066)
    0x59, 0x00, 0x3E, 0x83, 0x42, 0x03, 0x3E, 0x02, 0x02, 0x3C, // off=0x027E start=5 len=10 (2 cps: U+0067, U+0434)
    0x29, 0x81, 0x40, 0x00, 0x7C, 0x84, 0x42, // off=0x0288 start=2 len=10 (2 cps: U+0068, U+210E)
    0x29, 0x03, 0x10, 0x10, 0x00, 0x30, 0x83, 0x10, 0x00, 0x38, // off=0x028F start=2 len=10 (2 cps: U+0069, U+0456)
    0x2C, 0x03, 0x04, 0x04, 0x00, 0x0C, 0x84, 0x04, 0x02, 0x44, 0x44, 0x38, // off=0x0299 start=2 len=13 (3 cps: U+006A, U+03F3, U+0458)
    0x29, 0x81, 0x40, 0x06, 0x42, 0x44, 0x48, 0x70, 0x48, 0x44, 0x42, // off=0x02A5 start=2 len=10 (1 cp: U+006B)
    0x29, 0x00, 0x30, 0x86, 0x10, 0x00, 0x38, // off=0x02B0 start=2 len=10 (2 cps: U+006C, U+04CF)
    0x56, 0x00, 0xFC, 0x84, 0x92, // off=0x02B7 start=5 len=7 (1 cp: U+006D)
    0x56, 0x00, 0x7C, 0x84, 0x42, // off=0x02BC start=5 len=7 (1 cp: U+006E)
    0x56, 0x00, 0x3C, 0x83, 0x42, 0x00, 0x3C, // off=0x02C1 start=5 len=7 (3 cps: U+006F, U+03BF, U+043E)
    0x59, 0x00, 0x7C, 0x83, 0x42, 0x00, 0x7C, 0x81, 0x40, // off=0x02C8 start=5 len=10 (2 cps: U+0070, U+0440)
    0x59, 0x00, 0x3E, 0x83, 0x42, 0x00, 0x3E, 0x81, 0x02, // off=0x02D1 start=5 len=10 (1 cp: U+0071)
    0x56, 0x01, 0x5E, 0x60, 0x83, 0x40, // off=0x02DA start=5 len=7 (1 cp: U+0072)
    0x56, 0x06, 0x3E, 0x40, 0x40, 0x3C, 0x02, 0x02, 0x7C, // off=0x02E0 start=5 len=7 (2 cps: U+0073, U+0455)
    0x29, 0x81, 0x10, 0x00, 0x7C, 0x83, 0x10, 0x00, 0x0E, // off=0x02E9 start=2 len=10 (1 cp: U+0074)
    0x56, 0x84, 0x42, 0x00, 0x3E, // off=0x02F2 start=5 len=7 (2 cps: U+0075, U+0438)
    0x56, 0x81, 0x42, 0x80, 0x24, 0x80, 0x18, // off=0x02F7 start=5 len=7 (2 cps: U+0076, U+03BD)
    0x56, 0x80, 0x82, 0x82, 0x92, 0x00, 0x7C, // off=0x02FE start=5 len=7 (1 cp: U+0077)
    0x56, 0x06, 0x42, 0x42, 0x24, 0x18, 0x24, 0x42, 0x42, // off=0x0305 start=5 len=7 (2 cps: U+0078, U+0445)
    0x59, 0x84, 0x42, 0x03, 0x3E, 0x02, 0x02, 0x3C, // off=0x030E start=5 len=10 (2 cps: U+0079, U+0443)
    0x56, 0x06, 0x7E, 0x04, 0x08, 0x10, 0x20, 0x40, 0x7E, // off=0x0316 start=5 len=7 (1 cp: U+007A)
    0x29, 0x04, 0x0C, 0x10, 0x10, 0x10, 0x20, 0x82, 0x10, 0x00, 0x0C, // off=0x031F start=2 len=10 (1 cp: U+007B)
    0x29, 0x88, 0x10, // off=0x032A start=2 len=10 (1 cp: U+007C)
    0x29, 0x04, 0x30, 0x08, 0x08, 0x08, 0x04, 0x82, 0x08, 0x00, 0x30, // off=0x032D start=2 len=10 (1 cp: U+007D)
    0x12, 0x02, 0x62, 0x92, 0x8C, // off=0x0338 start=1 len=3 (1 cp: U+007E)
    0x29, 0x02, 0x10, 0x10, 0x00, 0x85, 0x10, // off=0x033D start=2 len=10 (1 cp: U+00A1)
    0x3A, 0x0A, 0x10, 0x10, 0x7C, 0x92, 0x90, 0x90, 0x90, 0x92, 0x7C, 0x10, 0x10, // off=0x0344 start=3 len=11 (1 cp: U+00A2)
    0x29, 0x09, 0x18, 0x24, 0x20, 0x20, 0x78, 0x20, 0x20, 0x20, 0x22, 0x7E, // off=0x0351 start=2 len=10 (1 cp: U+00A3)
    0x46, 0x06, 0x44, 0x38, 0x44, 0x44, 0x44, 0x38, 0x44, // off=0x035D start=4 len=7 (1 cp: U+00A4)
    0x29, 0x09, 0x82, 0x82, 0x44, 0x28, 0x10, 0x7C, 0x10, 0x7C, 0x10, 0x10, // off=0x0366 start=2 len=10 (1 cp: U+00A5)
    0x29, 0x82, 0x10, 0x80, 0x00, 0x82, 0x10, // off=0x0372 start=2 len=10 (1 cp: U+00A6)
    0x1B, 0x0B, 0x38, 0x44, 0x40, 0x30, 0x48, 0x44, 0x44, 0x24, 0x18, 0x04, 0x44, 0x38, // off=0x0379 start=1 len=12 (1 cp: U+00A7)
    0x01, 0x80, 0x24, // off=0x0387 start=0 len=2 (2 cps: U+00A8, U+0308)
    0x38, 0x08, 0x7E, 0x81, 0x99, 0xA5, 0xA1, 0xA5, 0x99, 0x81, 0x7E, // off=0x038A start=3 len=9 (1 cp: U+00A9)
    0x16, 0x06, 0x38, 0x04, 0x3C, 0x44, 0x3C, 0x00, 0x7C, // off=0x0395 start=1 len=7 (1 cp: U+00AA)
    0x56, 0x06, 0x12, 0x24, 0x48, 0x90, 0x48, 0x24, 0x12, // off=0x039E start=5 len=7 (1 cp: U+00AB)
    0x53, 0x00, 0x7E, 0x81, 0x02, // off=0x03A7 start=5 len=4 (1 cp: U+00AC)
    0x70, 0x00, 0x3C, // off=0x03AC start=7 len=1 (3 cps: U+00AD, U+2010, U+2011)
    0x38, 0x08, 0x7E, 0x81, 0xB9, 0xA5, 0xB9, 0xA9, 0xA5, 0x81, 0x7E, // off=0x03AF start=3 len=9 (1 cp: U+00AE)
    0x00, 0x00, 0x3C, // off=0x03BA start=0 len=1 (2 cps: U+00AF, U+0304)
    0x13, 0x03, 0x18, 0x24, 0x24, 0x18, // off=0x03BD start=1 len=4 (1 cp: U+00B0)
    0x56, 0x06, 0x10, 0x10, 0x7C, 0x10, 0x10, 0x00, 0x7C, // off=0x03C3 start=5 len=7 (1 cp: U+00B1)
    0x15, 0x05, 0x18, 0x24, 0x04, 0x08, 0x10, 0x3C, // off=0x03CC start=1 len=6 (1 cp: U+00B2)
    0x15, 0x05, 0x38, 0x04, 0x18, 0x04, 0x04, 0x38, // off=0x03D4 start=1 len=6 (1 cp: U+00B3)
    0x01, 0x01, 0x08, 0x10, // off=0x03DC start=0 len=2 (2 cps: U+00B4, U+0301)
    0x59, 0x83, 0x42, 0x01, 0x46, 0x7A, 0x81, 0x40, // off=0x03E0 start=5 len=10 (2 cps: U+00B5, U+03BC)
    0x29, 0x00, 0x7E, 0x82, 0x92, 0x00, 0x72, 0x82, 0x12, // off=0x03E8 start=2 len=10 (1 cp: U+00B6)
    0x71, 0x80, 0x10, // off=0x03F1 start=7 len=2 (1 cp: U+00B7)
    0xC2, 0x02, 0x10, 0x10, 0x20, // off=0x03F4 start=12 len=3 (1 cp: U+00B8)
    0x15, 0x05, 0x10, 0x30, 0x10, 0x10, 0x10, 0x38, // off=0x03F9 start=1 len=6 (1 cp: U+00B9)
    0x16, 0x06, 0x38, 0x44, 0x44, 0x44, 0x38, 0x00, 0x7C, // off=0x0401 start=1 len=7 (1 cp: U+00BA)
    0x56, 0x06, 0x90, 0x48, 0x24, 0x12, 0x24, 0x48, 0x90, // off=0x040A start=5 len=7 (1 cp: U+00BB)
    0x1C, 0x0C, 0x20, 0x60, 0x20, 0x22, 0x24, 0x08, 0x10, 0x22, 0x46, 0x8A, 0x1E, 0x02, 0x02, // off=0x0413 start=1 len=13 (1 cp: U+00BC)
    0x1C, 0x0C, 0x20, 0x60, 0x20, 0x22, 0x24, 0x08, 0x10, 0x20, 0x4C, 0x92, 0x04, 0x08, 0x1E, // off=0x0422 start=1 len=13 (1 cp: U+00BD)
    0x1C, 0x0C, 0xE0, 0x10, 0x60, 0x12, 0xE4, 0x08, 0x10, 0x22, 0x46, 0x8A, 0x1E, 0x02, 0x02, // off=0x0431 start=1 len=13 (1 cp: U+00BE)
    0x29, 0x09, 0x10, 0x10, 0x00, 0x10, 0x10, 0x20, 0x42, 0x42, 0x42, 0x3C, // off=0x0440 start=2 len=10 (1 cp: U+00BF)
    0x0B, 0x07, 0x10, 0x08, 0x00, 0x3C, 0x42, 0x42, 0x42, 0x7E, 0x82, 0x42, // off=0x044C start=0 len=12 (1 cp: U+00C0)
    0x0B, 0x07, 0x08, 0x10, 0x00, 0x3C, 0x42, 0x42, 0x42, 0x7E, 0x82, 0x42, // off=0x0458 start=0 len=12 (1 cp: U+00C1)
    0x0B, 0x07, 0x18, 0x24, 0x00, 0x3C, 0x42, 0x42, 0x42, 0x7E, 0x82, 0x42, // off=0x0464 start=0 len=12 (1 cp: U+00C2)
    0x0B, 0x07, 0x32, 0x4C, 0x00, 0x3C, 0x42, 0x42, 0x42, 0x7E, 0x82, 0x42, // off=0x0470 start=0 len=12 (1 cp: U+00C3)
    0x0B, 0x07, 0x24, 0x24, 0x00, 0x3C, 0x42, 0x42, 0x42, 0x7E, 0x82, 0x42, // off=0x047C start=0 len=12 (2 cps: U+00C4, U+04D2)
    0x0B, 0x07, 0x18, 0x24, 0x18, 0x3C, 0x42, 0x42, 0x42, 0x7E, 0x82, 0x42, // off=0x0488 start=0 len=12 (1 cp: U+00C5)
    0x29, 0x04, 0x7E, 0x90, 0x90, 0x90, 0xFC, 0x82, 0x90, 0x00, 0x9E, // off=0x0494 start=2 len=10 (2 cps: U+00C6, U+04D4)
    0x2C, 0x02, 0x3C, 0x42, 0x42, 0x82, 0x40, 0x05, 0x42, 0x42, 0x3C, 0x10, 0x10, 0x20, // off=0x049F start=2 len=13 (1 cp: U+00C7)
    0x0B, 0x0B, 0x10, 0x08, 0x00, 0x7E, 0x40, 0x40, 0x40, 0x78, 0x40, 0x40, 0x40, 0x7E, // off=0x04AD start=0 len=12 (2 cps: U+00C8, U+0400)
    0x0B, 0x0B, 0x08, 0x10, 0x00, 0x7E, 0x40, 0x40, 0x40, 0x78, 0x40, 0x40, 0x40, 0x7E, // off=0x04BB start=0 len=12 (1 cp: U+00C9)
    0x0B, 0x0B, 0x18, 0x24, 0x00, 0x7E, 0x40, 0x40, 0x40, 0x78, 0x40, 0x40, 0x40, 0x7E, // off=0x04C9 start=0 len=12 (1 cp: U+00CA)
    0x0B, 0x0B, 0x24, 0x24, 0x00, 0x7E, 0x40, 0x40, 0x40, 0x78, 0x40, 0x40, 0x40, 0x7E, // off=0x04D7 start=0 len=12 (2 cps: U+00CB, U+0401)
    0x0B, 0x03, 0x20, 0x10, 0x00, 0x38, 0x85, 0x10, 0x00, 0x38, // off=0x04E5 start=0 len=12 (1 cp: U+00CC)
    0x0B, 0x03, 0x08, 0x10, 0x00, 0x38, 0x85, 0x10, 0x00, 0x38, // off=0x04EF start=0 len=12 (1 cp: U+00CD)
    0x0B, 0x03, 0x18, 0x24, 0x00, 0x38, 0x85, 0x10, 0x00, 0x38, // off=0x04F9 start=0 len=12 (1 cp: U+00CE)
    0x0B, 0x03, 0x44, 0x44, 0x00, 0x38, 0x85, 0x10, 0x00, 0x38, // off=0x0503 start=0 len=12 (3 cps: U+00CF, U+03AA, U+0407)
    0x29, 0x09, 0x78, 0x44, 0x42, 0x42, 0xF2, 0x42, 0x42, 0x42, 0x44, 0x78, // off=0x050D start=2 len=10 (2 cps: U+00D0, U+0110)
    0x0B, 0x08, 0x32, 0x4C, 0x00, 0x42, 0x42, 0x62, 0x52, 0x4A, 0x46, 0x81, 0x42, // off=0x0519 start=0 len=12 (1 cp: U+00D1)
    0x0B, 0x03, 0x10, 0x08, 0x00, 0x3C, 0x85, 0x42, 0x00, 0x3C, // off=0x0526 start=0 len=12 (1 cp: U+00D2)
    0x0B, 0x03, 0x08, 0x10, 0x00, 0x3C, 0x85, 0x42, 0x00, 0x3C, // off=0x0530 start=0 len=12 (1 cp: U+00D3)
    0x0B, 0x03, 0x18, 0x24, 0x00, 0x3C, 0x85, 0x42, 0x00, 0x3C, // off=0x053A start=0 len=12 (1 cp: U+00D4)
    0x0B, 0x03, 0x32, 0x4C, 0x00, 0x3C, 0x85, 0x42, 0x00, 0x3C, // off=0x0544 start=0 len=12 (1 cp: U+00D5)
    0x0B, 0x03, 0x24, 0x24, 0x00, 0x3C, 0x85, 0x42, 0x00, 0x3C, // off=0x054E start=0 len=12 (2 cps: U+00D6, U+04E6)
    0x55, 0x05, 0x42, 0x24, 0x18, 0x18, 0x24, 0x42, // off=0x0558 start=5 len=6 (1 cp: U+00D7)
    0x29, 0x09, 0x3C, 0x43, 0x42, 0x46, 0x4A, 0x52, 0x62, 0x42, 0xC2, 0x3C, // off=0x0560 start=2 len=10 (1 cp: U+00D8)
    0x0B, 0x01, 0x10, 0x08, 0x87, 0x42, 0x00, 0x3C, // off=0x056C start=0 len=12 (1 cp: U+00D9)
    0x0B, 0x01, 0x08, 0x10, 0x87, 0x42, 0x00, 0x3C, // off=0x0574 start=0 len=12 (1 cp: U+00DA)
    0x0B, 0x02, 0x18, 0x24, 0x00, 0x86, 0x42, 0x00, 0x3C, // off=0x057C start=0 len=12 (1 cp: U+00DB)
    0x0B, 0x02, 0x24, 0x24, 0x00, 0x86, 0x42, 0x00, 0x3C, // off=0x0585 start=0 len=12 (1 cp: U+00DC)
    0x0B, 0x06, 0x08, 0x10, 0x82, 0x82, 0x44, 0x44, 0x28, 0x83, 0x10, // off=0x058E start=0 len=12 (1 cp: U+00DD)
    0x29, 0x02, 0x40, 0x40, 0x7C, 0x82, 0x42, 0x02, 0x7C, 0x40, 0x40, // off=0x0599 start=2 len=10 (1 cp: U+00DE)
    0x29, 0x09, 0x38, 0x44, 0x44, 0x48, 0x7C, 0x42, 0x42, 0x42, 0x62, 0x5C, // off=0x05A4 start=2 len=10 (1 cp: U+00DF)
    0x29, 0x09, 0x10, 0x08, 0x00, 0x3C, 0x02, 0x3E, 0x42, 0x42, 0x42, 0x3E, // off=0x05B0 start=2 len=10 (1 cp: U+00E0)
    0x29, 0x09, 0x08, 0x10, 0x00, 0x3C, 0x02, 0x3E, 0x42, 0x42, 0x42, 0x3E, // off=0x05BC start=2 len=10 (1 cp: U+00E1)
    0x29, 0x09, 0x18, 0x24, 0x00, 0x3C, 0x02, 0x3E, 0x42, 0x42, 0x42, 0x3E, // off=0x05C8 start=2 len=10 (1 cp: U+00E2)
    0x29, 0x09, 0x32, 0x4C, 0x00, 0x3C, 0x02, 0x3E, 0x42, 0x42, 0x42, 0x3E, // off=0x05D4 start=2 len=10 (1 cp: U+00E3)
    0x29, 0x09, 0x24, 0x24, 0x00, 0x3C, 0x02, 0x3E, 0x42, 0x42, 0x42, 0x3E, // off=0x05E0 start=2 len=10 (2 cps: U+00E4, U+04D3)
    0x29, 0x09, 0x18, 0x24, 0x18, 0x3C, 0x02, 0x3E, 0x42, 0x42, 0x42, 0x3E, // off=0x05EC start=2 len=10 (1 cp: U+00E5)
    0x56, 0x06, 0x6C, 0x12, 0x72, 0x9E, 0x90, 0x90, 0x6C, // off=0x05F8 start=5 len=7 (2 cps: U+00E6, U+04D5)
    0x59, 0x09, 0x3C, 0x42, 0x40, 0x40, 0x40, 0x42, 0x3C, 0x10, 0x10, 0x20, // off=0x0601 start=5 len=10 (1 cp: U+00E7)
    0x29, 0x09, 0x10, 0x08, 0x00, 0x3C, 0x42, 0x42, 0x7E, 0x40, 0x40, 0x3C, // off=0x060D start=2 len=10 (2 cps: U+00E8, U+0450)
    0x29, 0x09, 0x08, 0x10, 0x00, 0x3C, 0x42, 0x42, 0x7E, 0x40, 0x40, 0x3C, // off=0x0619 start=2 len=10 (1 cp: U+00E9)
    0x29, 0x09, 0x18, 0x24, 0x00, 0x3C, 0x42, 0x42, 0x7E, 0x40, 0x40, 0x3C, // off=0x0625 start=2 len=10 (1 cp: U+00EA)
    0x29, 0x09, 0x24, 0x24, 0x00, 0x3C, 0x42, 0x42, 0x7E, 0x40, 0x40, 0x3C, // off=0x0631 start=2 len=10 (2 cps: U+00EB, U+0451)
    0x29, 0x03, 0x20, 0x10, 0x00, 0x30, 0x83, 0x10, 0x00, 0x38, // off=0x063D start=2 len=10 (1 cp: U+00EC)
    0x29, 0x03, 0x08, 0x10, 0x00, 0x30, 0x83, 0x10, 0x00, 0x38, // off=0x0647 start=2 len=10 (1 cp: U+00ED)
    0x29, 0x03, 0x30, 0x48, 0x00, 0x30, 0x83, 0x10, 0x00, 0x38, // off=0x0651 start=2 len=10 (1 cp: U+00EE)
    0x29, 0x03, 0x48, 0x48, 0x00, 0x30, 0x83, 0x10, 0x00, 0x38, // off=0x065B start=2 len=10 (2 cps: U+00EF, U+0457)
    0x29, 0x03, 0x28, 0x10, 0x28, 0x3C, 0x83, 0x42, 0x00, 0x3C, // off=0x0665 start=2 len=10 (1 cp: U+00F0)
    0x29, 0x03, 0x32, 0x4C, 0x00, 0x7C, 0x84, 0x42, // off=0x066F start=2 len=10 (1 cp: U+00F1)
    0x29, 0x03, 0x10, 0x08, 0x00, 0x3C, 0x83, 0x42, 0x00, 0x3C, // off=0x0677 start=2 len=10 (1 cp: U+00F2)
    0x29, 0x03, 0x08, 0x10, 0x00, 0x3C, 0x83, 0x42, 0x00, 0x3C, // off=0x0681 start=2 len=10 (2 cps: U+00F3, U+03CC)
    0x29, 0x03, 0x18, 0x24, 0x00, 0x3C, 0x83, 0x42, 0x00, 0x3C, // off=0x068B start=2 len=10 (1 cp: U+00F4)
    0x29, 0x03, 0x32, 0x4C, 0x00, 0x3C, 0x83, 0x42, 0x00, 0x3C, // off=0x0695 start=2 len=10 (1 cp: U+00F5)
    0x29, 0x03, 0x24, 0x24, 0x00, 0x3C, 0x83, 0x42, 0x00, 0x3C, // off=0x069F start=2 len=10 (2 cps: U+00F6, U+04E7)
    0x46, 0x06, 0x10, 0x10, 0x00, 0x7C, 0x00, 0x10, 0x10, // off=0x06A9 start=4 len=7 (1 cp: U+00F7)
    0x47, 0x07, 0x02, 0x3C, 0x46, 0x4A, 0x52, 0x62, 0x42, 0xBC, // off=0x06B2 start=4 len=8 (1 cp: U+00F8)
    0x29, 0x02, 0x10, 0x08, 0x00, 0x84, 0x42, 0x00, 0x3E, // off=0x06BC start=2 len=10 (2 cps: U+00F9, U+045D)
    0x29, 0x02, 0x08, 0x10, 0x00, 0x84, 0x42, 0x00, 0x3E, // off=0x06C5 start=2 len=10 (1 cp: U+00FA)
    0x29, 0x02, 0x18, 0x24, 0x00, 0x84, 0x42, 0x00, 0x3E, // off=0x06CE start=2 len=10 (1 cp: U+00FB)
    0x29, 0x02, 0x24, 0x24, 0x00, 0x84, 0x42, 0x00, 0x3E, // off=0x06D7 start=2 len=10 (2 cps: U+00FC, U+04E5)
    0x2C, 0x02, 0x08, 0x10, 0x00, 0x84, 0x42, 0x03, 0x3E, 0x02, 0x02, 0x3C, // off=0x06E0 start=2 len=13 (1 cp: U+00FD)
    0x2C, 0x81, 0x40, 0x00, 0x7C, 0x83, 0x42, 0x00, 0x7C, 0x81, 0x40, // off=0x06EC start=2 len=13 (1 cp: U+00FE)
    0x2C, 0x02, 0x24, 0x24, 0x00, 0x84, 0x42, 0x03, 0x3E, 0x02, 0x02, 0x3C, // off=0x06F7 start=2 len=13 (2 cps: U+00FF, U+04F1)
    0x0B, 0x02, 0x3C, 0x00, 0x3C, 0x82, 0x42, 0x00, 0x7E, 0x82, 0x42, // off=0x0703 start=0 len=12 (1 cp: U+0100)
    0x38, 0x08, 0x3C, 0x00, 0x3C, 0x02, 0x3E, 0x42, 0x42, 0x42, 0x3E, // off=0x070E start=3 len=9 (1 cp: U+0101)
    0x0B, 0x07, 0x24, 0x18, 0x00, 0x3C, 0x42, 0x42, 0x42, 0x7E, 0x82, 0x42, // off=0x0719 start=0 len=12 (3 cps: U+0102, U+01CD, U+04D0)
    0x29, 0x09, 0x24, 0x18, 0x00, 0x3C, 0x02, 0x3E, 0x42, 0x42, 0x42, 0x3E, // off=0x0725 start=2 len=10 (3 cps: U+0103, U+01CE, U+04D1)
    0x2C, 0x00, 0x3C, 0x82, 0x42, 0x00, 0x7E, 0x82, 0x42, 0x02, 0x02, 0x04, 0x03, // off=0x0731 start=2 len=13 (1 cp: U+0104)
    0x59, 0x09, 0x3C, 0x02, 0x3E, 0x42, 0x42, 0x42, 0x3E, 0x02, 0x04, 0x03, // off=0x073E start=5 len=10 (1 cp: U+0105)
    0x0B, 0x0B, 0x08, 0x10, 0x00, 0x3C, 0x42, 0x42, 0x40, 0x40, 0x40, 0x42, 0x42, 0x3C, // off=0x074A start=0 len=12 (1 cp: U+0106)
    0x29, 0x09, 0x08, 0x10, 0x00, 0x3C, 0x42, 0x40, 0x40, 0x40, 0x42, 0x3C, // off=0x0758 start=2 len=10 (1 cp: U+0107)
    0x0B, 0x0B, 0x18, 0x24, 0x00, 0x3C, 0x42, 0x42, 0x40, 0x40, 0x40, 0x42, 0x42, 0x3C, // off=0x0764 start=0 len=12 (1 cp: U+0108)
    0x29, 0x09, 0x18, 0x24, 0x00, 0x3C, 0x42, 0x40, 0x40, 0x40, 0x42, 0x3C, // off=0x0772 start=2 len=10 (1 cp: U+0109)
    0x0B, 0x0B, 0x10, 0x10, 0x00, 0x3C, 0x42, 0x42, 0x40, 0x40, 0x40, 0x42, 0x42, 0x3C, // off=0x077E start=0 len=12 (1 cp: U+010A)
    0x29, 0x09, 0x10, 0x10, 0x00, 0x3C, 0x42, 0x40, 0x40, 0x40, 0x42, 0x3C, // off=0x078C start=2 len=10 (1 cp: U+010B)
    0x0B, 0x0B, 0x24, 0x18, 0x00, 0x3C, 0x42, 0x42, 0x40, 0x40, 0x40, 0x42, 0x42, 0x3C, // off=0x0798 start=0 len=12 (1 cp: U+010C)
    0x29, 0x09, 0x24, 0x18, 0x00, 0x3C, 0x42, 0x40, 0x40, 0x40, 0x42, 0x3C, // off=0x07A6 start=2 len=10 (1 cp: U+010D)
    0x0B, 0x04, 0x24, 0x18, 0x00, 0x78, 0x44, 0x83, 0x42, 0x01, 0x44, 0x78, // off=0x07B2 start=0 len=12 (1 cp: U+010E)
    0x0B, 0x05, 0x24, 0x18, 0x02, 0x02, 0x02, 0x3E, 0x83, 0x42, 0x00, 0x3E, // off=0x07BE start=0 len=12 (1 cp: U+010F)
    0x29, 0x03, 0x02, 0x0F, 0x02, 0x3E, 0x83, 0x42, 0x00, 0x3E, // off=0x07CA start=2 len=10 (1 cp: U+0111)
    0x0B, 0x06, 0x3C, 0x00, 0x7E, 0x40, 0x40, 0x40, 0x78, 0x82, 0x40, 0x00, 0x7E, // off=0x07D4 start=0 len=12 (1 cp: U+0112)
    0x38, 0x08, 0x3C, 0x00, 0x3C, 0x42, 0x42, 0x7E, 0x40, 0x40, 0x3C, // off=0x07E1 start=3 len=9 (1 cp: U+0113)
    0x0B, 0x0B, 0x24, 0x18, 0x00, 0x7E, 0x40, 0x40, 0x40, 0x78, 0x40, 0x40, 0x40, 0x7E, // off=0x07EC start=0 len=12 (3 cps: U+0114, U+011A, U+04D6)
    0x29, 0x09, 0x24, 0x18, 0x00, 0x3C, 0x42, 0x42, 0x7E, 0x40, 0x40, 0x3C, // off=0x07FA start=2 len=10 (3 cps: U+0115, U+011B, U+04D7)
    0x0B, 0x0B, 0x10, 0x10, 0x00, 0x7E, 0x40, 0x40, 0x40, 0x78, 0x40, 0x40, 0x40, 0x7E, // off=0x0806 start=0 len=12 (1 cp: U+0116)
    0x29, 0x09, 0x10, 0x10, 0x00, 0x3C, 0x42, 0x42, 0x7E, 0x40, 0x40, 0x3C, // off=0x0814 start=2 len=10 (1 cp: U+0117)
    0x2C, 0x04, 0x7E, 0x40, 0x40, 0x40, 0x78, 0x82, 0x40, 0x03, 0x7E, 0x02, 0x04, 0x03, // off=0x0820 start=2 len=13 (1 cp: U+0118)
    0x59, 0x09, 0x3C, 0x42, 0x42, 0x7E, 0x40, 0x40, 0x3C, 0x08, 0x10, 0x0C, // off=0x082E start=5 len=10 (1 cp: U+0119)
    0x0B, 0x0B, 0x18, 0x24, 0x00, 0x3C, 0x42, 0x40, 0x40, 0x4E, 0x42, 0x42, 0x42, 0x3C, // off=0x083A start=0 len=12 (1 cp: U+011C)
    0x2C, 0x03, 0x18, 0x24, 0x00, 0x3E, 0x83, 0x42, 0x03, 0x3E, 0x02, 0x02, 0x3C, // off=0x0848 start=2 len=13 (1 cp: U+011D)
    0x0B, 0x0B, 0x24, 0x18, 0x00, 0x3C, 0x42, 0x40, 0x40, 0x4E, 0x42, 0x42, 0x42, 0x3C, // off=0x0855 start=0 len=12 (2 cps: U+011E, U+01E6)
    0x2C, 0x03, 0x24, 0x18, 0x00, 0x3E, 0x83, 0x42, 0x03, 0x3E, 0x02, 0x02, 0x3C, // off=0x0863 start=2 len=13 (2 cps: U+011F, U+01E7)
    0x0B, 0x0B, 0x10, 0x10, 0x00, 0x3C, 0x42, 0x40, 0x40, 0x4E, 0x42, 0x42, 0x42, 0x3C, // off=0x0870 start=0 len=12 (1 cp: U+0120)
    0x2C, 0x03, 0x08, 0x08, 0x00, 0x3E, 0x83, 0x42, 0x03, 0x3E, 0x02, 0x02, 0x3C, // off=0x087E start=2 len=13 (1 cp: U+0121)
    0x2D, 0x0D, 0x3C, 0x42, 0x42, 0x40, 0x40, 0x4E, 0x42, 0x42, 0x42, 0x3C, 0x00, 0x10, 0x10, 0x20, // off=0x088B start=2 len=14 (1 cp: U+0122)
    0x1D, 0x04, 0x04, 0x08, 0x08, 0x00, 0x3E, 0x83, 0x42, 0x03, 0x3E, 0x02, 0x02, 0x3C, // off=0x089B start=1 len=14 (1 cp: U+0123)
    0x0B, 0x02, 0x18, 0x24, 0x00, 0x82, 0x42, 0x00, 0x7E, 0x82, 0x42, // off=0x08A9 start=0 len=12 (1 cp: U+0124)
    0x0B, 0x05, 0x0C, 0x12, 0x40, 0x40, 0x40, 0x7C, 0x84, 0x42, // off=0x08B4 start=0 len=12 (1 cp: U+0125)
    0x29, 0x04, 0x42, 0xFF, 0x42, 0x42, 0x7E, 0x83, 0x42, // off=0x08BE start=2 len=10 (1 cp: U+0126)
    0x29, 0x03, 0x40, 0xF0, 0x40, 0x7C, 0x84, 0x42, // off=0x08C7 start=2 len=10 (3 cps: U+0127, U+045B, U+210F)
    0x0B, 0x03, 0x32, 0x4C, 0x00, 0x38, 0x85, 0x10, 0x00, 0x38, // off=0x08CF start=0 len=12 (1 cp: U+0128)
    0x29, 0x03, 0x34, 0x58, 0x00, 0x30, 0x83, 0x10, 0x00, 0x38, // off=0x08D9 start=2 len=10 (1 cp: U+0129)
    0x0B, 0x02, 0x7C, 0x00, 0x38, 0x86, 0x10, 0x00, 0x38, // off=0x08E3 start=0 len=12 (1 cp: U+012A)
    0x38, 0x02, 0x78, 0x00, 0x30, 0x83, 0x10, 0x00, 0x38, // off=0x08EC start=3 len=9 (1 cp: U+012B)
    0x0B, 0x03, 0x24, 0x18, 0x00, 0x38, 0x85, 0x10, 0x00, 0x38, // off=0x08F5 start=0 len=12 (2 cps: U+012C, U+01CF)
    0x29, 0x03, 0x48, 0x30, 0x00, 0x30, 0x83, 0x10, 0x00, 0x38, // off=0x08FF start=2 len=10 (2 cps: U+012D, U+01D0)
    0x2C, 0x00, 0x38, 0x86, 0x10, 0x03, 0x38, 0x10, 0x20, 0x18, // off=0x0909 start=2 len=13 (1 cp: U+012E)
    0x2C, 0x03, 0x10, 0x10, 0x00, 0x30, 0x83, 0x10, 0x03, 0x38, 0x10, 0x20, 0x18, // off=0x0913 start=2 len=13 (1 cp: U+012F)
    0x0B, 0x03, 0x10, 0x10, 0x00, 0x38, 0x85, 0x10, 0x00, 0x38, // off=0x0920 start=0 len=12 (1 cp: U+0130)
    0x56, 0x00, 0x30, 0x83, 0x10, 0x00, 0x38, // off=0x092A start=5 len=7 (1 cp: U+0131)
    0x29, 0x00, 0xE7, 0x84, 0x42, 0x02, 0x52, 0x52, 0xEC, // off=0x0931 start=2 len=10 (1 cp: U+0132)
    0x2C, 0x03, 0x42, 0x42, 0x00, 0xC6, 0x83, 0x42, 0x03, 0xE2, 0x12, 0x12, 0x0C, // off=0x093A start=2 len=13 (1 cp: U+0133)
    0x0B, 0x03, 0x0C, 0x12, 0x00, 0x0E, 0x83, 0x04, 0x02, 0x44, 0x44, 0x38, // off=0x0947 start=0 len=12 (1 cp: U+0134)
    0x2C, 0x03, 0x0C, 0x12, 0x00, 0x0C, 0x84, 0x04, 0x02, 0x44, 0x44, 0x38, // off=0x0953 start=2 len=13 (1 cp: U+0135)
    0x2D, 0x0D, 0x42, 0x44, 0x48, 0x50, 0x60, 0x60, 0x50, 0x48, 0x44, 0x42, 0x00, 0x10, 0x10, 0x20, // off=0x095F start=2 len=14 (1 cp: U+0136)
    0x2D, 0x81, 0x40, 0x0A, 0x42, 0x44, 0x48, 0x70, 0x48, 0x44, 0x42, 0x00, 0x10, 0x10, 0x20, // off=0x096F start=2 len=14 (1 cp: U+0137)
    0x56, 0x06, 0x42, 0x44, 0x48, 0x70, 0x48, 0x44, 0x42, // off=0x097E start=5 len=7 (3 cps: U+0138, U+03BA, U+043A)
    0x0B, 0x02, 0x20, 0x40, 0x00, 0x86, 0x40, 0x00, 0x7E, // off=0x0987 start=0 len=12 (1 cp: U+0139)
    0x0B, 0x03, 0x08, 0x10, 0x00, 0x30, 0x85, 0x10, 0x00, 0x38, // off=0x0990 start=0 len=12 (1 cp: U+013A)
    0x2D, 0x87, 0x40, 0x04, 0x7E, 0x00, 0x10, 0x10, 0x20, // off=0x099A start=2 len=14 (1 cp: U+013B)
    0x2D, 0x00, 0x30, 0x86, 0x10, 0x04, 0x38, 0x00, 0x10, 0x10, 0x20, // off=0x09A3 start=2 len=14 (1 cp: U+013C)
    0x0B, 0x01, 0x24, 0x18, 0x87, 0x40, 0x00, 0x7E, // off=0x09AE start=0 len=12 (1 cp: U+013D)
    0x0B, 0x03, 0x48, 0x30, 0x00, 0x30, 0x85, 0x10, 0x00, 0x38, // off=0x09B6 start=0 len=12 (1 cp: U+013E)
    0x29, 0x82, 0x40, 0x80, 0x44, 0x81, 0x40, 0x00, 0x7E, // off=0x09C0 start=2 len=10 (1 cp: U+013F)
    0x29, 0x00, 0x30, 0x81, 0x10, 0x80, 0x11, 0x81, 0x10, 0x00, 0x38, // off=0x09C9 start=2 len=10 (1 cp: U+0140)
    0x29, 0x82, 0x40, 0x05, 0x60, 0xC0, 0x40, 0x40, 0x40, 0x7E, // off=0x09D4 start=2 len=10 (1 cp: U+0141)
    0x29, 0x09, 0x30, 0x10, 0x10, 0x10, 0x18, 0x30, 0x10, 0x10, 0x10, 0x38, // off=0x09DE start=2 len=10 (1 cp: U+0142)
    0x0B, 0x08, 0x08, 0x10, 0x42, 0x42, 0x42, 0x62, 0x52, 0x4A, 0x46, 0x81, 0x42, // off=0x09EA start=0 len=12 (1 cp: U+0143)
    0x29, 0x03, 0x08, 0x10, 0x00, 0x7C, 0x84, 0x42, // off=0x09F7 start=2 len=10 (1 cp: U+0144)
    0x2D, 0x81, 0x42, 0x0A, 0x62, 0x52, 0x4A, 0x46, 0x42, 0x42, 0x42, 0x00, 0x10, 0x10, 0x20, // off=0x09FF start=2 len=14 (1 cp: U+0145)
    0x5A, 0x00, 0x7C, 0x84, 0x42, 0x03, 0x00, 0x10, 0x10, 0x20, // off=0x0A0E start=5 len=11 (1 cp: U+0146)
    0x0B, 0x08, 0x24, 0x18, 0x42, 0x42, 0x42, 0x62, 0x52, 0x4A, 0x46, 0x81, 0x42, // off=0x0A18 start=0 len=12 (1 cp: U+0147)
    0x29, 0x03, 0x24, 0x18, 0x00, 0x7C, 0x84, 0x42, // off=0x0A25 start=2 len=10 (1 cp: U+0148)
    0x1A, 0x04, 0x40, 0x40, 0x80, 0x00, 0x7C, 0x84, 0x42, // off=0x0A2D start=1 len=11 (1 cp: U+0149)
    0x2C, 0x81, 0x42, 0x09, 0x62, 0x52, 0x4A, 0x46, 0x42, 0x42, 0x42, 0x02, 0x02, 0x0C, // off=0x0A36 start=2 len=13 (1 cp: U+014A)
    0x59, 0x00, 0x7C, 0x84, 0x42, 0x02, 0x02, 0x02, 0x0C, // off=0x0A44 start=5 len=10 (1 cp: U+014B)
    0x0B, 0x02, 0x3C, 0x00, 0x3C, 0x86, 0x42, 0x00, 0x3C, // off=0x0A4D start=0 len=12 (1 cp: U+014C)
    0x38, 0x02, 0x3C, 0x00, 0x3C, 0x83, 0x42, 0x00, 0x3C, // off=0x0A56 start=3 len=9 (1 cp: U+014D)
    0x0B, 0x03, 0x24, 0x18, 0x00, 0x3C, 0x85, 0x42, 0x00, 0x3C, // off=0x0A5F start=0 len=12 (2 cps: U+014E, U+01D1)
    0x29, 0x03, 0x24, 0x18, 0x00, 0x3C, 0x83, 0x42, 0x00, 0x3C, // off=0x0A69 start=2 len=10 (2 cps: U+014F, U+01D2)
    0x0B, 0x03, 0x12, 0x24, 0x00, 0x3C, 0x85, 0x42, 0x00, 0x3C, // off=0x0A73 start=0 len=12 (1 cp: U+0150)
    0x29, 0x03, 0x12, 0x24, 0x00, 0x3C, 0x83, 0x42, 0x00, 0x3C, // off=0x0A7D start=2 len=10 (1 cp: U+0151)
    0x29, 0x04, 0x7E, 0x90, 0x90, 0x90, 0x9C, 0x82, 0x90, 0x00, 0x7E, // off=0x0A87 start=2 len=10 (1 cp: U+0152)
    0x56, 0x06, 0x7C, 0x92, 0x92, 0x9E, 0x90, 0x90, 0x7C, // off=0x0A92 start=5 len=7 (1 cp: U+0153)
    0x0B, 0x0B, 0x08, 0x10, 0x00, 0x7C, 0x42, 0x42, 0x42, 0x7C, 0x50, 0x48, 0x44, 0x42, // off=0x0A9B start=0 len=12 (1 cp: U+0154)
    0x29, 0x04, 0x08, 0x10, 0x00, 0x5E, 0x60, 0x83, 0x40, // off=0x0AA9 start=2 len=10 (1 cp: U+0155)
    0x2D, 0x00, 0x7C, 0x82, 0x42, 0x08, 0x7C, 0x50, 0x48, 0x44, 0x42, 0x00, 0x10, 0x10, 0x20, // off=0x0AB2 start=2 len=14 (1 cp: U+0156)
    0x5A, 0x01, 0x5E, 0x60, 0x83, 0x40, 0x03, 0x00, 0x40, 0x40, 0x80, // off=0x0AC1 start=5 len=11 (1 cp: U+0157)
    0x0B, 0x0B, 0x24, 0x18, 0x00, 0x7C, 0x42, 0x42, 0x42, 0x7C, 0x50, 0x48, 0x44, 0x42, // off=0x0ACC start=0 len=12 (1 cp: U+0158)
    0x29, 0x04, 0x24, 0x18, 0x00, 0x5E, 0x60, 0x83, 0x40, // off=0x0ADA start=2 len=10 (1 cp: U+0159)
    0x0B, 0x0B, 0x08, 0x10, 0x00, 0x3C, 0x42, 0x40, 0x40, 0x3C, 0x02, 0x02, 0x42, 0x3C, // off=0x0AE3 start=0 len=12 (1 cp: U+015A)
    0x29, 0x09, 0x04, 0x08, 0x00, 0x3E, 0x40, 0x40, 0x3C, 0x02, 0x02, 0x7C, // off=0x0AF1 start=2 len=10 (1 cp: U+015B)
    0x0B, 0x0B, 0x18, 0x24, 0x00, 0x3C, 0x42, 0x40, 0x40, 0x3C, 0x02, 0x02, 0x42, 0x3C, // off=0x0AFD start=0 len=12 (1 cp: U+015C)
    0x29, 0x09, 0x18, 0x24, 0x00, 0x3E, 0x40, 0x40, 0x3C, 0x02, 0x02, 0x7C, // off=0x0B0B start=2 len=10 (1 cp: U+015D)
    0x2C, 0x0C, 0x3C, 0x42, 0x40, 0x40, 0x3C, 0x02, 0x02, 0x42, 0x42, 0x3C, 0x10, 0x10, 0x20, // off=0x0B17 start=2 len=13 (1 cp: U+015E)
    0x59, 0x09, 0x3E, 0x40, 0x40, 0x3C, 0x02, 0x02, 0x7C, 0x10, 0x10, 0x20, // off=0x0B26 start=5 len=10 (1 cp: U+015F)
    0x0B, 0x0B, 0x24, 0x18, 0x00, 0x3C, 0x42, 0x40, 0x40, 0x3C, 0x02, 0x02, 0x42, 0x3C, // off=0x0B32 start=0 len=12 (1 cp: U+0160)
    0x29, 0x09, 0x24, 0x18, 0x00, 0x3E, 0x40, 0x40, 0x3C, 0x02, 0x02, 0x7C, // off=0x0B40 start=2 len=10 (1 cp: U+0161)
    0x2C, 0x00, 0xFE, 0x87, 0x10, 0x02, 0x08, 0x08, 0x10, // off=0x0B4C start=2 len=13 (1 cp: U+0162)
    0x2C, 0x81, 0x10, 0x00, 0x7C, 0x83, 0x10, 0x03, 0x0E, 0x04, 0x04, 0x08, // off=0x0B55 start=2 len=13 (1 cp: U+0163)
    0x0B, 0x03, 0x24, 0x18, 0x00, 0xFE, 0x86, 0x10, // off=0x0B61 start=0 len=12 (1 cp: U+0164)
    0x0B, 0x05, 0x24, 0x18, 0x00, 0x10, 0x10, 0x7C, 0x83, 0x10, 0x00, 0x0E, // off=0x0B69 start=0 len=12 (1 cp: U+0165)
    0x29, 0x04, 0xFE, 0x10, 0x10, 0x10, 0x7C, 0x83, 0x10, // off=0x0B75 start=2 len=10 (1 cp: U+0166)
    0x29, 0x81, 0x10, 0x06, 0x7C, 0x10, 0x38, 0x10, 0x10, 0x10, 0x0E, // off=0x0B7E start=2 len=10 (1 cp: U+0167)
    0x0B, 0x02, 0x32, 0x4C, 0x00, 0x86, 0x42, 0x00, 0x3C, // off=0x0B89 start=0 len=12 (1 cp: U+0168)
    0x29, 0x02, 0x32, 0x4C, 0x00, 0x84, 0x42, 0x00, 0x3E, // off=0x0B92 start=2 len=10 (1 cp: U+0169)
    0x0B, 0x01, 0x3C, 0x00, 0x87, 0x42, 0x00, 0x3C, // off=0x0B9B start=0 len=12 (1 cp: U+016A)
    0x38, 0x01, 0x3C, 0x00, 0x84, 0x42, 0x00, 0x3E, // off=0x0BA3 start=3 len=9 (2 cps: U+016B, U+04E3)
    0x0B, 0x01, 0x24, 0x18, 0x87, 0x42, 0x00, 0x3C, // off=0x0BAB start=0 len=12 (2 cps: U+016C, U+01D3)
    0x29, 0x02, 0x24, 0x18, 0x00, 0x84, 0x42, 0x00, 0x3E, // off=0x0BB3 start=2 len=10 (3 cps: U+016D, U+01D4, U+0439)
    0x0B, 0x02, 0x18, 0x24, 0x18, 0x86, 0x42, 0x00, 0x3C, // off=0x0BBC start=0 len=12 (1 cp: U+016E)
    0x29, 0x02, 0x18, 0x24, 0x18, 0x84, 0x42, 0x00, 0x3E, // off=0x0BC5 start=2 len=10 (1 cp: U+016F)
    0x0B, 0x02, 0x12, 0x24, 0x00, 0x86, 0x42, 0x00, 0x3C, // off=0x0BCE start=0 len=12 (1 cp: U+0170)
    0x29, 0x02, 0x12, 0x24, 0x00, 0x84, 0x42, 0x00, 0x3E, // off=0x0BD7 start=2 len=10 (1 cp: U+0171)
    0x2C, 0x87, 0x42, 0x03, 0x3C, 0x08, 0x10, 0x0C, // off=0x0BE0 start=2 len=13 (1 cp: U+0172)
    0x59, 0x84, 0x42, 0x03, 0x3E, 0x02, 0x04, 0x03, // off=0x0BE8 start=5 len=10 (1 cp: U+0173)
    0x0B, 0x02, 0x18, 0x24, 0x00, 0x82, 0x82, 0x04, 0x92, 0x92, 0xAA, 0xC6, 0x82, // off=0x0BF0 start=0 len=12 (1 cp: U+0174)
    0x29, 0x04, 0x18, 0x24, 0x00, 0x82, 0x82, 0x82, 0x92, 0x00, 0x7C, // off=0x0BFD start=2 len=10 (1 cp: U+0175)
    0x0B, 0x07, 0x18, 0x24, 0x00, 0x82, 0x82, 0x44, 0x44, 0x28, 0x82, 0x10, // off=0x0C08 start=0 len=12 (1 cp: U+0176)
    0x2C, 0x02, 0x18, 0x24, 0x00, 0x84, 0x42, 0x03, 0x3E, 0x02, 0x02, 0x3C, // off=0x0C14 start=2 len=13 (1 cp: U+0177)
    0x0B, 0x07, 0x44, 0x44, 0x00, 0x82, 0x82, 0x44, 0x44, 0x28, 0x82, 0x10, // off=0x0C20 start=0 len=12 (2 cps: U+0178, U+03AB)
    0x0B, 0x0B, 0x08, 0x10, 0x00, 0x7E, 0x02, 0x04, 0x08, 0x10, 0x20, 0x40, 0x40, 0x7E, // off=0x0C2C start=0 len=12 (1 cp: U+0179)
    0x29, 0x09, 0x08, 0x10, 0x00, 0x7E, 0x04, 0x08, 0x10, 0x20, 0x40, 0x7E, // off=0x0C3A start=2 len=10 (1 cp: U+017A)
    0x0B, 0x0B, 0x10, 0x10, 0x00, 0x7E, 0x02, 0x04, 0x08, 0x10, 0x20, 0x40, 0x40, 0x7E, // off=0x0C46 start=0 len=12 (1 cp: U+017B)
    0x29, 0x09, 0x10, 0x10, 0x00, 0x7E, 0x04, 0x08, 0x10, 0x20, 0x40, 0x7E, // off=0x0C54 start=2 len=10 (1 cp: U+017C)
    0x0B, 0x0B, 0x24, 0x18, 0x00, 0x7E, 0x02, 0x04, 0x08, 0x10, 0x20, 0x40, 0x40, 0x7E, // off=0x0C60 start=0 len=12 (1 cp: U+017D)
    0x29, 0x09, 0x24, 0x18, 0x00, 0x7E, 0x04, 0x08, 0x10, 0x20, 0x40, 0x7E, // off=0x0C6E start=2 len=10 (1 cp: U+017E)
    0x29, 0x00, 0x0E, 0x87, 0x10, // off=0x0C7A start=2 len=10 (1 cp: U+017F)
    0x29, 0x02, 0x3C, 0x42, 0x42, 0x82, 0x02, 0x02, 0x42, 0x42, 0x3C, // off=0x0C7F start=2 len=10 (1 cp: U+0186)
    0x29, 0x04, 0x7E, 0x02, 0x02, 0x02, 0x1E, 0x82, 0x02, 0x00, 0x7E, // off=0x0C8A start=2 len=10 (1 cp: U+018E)
    0x29, 0x04, 0x3C, 0x42, 0x02, 0x02, 0x7E, 0x82, 0x42, 0x00, 0x3C, // off=0x0C95 start=2 len=10 (2 cps: U+018F, U+04D8)
    0x29, 0x09, 0x3C, 0x42, 0x42, 0x40, 0x38, 0x40, 0x40, 0x42, 0x42, 0x3C, // off=0x0CA0 start=2 len=10 (1 cp: U+0190)
    0x2C, 0x04, 0x0C, 0x12, 0x10, 0x10, 0x7C, 0x84, 0x10, 0x01, 0x90, 0x60, // off=0x0CAC start=2 len=13 (1 cp: U+0192)
    0x2C, 0x81, 0x42, 0x09, 0x62, 0x52, 0x4A, 0x46, 0x42, 0x42, 0x42, 0x40, 0x40, 0x80, // off=0x0CB8 start=2 len=13 (1 cp: U+019D)
    0x59, 0x00, 0x7C, 0x84, 0x42, 0x81, 0x02, // off=0x0CC6 start=5 len=10 (2 cps: U+019E, U+03B7)
    0x29, 0x09, 0x7E, 0x02, 0x04, 0x08, 0x7E, 0x10, 0x20, 0x40, 0x40, 0x7E, // off=0x0CCD start=2 len=10 (1 cp: U+01B5)
    0x56, 0x06, 0x7E, 0x04, 0x08, 0x7C, 0x10, 0x20, 0x7E, // off=0x0CD9 start=5 len=7 (1 cp: U+01B6)
    0x29, 0x09, 0x7E, 0x02, 0x04, 0x08, 0x1C, 0x02, 0x02, 0x42, 0x42, 0x3C, // off=0x0CE2 start=2 len=10 (1 cp: U+01B7)
    0x0B, 0x06, 0x7C, 0x00, 0x7E, 0x90, 0x90, 0x90, 0xFC, 0x82, 0x90, 0x00, 0x9E, // off=0x0CEE start=0 len=12 (1 cp: U+01E2)
    0x38, 0x08, 0x7C, 0x00, 0x6C, 0x12, 0x72, 0x9E, 0x90, 0x90, 0x6C, // off=0x0CFB start=3 len=9 (1 cp: U+01E3)
    0x29, 0x09, 0x3C, 0x42, 0x42, 0x40, 0x40, 0x4E, 0x42, 0x4F, 0x42, 0x3C, // off=0x0D06 start=2 len=10 (1 cp: U+01E4)
    0x59, 0x09, 0x3E, 0x42, 0x42, 0x4F, 0x42, 0x42, 0x3E, 0x02, 0x02, 0x3C, // off=0x0D12 start=5 len=10 (1 cp: U+01E5)
    0x0B, 0x0B, 0x24, 0x18, 0x42, 0x44, 0x48, 0x50, 0x60, 0x60, 0x50, 0x48, 0x44, 0x42, // off=0x0D1E start=0 len=12 (1 cp: U+01E8)
    0x0B, 0x0B, 0x24, 0x18, 0x40, 0x40, 0x40, 0x42, 0x44, 0x48, 0x70, 0x48, 0x44, 0x42, // off=0x0D2C start=0 len=12 (1 cp: U+01E9)
    0x2C, 0x00, 0x3C, 0x86, 0x42, 0x03, 0x3C, 0x08, 0x10, 0x0C, // off=0x0D3A start=2 len=13 (1 cp: U+01EA)
    0x59, 0x00, 0x3C, 0x83, 0x42, 0x03, 0x3C, 0x08, 0x10, 0x0C, // off=0x0D44 start=5 len=10 (1 cp: U+01EB)
    0x0E, 0x02, 0x3C, 0x00, 0x3C, 0x86, 0x42, 0x03, 0x3C, 0x08, 0x10, 0x0C, // off=0x0D4E start=0 len=15 (1 cp: U+01EC)
    0x3B, 0x02, 0x3C, 0x00, 0x3C, 0x83, 0x42, 0x03, 0x3C, 0x08, 0x10, 0x0C, // off=0x0D5A start=3 len=12 (1 cp: U+01ED)
    0x0B, 0x0B, 0x24, 0x18, 0x00, 0x7E, 0x04, 0x08, 0x1C, 0x02, 0x02, 0x42, 0x42, 0x3C, // off=0x0D66 start=0 len=12 (1 cp: U+01EE)
    0x2C, 0x0C, 0x24, 0x18, 0x00, 0x7E, 0x02, 0x04, 0x08, 0x1C, 0x02, 0x02, 0x42, 0x42, 0x3C, // off=0x0D74 start=2 len=13 (1 cp: U+01EF)
    0x2C, 0x03, 0x12, 0x0C, 0x00, 0x0C, 0x84, 0x04, 0x02, 0x44, 0x44, 0x38, // off=0x0D83 start=2 len=13 (1 cp: U+01F0)
    0x0B, 0x0B, 0x08, 0x10, 0x00, 0x3C, 0x42, 0x40, 0x40, 0x4E, 0x42, 0x42, 0x42, 0x3C, // off=0x0D8F start=0 len=12 (1 cp: U+01F4)
    0x2C, 0x03, 0x04, 0x08, 0x00, 0x3E, 0x83, 0x42, 0x03, 0x3E, 0x02, 0x02, 0x3C, // off=0x0D9D start=2 len=13 (1 cp: U+01F5)
    0x0B, 0x0B, 0x08, 0x10, 0x00, 0x7E, 0x90, 0x90, 0x90, 0xFC, 0x90, 0x90, 0x90, 0x9E, // off=0x0DAA start=0 len=12 (1 cp: U+01FC)
    0x29, 0x09, 0x08, 0x10, 0x00, 0x6C, 0x12, 0x72, 0x9E, 0x90, 0x90, 0x6C, // off=0x0DB8 start=2 len=10 (1 cp: U+01FD)
    0x0B, 0x0B, 0x08, 0x10, 0x00, 0x3D, 0x42, 0x46, 0x4A, 0x52, 0x62, 0x42, 0xC2, 0x3C, // off=0x0DC4 start=0 len=12 (1 cp: U+01FE)
    0x29, 0x09, 0x08, 0x10, 0x02, 0x3C, 0x46, 0x4A, 0x52, 0x62, 0x42, 0xBC, // off=0x0DD2 start=2 len=10 (1 cp: U+01FF)
    0x2D, 0x0D, 0x3C, 0x42, 0x40, 0x40, 0x3C, 0x02, 0x02, 0x42, 0x42, 0x3C, 0x00, 0x10, 0x10, 0x20, // off=0x0DDE start=2 len=14 (1 cp: U+0218)
    0x5A, 0x0A, 0x3E, 0x40, 0x40, 0x3C, 0x02, 0x02, 0x7C, 0x00, 0x10, 0x10, 0x20, // off=0x0DEE start=5 len=11 (1 cp: U+0219)
    0x2D, 0x00, 0xFE, 0x87, 0x10, 0x03, 0x00, 0x10, 0x10, 0x20, // off=0x0DFB start=2 len=14 (1 cp: U+021A)
    0x2D, 0x81, 0x10, 0x00, 0x7C, 0x83, 0x10, 0x04, 0x0E, 0x00, 0x04, 0x04, 0x08, // off=0x0E05 start=2 len=14 (1 cp: U+021B)
    0x0B, 0x06, 0x7C, 0x00, 0x82, 0x82, 0x44, 0x44, 0x28, 0x83, 0x10, // off=0x0E12 start=0 len=12 (1 cp: U+0232)
    0x3B, 0x01, 0x3C, 0x00, 0x84, 0x42, 0x03, 0x3E, 0x02, 0x02, 0x3C, // off=0x0E1D start=3 len=12 (2 cps: U+0233, U+04EF)
    0x59, 0x00, 0x0C, 0x84, 0x04, 0x02, 0x44, 0x44, 0x38, // off=0x0E28 start=5 len=10 (2 cps: U+0237, U+F6BE)
    0x56, 0x06, 0x3C, 0x42, 0x02, 0x02, 0x02, 0x42, 0x3C, // off=0x0E31 start=5 len=7 (1 cp: U+0254)
    0x56, 0x06, 0x3C, 0x42, 0x42, 0x7E, 0x02, 0x02, 0x3C, // off=0x0E3A start=5 len=7 (1 cp: U+0258)
    0x56, 0x06, 0x3C, 0x02, 0x02, 0x7E, 0x42, 0x42, 0x3C, // off=0x0E43 start=5 len=7 (2 cps: U+0259, U+04D9)
    0x56, 0x06, 0x3C, 0x42, 0x40, 0x38, 0x40, 0x42, 0x3C, // off=0x0E4C start=5 len=7 (2 cps: U+025B, U+03B5)
    0x59, 0x00, 0x7C, 0x84, 0x42, 0x02, 0x40, 0x40, 0x80, // off=0x0E55 start=5 len=10 (1 cp: U+0272)
    0x59, 0x09, 0x7E, 0x02, 0x04, 0x08, 0x1C, 0x02, 0x02, 0x42, 0x42, 0x3C, // off=0x0E5E start=5 len=10 (1 cp: U+0292)
    0x02, 0x02, 0x08, 0x10, 0x10, // off=0x0E6A start=0 len=3 (1 cp: U+02BB)
    0x02, 0x02, 0x08, 0x08, 0x10, // off=0x0E6F start=0 len=3 (1 cp: U+02BC)
    0x02, 0x02, 0x10, 0x10, 0x08, // off=0x0E74 start=0 len=3 (1 cp: U+02BD)
    0x01, 0x01, 0x18, 0x24, // off=0x0E79 start=0 len=2 (2 cps: U+02C6, U+0302)
    0x01, 0x01, 0x24, 0x18, // off=0x0E7D start=0 len=2 (4 cps: U+02C7, U+02D8, U+0306 +1 more)
    0x01, 0x80, 0x10, // off=0x0E81 start=0 len=2 (2 cps: U+02D9, U+0307)
    0xC2, 0x02, 0x08, 0x10, 0x0C, // off=0x0E84 start=12 len=3 (1 cp: U+02DB)
    0x01, 0x01, 0x32, 0x4C, // off=0x0E89 start=0 len=2 (2 cps: U+02DC, U+0303)
    0x01, 0x01, 0x12, 0x24, // off=0x0E8D start=0 len=2 (2 cps: U+02DD, U+030B)
    0x00, 0x00, 0x7E, // off=0x0E91 start=0 len=1 (2 cps: U+0305, U+203E)
    0x02, 0x02, 0x18, 0x24, 0x18, // off=0x0E94 start=0 len=3 (1 cp: U+030A)
    0xD1, 0x80, 0x10, // off=0x0E99 start=13 len=2 (1 cp: U+0329)
    0x01, 0x01, 0x40, 0x80, // off=0x0E9C start=0 len=2 (1 cp: U+0384)
    0x03, 0x03, 0x08, 0x10, 0x00, 0x24, // off=0x0EA0 start=0 len=4 (1 cp: U+0385)
    0x0B, 0x02, 0x40, 0x80, 0x3C, 0x82, 0x42, 0x00, 0x7E, 0x82, 0x42, // off=0x0EA6 start=0 len=12 (1 cp: U+0386)
    0x51, 0x80, 0x10, // off=0x0EB1 start=5 len=2 (1 cp: U+0387)
    0x0B, 0x06, 0x40, 0x80, 0x7E, 0x40, 0x40, 0x40, 0x78, 0x82, 0x40, 0x00, 0x7E, // off=0x0EB4 start=0 len=12 (1 cp: U+0388)
    0x0B, 0x01, 0x40, 0x80, 0x82, 0x42, 0x00, 0x7E, 0x83, 0x42, // off=0x0EC1 start=0 len=12 (1 cp: U+0389)
    0x0B, 0x02, 0x40, 0x80, 0x38, 0x86, 0x10, 0x00, 0x38, // off=0x0ECB start=0 len=12 (1 cp: U+038A)
    0x0B, 0x02, 0x40, 0x80, 0x3C, 0x86, 0x42, 0x00, 0x3C, // off=0x0ED4 start=0 len=12 (1 cp: U+038C)
    0x0B, 0x07, 0x40, 0x80, 0x00, 0x82, 0x82, 0x44, 0x44, 0x28, 0x82, 0x10, // off=0x0EDD start=0 len=12 (1 cp: U+038E)
    0x0B, 0x02, 0x40, 0x80, 0x3C, 0x84, 0x42, 0x02, 0x24, 0x24, 0x66, // off=0x0EE9 start=0 len=12 (1 cp: U+038F)
    0x0B, 0x05, 0x08, 0x10, 0x48, 0x48, 0x00, 0x30, 0x83, 0x10, 0x00, 0x0C, // off=0x0EF4 start=0 len=12 (1 cp: U+0390)
    0x29, 0x00, 0x7E, 0x87, 0x40, // off=0x0F00 start=2 len=10 (2 cps: U+0393, U+0413)
    0x29, 0x80, 0x10, 0x80, 0x28, 0x81, 0x44, 0x02, 0x82, 0x82, 0xFE, // off=0x0F05 start=2 len=10 (2 cps: U+0394, U+2206)
    0x29, 0x04, 0x3C, 0x42, 0x42, 0x42, 0x5A, 0x82, 0x42, 0x00, 0x3C, // off=0x0F10 start=2 len=10 (1 cp: U+0398)
    0x29, 0x80, 0x10, 0x80, 0x28, 0x81, 0x44, 0x81, 0x82, // off=0x0F1B start=2 len=10 (1 cp: U+039B)
    0x29, 0x04, 0x7E, 0x00, 0x00, 0x00, 0x3C, 0x82, 0x00, 0x00, 0x7E, // off=0x0F24 start=2 len=10 (1 cp: U+039E)
    0x29, 0x00, 0x7E, 0x87, 0x42, // off=0x0F2F start=2 len=10 (2 cps: U+03A0, U+041F)
    0x29, 0x09, 0x7E, 0x40, 0x20, 0x10, 0x08, 0x08, 0x10, 0x20, 0x40, 0x7E, // off=0x0F34 start=2 len=10 (1 cp: U+03A3)
    0x29, 0x01, 0x10, 0x7C, 0x84, 0x92, 0x01, 0x7C, 0x10, // off=0x0F40 start=2 len=10 (1 cp: U+03A6)
    0x29, 0x85, 0x92, 0x02, 0x7C, 0x10, 0x10, // off=0x0F49 start=2 len=10 (1 cp: U+03A8)
    0x29, 0x00, 0x3C, 0x84, 0x42, 0x02, 0x24, 0x24, 0x66, // off=0x0F50 start=2 len=10 (2 cps: U+03A9, U+2126)
    0x29, 0x09, 0x08, 0x10, 0x00, 0x3A, 0x46, 0x44, 0x44, 0x44, 0x46, 0x3A, // off=0x0F59 start=2 len=10 (1 cp: U+03AC)
    0x29, 0x09, 0x08, 0x10, 0x00, 0x3C, 0x42, 0x40, 0x38, 0x40, 0x42, 0x3C, // off=0x0F65 start=2 len=10 (1 cp: U+03AD)
    0x2C, 0x03, 0x08, 0x10, 0x00, 0x7C, 0x84, 0x42, 0x81, 0x02, // off=0x0F71 start=2 len=13 (1 cp: U+03AE)
    0x29, 0x03, 0x08, 0x10, 0x00, 0x30, 0x83, 0x10, 0x00, 0x0C, // off=0x0F7B start=2 len=10 (1 cp: U+03AF)
    0x0B, 0x04, 0x08, 0x10, 0x00, 0x24, 0x00, 0x84, 0x42, 0x00, 0x3C, // off=0x0F85 start=0 len=12 (1 cp: U+03B0)
    0x56, 0x06, 0x3A, 0x46, 0x44, 0x44, 0x44, 0x46, 0x3A, // off=0x0F90 start=5 len=7 (1 cp: U+03B1)
    0x2C, 0x04, 0x38, 0x44, 0x44, 0x48, 0x7C, 0x82, 0x42, 0x00, 0x7C, 0x81, 0x40, // off=0x0F99 start=2 len=13 (1 cp: U+03B2)
    0x59, 0x80, 0x82, 0x80, 0x44, 0x80, 0x28, 0x82, 0x10, // off=0x0FA6 start=5 len=10 (2 cps: U+03B3, U+04AF)
    0x29, 0x03, 0x3E, 0x10, 0x08, 0x3C, 0x83, 0x42, 0x00, 0x3C, // off=0x0FAF start=2 len=10 (1 cp: U+03B4)
    0x2C, 0x04, 0x7E, 0x04, 0x08, 0x10, 0x20, 0x82, 0x40, 0x03, 0x3C, 0x02, 0x02, 0x04, // off=0x0FB9 start=2 len=13 (1 cp: U+03B6)
    0x29, 0x04, 0x38, 0x44, 0x44, 0x44, 0x7C, 0x82, 0x44, 0x00, 0x38, // off=0x0FC7 start=2 len=10 (1 cp: U+03B8)
    0x56, 0x00, 0x30, 0x83, 0x10, 0x00, 0x0C, // off=0x0FD2 start=5 len=7 (1 cp: U+03B9)
    0x29, 0x80, 0x20, 0x80, 0x10, 0x80, 0x28, 0x80, 0x44, 0x80, 0x82, // off=0x0FD9 start=2 len=10 (1 cp: U+03BB)
    0x2C, 0x04, 0x3E, 0x40, 0x40, 0x40, 0x3C, 0x82, 0x40, 0x03, 0x3C, 0x02, 0x02, 0x04, // off=0x0FE4 start=2 len=13 (1 cp: U+03BE)
    0x56, 0x00, 0x7E, 0x84, 0x42, // off=0x0FF2 start=5 len=7 (2 cps: U+03C0, U+043F)
    0x59, 0x00, 0x3C, 0x83, 0x42, 0x00, 0x7C, 0x81, 0x40, // off=0x0FF7 start=5 len=10 (1 cp: U+03C1)
    0x59, 0x01, 0x3C, 0x42, 0x82, 0x40, 0x03, 0x3C, 0x02, 0x02, 0x04, // off=0x1000 start=5 len=10 (1 cp: U+03C2)
    0x56, 0x00, 0x3E, 0x83, 0x44, 0x00, 0x38, // off=0x100B start=5 len=7 (1 cp: U+03C3)
    0x56, 0x00, 0xFE, 0x83, 0x10, 0x00, 0x0C, // off=0x1012 start=5 len=7 (1 cp: U+03C4)
    0x56, 0x84, 0x42, 0x00, 0x3C, // off=0x1019 start=5 len=7 (1 cp: U+03C5)
    0x59, 0x00, 0x4C, 0x83, 0x92, 0x00, 0x7C, 0x81, 0x10, // off=0x101E start=5 len=10 (1 cp: U+03C6)
    0x59, 0x80, 0x42, 0x80, 0x24, 0x80, 0x18, 0x80, 0x24, 0x80, 0x42, // off=0x1027 start=5 len=10 (1 cp: U+03C7)
    0x59, 0x84, 0x92, 0x00, 0x7C, 0x81, 0x10, // off=0x1032 start=5 len=10 (1 cp: U+03C8)
    0x56, 0x01, 0x44, 0x82, 0x82, 0x92, 0x00, 0x6C, // off=0x1039 start=5 len=7 (1 cp: U+03C9)
    0x29, 0x03, 0x48, 0x48, 0x00, 0x30, 0x83, 0x10, 0x00, 0x0C, // off=0x1041 start=2 len=10 (1 cp: U+03CA)
    0x29, 0x02, 0x24, 0x24, 0x00, 0x84, 0x42, 0x00, 0x3C, // off=0x104B start=2 len=10 (1 cp: U+03CB)
    0x29, 0x02, 0x08, 0x10, 0x00, 0x84, 0x42, 0x00, 0x3C, // off=0x1054 start=2 len=10 (1 cp: U+03CD)
    0x29, 0x04, 0x08, 0x10, 0x00, 0x44, 0x82, 0x82, 0x92, 0x00, 0x6C, // off=0x105D start=2 len=10 (1 cp: U+03CE)
    0x29, 0x09, 0x38, 0x44, 0x44, 0x44, 0x3E, 0x04, 0xC4, 0x44, 0x44, 0x38, // off=0x1068 start=2 len=10 (1 cp: U+03D1)
    0x48, 0x01, 0x10, 0x7C, 0x83, 0x92, 0x01, 0x7C, 0x10, // off=0x1074 start=4 len=9 (2 cps: U+03D5, U+0444)
    0x56, 0x06, 0xC2, 0x24, 0x18, 0x10, 0x30, 0x48, 0x86, // off=0x107D start=5 len=7 (1 cp: U+03F0)
    0x59, 0x00, 0x3C, 0x83, 0x42, 0x03, 0x7C, 0x40, 0x40, 0x3C, // off=0x1086 start=5 len=10 (1 cp: U+03F1)
    0x29, 0x04, 0x3C, 0x42, 0x42, 0x42, 0x7E, 0x82, 0x42, 0x00, 0x3C, // off=0x1090 start=2 len=10 (2 cps: U+03F4, U+04E8)
    0x56, 0x06, 0x1E, 0x20, 0x40, 0x7C, 0x40, 0x20, 0x1E, // off=0x109B start=5 len=7 (1 cp: U+03F5)
    0x56, 0x06, 0x78, 0x04, 0x02, 0x3E, 0x02, 0x04, 0x78, // off=0x10A4 start=5 len=7 (1 cp: U+03F6)
    0x29, 0x03, 0xF8, 0x20, 0x20, 0x3C, 0x83, 0x22, 0x00, 0x24, // off=0x10AD start=2 len=10 (1 cp: U+0402)
    0x0B, 0x03, 0x08, 0x10, 0x00, 0x7E, 0x86, 0x40, // off=0x10B7 start=0 len=12 (1 cp: U+0403)
    0x29, 0x09, 0x3C, 0x42, 0x40, 0x40, 0x78, 0x40, 0x40, 0x40, 0x42, 0x3C, // off=0x10BF start=2 len=10 (1 cp: U+0404)
    0x29, 0x03, 0x30, 0x50, 0x90, 0x9C, 0x83, 0x92, 0x00, 0x9C, // off=0x10CB start=2 len=10 (1 cp: U+0409)
    0x29, 0x81, 0x90, 0x01, 0x9C, 0xF2, 0x82, 0x92, 0x00, 0x9C, // off=0x10D5 start=2 len=10 (1 cp: U+040A)
    0x29, 0x03, 0xF8, 0x20, 0x20, 0x3C, 0x84, 0x22, // off=0x10DF start=2 len=10 (1 cp: U+040B)
    0x0B, 0x0B, 0x08, 0x10, 0x42, 0x44, 0x48, 0x50, 0x60, 0x60, 0x50, 0x48, 0x44, 0x42, // off=0x10E7 start=0 len=12 (1 cp: U+040C)
    0x0B, 0x08, 0x10, 0x08, 0x42, 0x42, 0x42, 0x46, 0x4A, 0x52, 0x62, 0x81, 0x42, // off=0x10F5 start=0 len=12 (1 cp: U+040D)
    0x0B, 0x01, 0x24, 0x18, 0x83, 0x42, 0x04, 0x3E, 0x02, 0x02, 0x02, 0x3C, // off=0x1102 start=0 len=12 (1 cp: U+040E)
    0x2B, 0x87, 0x42, 0x02, 0x7E, 0x18, 0x18, // off=0x110E start=2 len=12 (1 cp: U+040F)
    0x29, 0x03, 0x7C, 0x40, 0x40, 0x7C, 0x83, 0x42, 0x00, 0x7C, // off=0x1115 start=2 len=10 (1 cp: U+0411)
    0x2A, 0x00, 0x3C, 0x86, 0x44, 0x01, 0xFE, 0x82, // off=0x111F start=2 len=11 (1 cp: U+0414)
    0x29, 0x81, 0x92, 0x02, 0x54, 0x38, 0x54, 0x82, 0x92, // off=0x1127 start=2 len=10 (1 cp: U+0416)
    0x29, 0x81, 0x42, 0x03, 0x46, 0x4A, 0x52, 0x62, 0x81, 0x42, // off=0x1130 start=2 len=10 (1 cp: U+0418)
    0x0B, 0x08, 0x24, 0x18, 0x42, 0x42, 0x42, 0x46, 0x4A, 0x52, 0x62, 0x81, 0x42, // off=0x113A start=0 len=12 (1 cp: U+0419)
    0x29, 0x01, 0x0E, 0x12, 0x85, 0x22, 0x00, 0x42, // off=0x1147 start=2 len=10 (1 cp: U+041B)
    0x29, 0x83, 0x42, 0x04, 0x3E, 0x02, 0x02, 0x02, 0x3C, // off=0x114F start=2 len=10 (1 cp: U+0423)
    0x1B, 0x01, 0x10, 0x7C, 0x86, 0x92, 0x01, 0x7C, 0x10, // off=0x1158 start=1 len=12 (1 cp: U+0424)
    0x2B, 0x87, 0x42, 0x02, 0x3F, 0x01, 0x01, // off=0x1161 start=2 len=12 (1 cp: U+0426)
    0x29, 0x83, 0x42, 0x00, 0x3E, 0x82, 0x02, // off=0x1168 start=2 len=10 (1 cp: U+0427)
    0x29, 0x87, 0x92, 0x00, 0x7E, // off=0x116F start=2 len=10 (1 cp: U+0428)
    0x2B, 0x87, 0x92, 0x02, 0x7F, 0x01, 0x01, // off=0x1174 start=2 len=12 (1 cp: U+0429)
    0x29, 0x03, 0xC0, 0x40, 0x40, 0x7C, 0x83, 0x42, 0x00, 0x7C, // off=0x117B start=2 len=10 (1 cp: U+042A)
    0x29, 0x81, 0x82, 0x00, 0xF2, 0x83, 0x8A, 0x00, 0xF2, // off=0x1185 start=2 len=10 (1 cp: U+042B)
    0x29, 0x09, 0x3C, 0x42, 0x02, 0x02, 0x1E, 0x02, 0x02, 0x02, 0x42, 0x3C, // off=0x118E start=2 len=10 (1 cp: U+042D)
    0x29, 0x00, 0x8C, 0x82, 0x92, 0x04, 0xF2, 0x92, 0x92, 0x92, 0x8C, // off=0x119A start=2 len=10 (1 cp: U+042E)
    0x29, 0x00, 0x3E, 0x82, 0x42, 0x04, 0x3E, 0x0A, 0x12, 0x22, 0x42, // off=0x11A5 start=2 len=10 (1 cp: U+042F)
    0x29, 0x03, 0x3C, 0x40, 0x40, 0x7C, 0x83, 0x42, 0x00, 0x7C, // off=0x11B0 start=2 len=10 (1 cp: U+0431)
    0x29, 0x04, 0x38, 0x44, 0x44, 0x48, 0x7C, 0x82, 0x42, 0x00, 0x7C, // off=0x11BA start=2 len=10 (1 cp: U+0432)
    0x56, 0x00, 0x7E, 0x84, 0x40, // off=0x11C5 start=5 len=7 (1 cp: U+0433)
    0x56, 0x06, 0x92, 0x92, 0x54, 0x38, 0x54, 0x92, 0x92, // off=0x11CA start=5 len=7 (1 cp: U+0436)
    0x56, 0x06, 0x3C, 0x42, 0x02, 0x1C, 0x02, 0x42, 0x3C, // off=0x11D3 start=5 len=7 (1 cp: U+0437)
    0x56, 0x00, 0x1E, 0x83, 0x22, 0x00, 0x42, // off=0x11DC start=5 len=7 (1 cp: U+043B)
    0x56, 0x03, 0x82, 0xC6, 0xAA, 0x92, 0x81, 0x82, // off=0x11E3 start=5 len=7 (1 cp: U+043C)
    0x56, 0x81, 0x42, 0x00, 0x7E, 0x81, 0x42, // off=0x11EB start=5 len=7 (1 cp: U+043D)
    0x56, 0x00, 0xFE, 0x84, 0x10, // off=0x11F2 start=5 len=7 (1 cp: U+0442)
    0x58, 0x84, 0x42, 0x02, 0x3F, 0x01, 0x01, // off=0x11F7 start=5 len=9 (1 cp: U+0446)
    0x56, 0x81, 0x42, 0x00, 0x3E, 0x81, 0x02, // off=0x11FE start=5 len=7 (1 cp: U+0447)
    0x56, 0x84, 0x92, 0x00, 0x7E, // off=0x1205 start=5 len=7 (1 cp: U+0448)
    0x58, 0x84, 0x92, 0x02, 0x7F, 0x01, 0x01, // off=0x120A start=5 len=9 (1 cp: U+0449)
    0x56, 0x06, 0x60, 0x20, 0x3C, 0x22, 0x22, 0x22, 0x3C, // off=0x1211 start=5 len=7 (1 cp: U+044A)
    0x56, 0x06, 0x82, 0x82, 0xF2, 0x8A, 0x8A, 0x8A, 0xF2, // off=0x121A start=5 len=7 (1 cp: U+044B)
    0x56, 0x06, 0x40, 0x40, 0x78, 0x44, 0x44, 0x44, 0x78, // off=0x1223 start=5 len=7 (1 cp: U+044C)
    0x56, 0x06, 0x3C, 0x42, 0x02, 0x1E, 0x02, 0x42, 0x3C, // off=0x122C start=5 len=7 (1 cp: U+044D)
    0x56, 0x06, 0x8C, 0x92, 0x92, 0xF2, 0x92, 0x92, 0x8C, // off=0x1235 start=5 len=7 (1 cp: U+044E)
    0x56, 0x06, 0x3E, 0x42, 0x42, 0x3E, 0x12, 0x22, 0x42, // off=0x123E start=5 len=7 (1 cp: U+044F)
    0x2C, 0x03, 0x40, 0xF0, 0x40, 0x7C, 0x84, 0x42, 0x02, 0x02, 0x02, 0x0C, // off=0x1247 start=2 len=13 (1 cp: U+0452)
    0x29, 0x03, 0x08, 0x10, 0x00, 0x7E, 0x84, 0x40, // off=0x1253 start=2 len=10 (1 cp: U+0453)
    0x56, 0x06, 0x3C, 0x42, 0x40, 0x78, 0x40, 0x42, 0x3C, // off=0x125B start=5 len=7 (1 cp: U+0454)
    0x56, 0x06, 0x70, 0x90, 0x9C, 0x92, 0x92, 0x92, 0x9C, // off=0x1264 start=5 len=7 (1 cp: U+0459)
    0x56, 0x06, 0x90, 0x90, 0x9C, 0xF2, 0x92, 0x92, 0x9C, // off=0x126D start=5 len=7 (1 cp: U+045A)
    0x29, 0x09, 0x08, 0x10, 0x00, 0x42, 0x44, 0x48, 0x70, 0x48, 0x44, 0x42, // off=0x1276 start=2 len=10 (1 cp: U+045C)
    0x2C, 0x02, 0x24, 0x18, 0x00, 0x84, 0x42, 0x03, 0x3E, 0x02, 0x02, 0x3C, // off=0x1282 start=2 len=13 (1 cp: U+045E)
    0x58, 0x84, 0x42, 0x02, 0x7E, 0x18, 0x18, // off=0x128E start=5 len=9 (1 cp: U+045F)
    0x29, 0x03, 0x40, 0xF0, 0x40, 0x7C, 0x83, 0x42, 0x00, 0x7C, // off=0x1295 start=2 len=10 (1 cp: U+0462)
    0x29, 0x09, 0x20, 0x20, 0x78, 0x20, 0x20, 0x3C, 0x22, 0x22, 0x22, 0x3C, // off=0x129F start=2 len=10 (1 cp: U+0463)
    0x29, 0x05, 0xFE, 0x82, 0x44, 0x28, 0x38, 0x54, 0x82, 0x92, // off=0x12AB start=2 len=10 (1 cp: U+046A)
    0x56, 0x06, 0xFE, 0x44, 0x28, 0x38, 0x54, 0x92, 0x92, // off=0x12B5 start=5 len=7 (1 cp: U+046B)
    0x0B, 0x02, 0x02, 0x02, 0x7E, 0x87, 0x40, // off=0x12BE start=0 len=12 (1 cp: U+0490)
    0x38, 0x02, 0x02, 0x02, 0x7E, 0x84, 0x40, // off=0x12C5 start=3 len=9 (1 cp: U+0491)
    0x29, 0x04, 0x7E, 0x40, 0x40, 0x40, 0xF8, 0x83, 0x40, // off=0x12CC start=2 len=10 (1 cp: U+0492)
    0x56, 0x03, 0x7E, 0x40, 0x40, 0xF8, 0x81, 0x40, // off=0x12D5 start=5 len=7 (1 cp: U+0493)
    0x2B, 0x00, 0x7E, 0x82, 0x40, 0x00, 0x7C, 0x82, 0x42, 0x01, 0x02, 0x04, // off=0x12DD start=2 len=12 (1 cp: U+0494)
    0x58, 0x08, 0x7E, 0x40, 0x40, 0x78, 0x44, 0x44, 0x44, 0x04, 0x08, // off=0x12E9 start=5 len=9 (1 cp: U+0495)
    0x2B, 0x81, 0x92, 0x08, 0x54, 0x38, 0x54, 0x92, 0x92, 0x92, 0x93, 0x01, 0x01, // off=0x12F4 start=2 len=12 (1 cp: U+0496)
    0x58, 0x08, 0x92, 0x92, 0x54, 0x38, 0x54, 0x92, 0x93, 0x01, 0x01, // off=0x1301 start=5 len=9 (1 cp: U+0497)
    0x2C, 0x09, 0x3C, 0x42, 0x42, 0x02, 0x1C, 0x02, 0x02, 0x42, 0x42, 0x3C, 0x81, 0x10, // off=0x130C start=2 len=13 (1 cp: U+0498)
    0x59, 0x06, 0x3C, 0x42, 0x02, 0x1C, 0x02, 0x42, 0x3C, 0x81, 0x10, // off=0x131A start=5 len=10 (1 cp: U+0499)
    0x2B, 0x0B, 0x42, 0x44, 0x48, 0x50, 0x60, 0x60, 0x50, 0x48, 0x44, 0x43, 0x01, 0x01, // off=0x1325 start=2 len=12 (1 cp: U+049A)
    0x58, 0x08, 0x42, 0x44, 0x48, 0x70, 0x48, 0x44, 0x43, 0x01, 0x01, // off=0x1333 start=5 len=9 (1 cp: U+049B)
    0x29, 0x09, 0x42, 0x42, 0x54, 0x58, 0x70, 0x70, 0x58, 0x54, 0x42, 0x42, // off=0x133E start=2 len=10 (1 cp: U+049C)
    0x56, 0x06, 0x42, 0x54, 0x58, 0x70, 0x58, 0x54, 0x42, // off=0x134A start=5 len=7 (1 cp: U+049D)
    0x29, 0x09, 0xC2, 0x44, 0x48, 0x50, 0x60, 0x60, 0x50, 0x48, 0x44, 0x42, // off=0x1353 start=2 len=10 (1 cp: U+04A0)
    0x56, 0x06, 0xC2, 0x44, 0x48, 0x70, 0x48, 0x44, 0x42, // off=0x135F start=5 len=7 (1 cp: U+04A1)
    0x2B, 0x82, 0x42, 0x00, 0x7E, 0x82, 0x42, 0x02, 0x43, 0x01, 0x01, // off=0x1368 start=2 len=12 (1 cp: U+04A2)
    0x58, 0x81, 0x42, 0x05, 0x7E, 0x42, 0x42, 0x43, 0x01, 0x01, // off=0x1373 start=5 len=9 (1 cp: U+04A3)
    0x29, 0x04, 0x47, 0x44, 0x44, 0x44, 0x7C, 0x83, 0x44, // off=0x137D start=2 len=10 (1 cp: U+04A4)
    0x56, 0x03, 0x47, 0x44, 0x44, 0x7C, 0x81, 0x44, // off=0x1386 start=5 len=7 (1 cp: U+04A5)
    0x2C, 0x02, 0x3C, 0x42, 0x42, 0x82, 0x40, 0x02, 0x42, 0x42, 0x3C, 0x81, 0x10, // off=0x138E start=2 len=13 (1 cp: U+04AA)
    0x59, 0x06, 0x3C, 0x42, 0x40, 0x40, 0x40, 0x42, 0x3C, 0x81, 0x10, // off=0x139B start=5 len=10 (1 cp: U+04AB)
    0x29, 0x06, 0x82, 0x82, 0x44, 0x44, 0x28, 0x10, 0x7C, 0x81, 0x10, // off=0x13A6 start=2 len=10 (1 cp: U+04B0)
    0x59, 0x09, 0x82, 0x82, 0x44, 0x44, 0x28, 0x28, 0x10, 0x7C, 0x10, 0x10, // off=0x13B1 start=5 len=10 (1 cp: U+04B1)
    0x2B, 0x0B, 0x42, 0x42, 0x24, 0x24, 0x18, 0x18, 0x24, 0x24, 0x42, 0x43, 0x01, 0x01, // off=0x13BD start=2 len=12 (1 cp: U+04B2)
    0x58, 0x08, 0x42, 0x42, 0x24, 0x18, 0x24, 0x42, 0x43, 0x01, 0x01, // off=0x13CB start=5 len=9 (1 cp: U+04B3)
    0x2B, 0x83, 0x42, 0x06, 0x3E, 0x02, 0x02, 0x02, 0x03, 0x01, 0x01, // off=0x13D6 start=2 len=12 (1 cp: U+04B6)
    0x58, 0x81, 0x42, 0x05, 0x3E, 0x02, 0x02, 0x03, 0x01, 0x01, // off=0x13E1 start=5 len=9 (1 cp: U+04B7)
    0x29, 0x81, 0x42, 0x06, 0x4A, 0x4A, 0x3E, 0x0A, 0x0A, 0x02, 0x02, // off=0x13EB start=2 len=10 (1 cp: U+04B8)
    0x56, 0x06, 0x42, 0x4A, 0x4A, 0x3E, 0x0A, 0x02, 0x02, // off=0x13F6 start=5 len=7 (1 cp: U+04B9)
    0x29, 0x82, 0x40, 0x00, 0x7C, 0x83, 0x42, // off=0x13FF start=2 len=10 (1 cp: U+04BA)
    0x56, 0x02, 0x40, 0x40, 0x7C, 0x82, 0x42, // off=0x1406 start=5 len=7 (1 cp: U+04BB)
    0x0B, 0x08, 0x24, 0x18, 0x00, 0x92, 0x92, 0x92, 0x54, 0x38, 0x54, 0x81, 0x92, // off=0x140D start=0 len=12 (1 cp: U+04C1)
    0x29, 0x09, 0x24, 0x18, 0x00, 0x92, 0x92, 0x54, 0x38, 0x54, 0x92, 0x92, // off=0x141A start=2 len=10 (1 cp: U+04C2)
    0x0B, 0x0B, 0x24, 0x24, 0x00, 0x3C, 0x42, 0x02, 0x02, 0x7E, 0x42, 0x42, 0x42, 0x3C, // off=0x1426 start=0 len=12 (1 cp: U+04DA)
    0x29, 0x09, 0x24, 0x24, 0x00, 0x3C, 0x02, 0x02, 0x7E, 0x42, 0x42, 0x3C, // off=0x1434 start=2 len=10 (1 cp: U+04DB)
    0x0B, 0x08, 0x44, 0x44, 0x00, 0x92, 0x92, 0x92, 0x54, 0x38, 0x54, 0x81, 0x92, // off=0x1440 start=0 len=12 (1 cp: U+04DC)
    0x29, 0x09, 0x44, 0x44, 0x00, 0x92, 0x92, 0x54, 0x38, 0x54, 0x92, 0x92, // off=0x144D start=2 len=10 (1 cp: U+04DD)
    0x0B, 0x0B, 0x24, 0x24, 0x00, 0x3C, 0x42, 0x42, 0x02, 0x1C, 0x02, 0x42, 0x42, 0x3C, // off=0x1459 start=0 len=12 (1 cp: U+04DE)
    0x29, 0x09, 0x24, 0x24, 0x00, 0x3C, 0x42, 0x02, 0x1C, 0x02, 0x42, 0x3C, // off=0x1467 start=2 len=10 (1 cp: U+04DF)
    0x0B, 0x08, 0x3C, 0x00, 0x42, 0x42, 0x42, 0x46, 0x4A, 0x52, 0x62, 0x81, 0x42, // off=0x1473 start=0 len=12 (1 cp: U+04E2)
    0x0B, 0x0B, 0x24, 0x24, 0x00, 0x42, 0x42, 0x42, 0x46, 0x4A, 0x52, 0x62, 0x42, 0x42, // off=0x1480 start=0 len=12 (1 cp: U+04E4)
    0x56, 0x06, 0x3C, 0x42, 0x42, 0x7E, 0x42, 0x42, 0x3C, // off=0x148E start=5 len=7 (1 cp: U+04E9)
    0x0B, 0x0B, 0x24, 0x24, 0x00, 0x3C, 0x42, 0x42, 0x42, 0x7E, 0x42, 0x42, 0x42, 0x3C, // off=0x1497 start=0 len=12 (1 cp: U+04EA)
    0x29, 0x09, 0x24, 0x24, 0x00, 0x3C, 0x42, 0x42, 0x7E, 0x42, 0x42, 0x3C, // off=0x14A5 start=2 len=10 (1 cp: U+04EB)
    0x0B, 0x0B, 0x24, 0x24, 0x00, 0x3C, 0x42, 0x02, 0x02, 0x1E, 0x02, 0x02, 0x42, 0x3C, // off=0x14B1 start=0 len=12 (1 cp: U+04EC)
    0x29, 0x09, 0x24, 0x24, 0x00, 0x3C, 0x42, 0x02, 0x1E, 0x02, 0x42, 0x3C, // off=0x14BF start=2 len=10 (1 cp: U+04ED)
    0x0B, 0x01, 0x3C, 0x00, 0x83, 0x42, 0x04, 0x3E, 0x02, 0x02, 0x02, 0x3C, // off=0x14CB start=0 len=12 (1 cp: U+04EE)
    0x0B, 0x02, 0x24, 0x24, 0x00, 0x82, 0x42, 0x04, 0x3E, 0x02, 0x02, 0x02, 0x3C, // off=0x14D7 start=0 len=12 (1 cp: U+04F0)
    0x0B, 0x02, 0x12, 0x24, 0x00, 0x82, 0x42, 0x04, 0x3E, 0x02, 0x02, 0x02, 0x3C, // off=0x14E4 start=0 len=12 (1 cp: U+04F2)
    0x2C, 0x02, 0x12, 0x24, 0x00, 0x84, 0x42, 0x03, 0x3E, 0x02, 0x02, 0x3C, // off=0x14F1 start=2 len=13 (1 cp: U+04F3)
    0x0B, 0x02, 0x24, 0x24, 0x00, 0x82, 0x42, 0x00, 0x3E, 0x82, 0x02, // off=0x14FD start=0 len=12 (1 cp: U+04F4)
    0x29, 0x06, 0x24, 0x24, 0x00, 0x42, 0x42, 0x42, 0x3E, 0x81, 0x02, // off=0x1508 start=2 len=10 (1 cp: U+04F5)
    0x0B, 0x06, 0x48, 0x48, 0x00, 0x82, 0x82, 0x82, 0xF2, 0x82, 0x8A, 0x00, 0xF2, // off=0x1513 start=0 len=12 (1 cp: U+04F8)
    0x29, 0x09, 0x48, 0x48, 0x00, 0x82, 0x82, 0xF2, 0x8A, 0x8A, 0x8A, 0xF2, // off=0x1520 start=2 len=10 (1 cp: U+04F9)
    0x29, 0x09, 0x42, 0x42, 0x22, 0x22, 0x14, 0x28, 0x44, 0x44, 0x42, 0x42, // off=0x152C start=2 len=10 (1 cp: U+05D0)
    0x29, 0x00, 0x7C, 0x86, 0x02, 0x00, 0x7F, // off=0x1538 start=2 len=10 (1 cp: U+05D1)
    0x29, 0x00, 0x70, 0x83, 0x08, 0x03, 0x14, 0x24, 0x42, 0x82, // off=0x153F start=2 len=10 (1 cp: U+05D2)
    0x29, 0x00, 0x7F, 0x87, 0x02, // off=0x1549 start=2 len=10 (1 cp: U+05D3)
    0x29, 0x02, 0x7C, 0x02, 0x02, 0x85, 0x42, // off=0x154E start=2 len=10 (1 cp: U+05D4)
    0x29, 0x00, 0x30, 0x87, 0x08, // off=0x1555 start=2 len=10 (1 cp: U+05D5)
    0x29, 0x01, 0x7C, 0x08, 0x86, 0x10, // off=0x155A start=2 len=10 (1 cp: U+05D6)
    0x29, 0x00, 0x7C, 0x87, 0x42, // off=0x1560 start=2 len=10 (1 cp: U+05D7)
    0x29, 0x00, 0x4C, 0x86, 0x42, 0x00, 0x3C, // off=0x1565 start=2 len=10 (1 cp: U+05D8)
    0x24, 0x00, 0x30, 0x82, 0x08, // off=0x156C start=2 len=5 (1 cp: U+05D9)
    0x2C, 0x00, 0x7C, 0x8A, 0x02, // off=0x1571 start=2 len=13 (1 cp: U+05DA)
    0x29, 0x00, 0x7C, 0x86, 0x02, 0x00, 0x7C, // off=0x1576 start=2 len=10 (1 cp: U+05DB)
    0x0B, 0x02, 0x40, 0x40, 0x7E, 0x82, 0x02, 0x01, 0x04, 0x08, 0x81, 0x10, // off=0x157D start=0 len=12 (1 cp: U+05DC)
    0x29, 0x00, 0x7C, 0x86, 0x42, 0x00, 0x7E, // off=0x1589 start=2 len=10 (1 cp: U+05DD)
    0x29, 0x01, 0xDC, 0x62, 0x85, 0x42, 0x00, 0x4E, // off=0x1590 start=2 len=10 (1 cp: U+05DE)
    0x29, 0x00, 0x70, 0x87, 0x08, // off=0x1598 start=2 len=10 (1 cp: U+05DF)
    0x29, 0x00, 0x38, 0x86, 0x04, 0x00, 0x3C, // off=0x159D start=2 len=10 (1 cp: U+05E0)
    0x29, 0x00, 0xFC, 0x86, 0x42, 0x00, 0x3C, // off=0x15A4 start=2 len=10 (1 cp: U+05E1)
    0x29, 0x81, 0x42, 0x81, 0x22, 0x03, 0x14, 0x14, 0x18, 0x60, // off=0x15AB start=2 len=10 (1 cp: U+05E2)
    0x2C, 0x04, 0x3C, 0x42, 0x42, 0x42, 0x32, 0x86, 0x02, // off=0x15B5 start=2 len=13 (1 cp: U+05E3)
    0x29, 0x04, 0x3C, 0x42, 0x42, 0x42, 0x32, 0x82, 0x02, 0x00, 0x7C, // off=0x15BE start=2 len=10 (1 cp: U+05E4)
    0x2C, 0x04, 0x42, 0x42, 0x22, 0x24, 0x18, 0x86, 0x10, // off=0x15C9 start=2 len=13 (1 cp: U+05E5)
    0x29, 0x09, 0x42, 0x42, 0x22, 0x24, 0x18, 0x10, 0x08, 0x08, 0x04, 0x7C, // off=0x15D2 start=2 len=10 (1 cp: U+05E6)
    0x2C, 0x05, 0x7E, 0x02, 0x02, 0x42, 0x42, 0x44, 0x82, 0x48, 0x81, 0x40, // off=0x15DE start=2 len=13 (1 cp: U+05E7)
    0x29, 0x00, 0x7C, 0x87, 0x02, // off=0x15EA start=2 len=10 (1 cp: U+05E8)
    0x29, 0x83, 0x92, 0x04, 0xA2, 0xC2, 0x82, 0x84, 0xF8, // off=0x15EF start=2 len=10 (1 cp: U+05E9)
    0x29, 0x00, 0xFC, 0x86, 0x42, 0x00, 0x82, // off=0x15F8 start=2 len=10 (1 cp: U+05EA)
    0x2C, 0x01, 0x78, 0x44, 0x84, 0x42, 0x04, 0x44, 0x78, 0x00, 0x10, 0x10, // off=0x15FF start=2 len=13 (1 cp: U+1E0C)
    0x2C, 0x81, 0x02, 0x00, 0x3E, 0x83, 0x42, 0x03, 0x3E, 0x00, 0x08, 0x08, // off=0x160B start=2 len=13 (1 cp: U+1E0D)
    0x2B, 0x0B, 0x42, 0x44, 0x48, 0x50, 0x60, 0x60, 0x50, 0x48, 0x44, 0x42, 0x00, 0x3C, // off=0x1617 start=2 len=12 (1 cp: U+1E34)
    0x2B, 0x81, 0x40, 0x08, 0x42, 0x44, 0x48, 0x70, 0x48, 0x44, 0x42, 0x00, 0x3C, // off=0x1625 start=2 len=12 (1 cp: U+1E35)
    0x2C, 0x87, 0x40, 0x03, 0x7E, 0x00, 0x10, 0x10, // off=0x1632 start=2 len=13 (1 cp: U+1E36)
    0x2C, 0x00, 0x30, 0x86, 0x10, 0x03, 0x38, 0x00, 0x10, 0x10, // off=0x163A start=2 len=13 (1 cp: U+1E37)
    0x0B, 0x06, 0x10, 0x10, 0x82, 0xC6, 0xAA, 0x92, 0x92, 0x83, 0x82, // off=0x1644 start=0 len=12 (1 cp: U+1E40)
    0x29, 0x03, 0x10, 0x10, 0x00, 0xFC, 0x84, 0x92, // off=0x164F start=2 len=10 (1 cp: U+1E41)
    0x2C, 0x04, 0x82, 0xC6, 0xAA, 0x92, 0x92, 0x83, 0x82, 0x02, 0x00, 0x10, 0x10, // off=0x1657 start=2 len=13 (1 cp: U+1E42)
    0x59, 0x00, 0xFC, 0x84, 0x92, 0x02, 0x00, 0x10, 0x10, // off=0x1664 start=5 len=10 (1 cp: U+1E43)
    0x0B, 0x80, 0x10, 0x81, 0x42, 0x03, 0x62, 0x52, 0x4A, 0x46, 0x81, 0x42, // off=0x166D start=0 len=12 (1 cp: U+1E44)
    0x29, 0x03, 0x10, 0x10, 0x00, 0x7C, 0x84, 0x42, // off=0x1679 start=2 len=10 (1 cp: U+1E45)
    0x2C, 0x81, 0x42, 0x09, 0x62, 0x52, 0x4A, 0x46, 0x42, 0x42, 0x42, 0x00, 0x10, 0x10, // off=0x1681 start=2 len=13 (1 cp: U+1E46)
    0x59, 0x00, 0x7C, 0x84, 0x42, 0x02, 0x00, 0x10, 0x10, // off=0x168F start=5 len=10 (1 cp: U+1E47)
    0x2C, 0x00, 0xFE, 0x87, 0x10, 0x02, 0x00, 0x10, 0x10, // off=0x1698 start=2 len=13 (1 cp: U+1E6C)
    0x2C, 0x81, 0x10, 0x00, 0x7C, 0x83, 0x10, 0x03, 0x0E, 0x00, 0x04, 0x04, // off=0x16A1 start=2 len=13 (1 cp: U+1E6D)
    0x2C, 0x04, 0x7E, 0x40, 0x40, 0x40, 0x78, 0x82, 0x40, 0x03, 0x7E, 0x00, 0x10, 0x10, // off=0x16AD start=2 len=13 (1 cp: U+1EB8)
    0x59, 0x09, 0x3C, 0x42, 0x42, 0x7E, 0x40, 0x40, 0x3C, 0x00, 0x10, 0x10, // off=0x16BB start=5 len=10 (1 cp: U+1EB9)
    0x0B, 0x0B, 0x32, 0x4C, 0x00, 0x7E, 0x40, 0x40, 0x40, 0x78, 0x40, 0x40, 0x40, 0x7E, // off=0x16C7 start=0 len=12 (1 cp: U+1EBC)
    0x29, 0x09, 0x32, 0x4C, 0x00, 0x3C, 0x42, 0x42, 0x7E, 0x40, 0x40, 0x3C, // off=0x16D5 start=2 len=10 (1 cp: U+1EBD)
    0x2C, 0x00, 0x38, 0x86, 0x10, 0x03, 0x38, 0x00, 0x10, 0x10, // off=0x16E1 start=2 len=13 (1 cp: U+1ECA)
    0x2C, 0x03, 0x10, 0x10, 0x00, 0x30, 0x83, 0x10, 0x03, 0x38, 0x00, 0x10, 0x10, // off=0x16EB start=2 len=13 (1 cp: U+1ECB)
    0x2C, 0x00, 0x3C, 0x86, 0x42, 0x03, 0x3C, 0x00, 0x10, 0x10, // off=0x16F8 start=2 len=13 (1 cp: U+1ECC)
    0x59, 0x00, 0x3C, 0x83, 0x42, 0x03, 0x3C, 0x00, 0x10, 0x10, // off=0x1702 start=5 len=10 (1 cp: U+1ECD)
    0x2C, 0x87, 0x42, 0x03, 0x3C, 0x00, 0x10, 0x10, // off=0x170C start=2 len=13 (1 cp: U+1EE4)
    0x59, 0x84, 0x42, 0x03, 0x3E, 0x00, 0x08, 0x08, // off=0x1714 start=5 len=10 (1 cp: U+1EE5)
    0x0B, 0x07, 0x64, 0x98, 0x00, 0x82, 0x82, 0x44, 0x44, 0x28, 0x82, 0x10, // off=0x171C start=0 len=12 (1 cp: U+1EF8)
    0x2C, 0x02, 0x32, 0x4C, 0x00, 0x84, 0x42, 0x03, 0x3E, 0x02, 0x02, 0x3C, // off=0x1728 start=2 len=13 (1 cp: U+1EF9)
    0x70, 0x00, 0xFE, // off=0x1734 start=7 len=1 (2 cps: U+2014, U+2015)
    0x29, 0x88, 0x28, // off=0x1737 start=2 len=10 (2 cps: U+2016, U+2225)
    0xD2, 0x02, 0x7E, 0x00, 0x7E, // off=0x173A start=13 len=3 (1 cp: U+2017)
    0x12, 0x02, 0x08, 0x10, 0x10, // off=0x173F start=1 len=3 (1 cp: U+2018)
    0x12, 0x02, 0x08, 0x08, 0x10, // off=0x1744 start=1 len=3 (1 cp: U+2019)
    0xA2, 0x02, 0x08, 0x08, 0x10, // off=0x1749 start=10 len=3 (1 cp: U+201A)
    0x12, 0x02, 0x10, 0x10, 0x08, // off=0x174E start=1 len=3 (1 cp: U+201B)
    0x12, 0x02, 0x12, 0x24, 0x24, // off=0x1753 start=1 len=3 (1 cp: U+201C)
    0x12, 0x02, 0x12, 0x12, 0x24, // off=0x1758 start=1 len=3 (1 cp: U+201D)
    0xA2, 0x02, 0x24, 0x24, 0x48, // off=0x175D start=10 len=3 (1 cp: U+201E)
    0x12, 0x02, 0x48, 0x48, 0x24, // off=0x1762 start=1 len=3 (1 cp: U+201F)
    0x29, 0x02, 0x10, 0x10, 0x7C, 0x85, 0x10, // off=0x1767 start=2 len=10 (1 cp: U+2020)
    0x29, 0x02, 0x10, 0x10, 0x7C, 0x82, 0x10, 0x02, 0x7C, 0x10, 0x10, // off=0x176E start=2 len=10 (1 cp: U+2021)
    0x63, 0x03, 0x18, 0x3C, 0x3C, 0x18, // off=0x1779 start=6 len=4 (2 cps: U+2022, U+25CF)
    0xA1, 0x80, 0x92, // off=0x177F start=10 len=2 (1 cp: U+2026)
    0x29, 0x09, 0x48, 0xA8, 0x50, 0x10, 0x20, 0x20, 0x40, 0x54, 0xAA, 0x94, // off=0x1782 start=2 len=10 (1 cp: U+2030)
    0x13, 0x82, 0x10, // off=0x178E start=1 len=4 (1 cp: U+2032)
    0x13, 0x82, 0x24, // off=0x1791 start=1 len=4 (1 cp: U+2033)
    0x56, 0x06, 0x04, 0x08, 0x10, 0x20, 0x10, 0x08, 0x04, // off=0x1794 start=5 len=7 (1 cp: U+2039)
    0x56, 0x06, 0x20, 0x10, 0x08, 0x04, 0x08, 0x10, 0x20, // off=0x179D start=5 len=7 (1 cp: U+203A)
    0x29, 0x85, 0x24, 0x02, 0x00, 0x24, 0x24, // off=0x17A6 start=2 len=10 (1 cp: U+203C)
    0x15, 0x00, 0x18, 0x82, 0x24, 0x00, 0x18, // off=0x17AD start=1 len=6 (1 cp: U+2070)
    0x06, 0x06, 0x10, 0x00, 0x30, 0x10, 0x10, 0x10, 0x38, // off=0x17B4 start=0 len=7 (1 cp: U+2071)
    0x15, 0x05, 0x04, 0x0C, 0x14, 0x3E, 0x04, 0x04, // off=0x17BD start=1 len=6 (1 cp: U+2074)
    0x15, 0x05, 0x38, 0x20, 0x38, 0x04, 0x04, 0x38, // off=0x17C5 start=1 len=6 (1 cp: U+2075)
    0x15, 0x05, 0x18, 0x20, 0x38, 0x24, 0x24, 0x18, // off=0x17CD start=1 len=6 (1 cp: U+2076)
    0x15, 0x05, 0x3C, 0x04, 0x08, 0x08, 0x10, 0x10, // off=0x17D5 start=1 len=6 (1 cp: U+2077)
    0x15, 0x05, 0x18, 0x24, 0x18, 0x24, 0x24, 0x18, // off=0x17DD start=1 len=6 (1 cp: U+2078)
    0x15, 0x05, 0x18, 0x24, 0x24, 0x1C, 0x04, 0x18, // off=0x17E5 start=1 len=6 (1 cp: U+2079)
    0x24, 0x04, 0x10, 0x10, 0x7C, 0x10, 0x10, // off=0x17ED start=2 len=5 (1 cp: U+207A)
    0x40, 0x00, 0x7C, // off=0x17F4 start=4 len=1 (1 cp: U+207B)
    0x32, 0x02, 0x7C, 0x00, 0x7C, // off=0x17F7 start=3 len=3 (1 cp: U+207C)
    0x15, 0x00, 0x08, 0x82, 0x10, 0x00, 0x08, // off=0x17FC start=1 len=6 (1 cp: U+207D)
    0x15, 0x00, 0x10, 0x82, 0x08, 0x00, 0x10, // off=0x1803 start=1 len=6 (1 cp: U+207E)
    0x24, 0x00, 0x38, 0x82, 0x24, // off=0x180A start=2 len=5 (1 cp: U+207F)
    0x75, 0x00, 0x18, 0x82, 0x24, 0x00, 0x18, // off=0x180F start=7 len=6 (1 cp: U+2080)
    0x75, 0x05, 0x10, 0x30, 0x10, 0x10, 0x10, 0x38, // off=0x1816 start=7 len=6 (1 cp: U+2081)
    0x75, 0x05, 0x18, 0x24, 0x04, 0x08, 0x10, 0x3C, // off=0x181E start=7 len=6 (1 cp: U+2082)
    0x75, 0x05, 0x38, 0x04, 0x18, 0x04, 0x04, 0x38, // off=0x1826 start=7 len=6 (1 cp: U+2083)
    0x75, 0x05, 0x04, 0x0C, 0x14, 0x3E, 0x04, 0x04, // off=0x182E start=7 len=6 (1 cp: U+2084)
    0x75, 0x05, 0x38, 0x20, 0x38, 0x04, 0x04, 0x38, // off=0x1836 start=7 len=6 (1 cp: U+2085)
    0x75, 0x05, 0x18, 0x20, 0x38, 0x24, 0x24, 0x18, // off=0x183E start=7 len=6 (1 cp: U+2086)
    0x75, 0x05, 0x3C, 0x04, 0x08, 0x08, 0x10, 0x10, // off=0x1846 start=7 len=6 (1 cp: U+2087)
    0x75, 0x05, 0x18, 0x24, 0x18, 0x24, 0x24, 0x18, // off=0x184E start=7 len=6 (1 cp: U+2088)
    0x75, 0x05, 0x18, 0x24, 0x24, 0x1C, 0x04, 0x18, // off=0x1856 start=7 len=6 (1 cp: U+2089)
    0x84, 0x04, 0x10, 0x10, 0x7C, 0x10, 0x10, // off=0x185E start=8 len=5 (1 cp: U+208A)
    0xA0, 0x00, 0x7C, // off=0x1865 start=10 len=1 (1 cp: U+208B)
    0x92, 0x02, 0x7C, 0x00, 0x7C, // off=0x1868 start=9 len=3 (1 cp: U+208C)
    0x75, 0x00, 0x08, 0x82, 0x10, 0x00, 0x08, // off=0x186D start=7 len=6 (1 cp: U+208D)
    0x75, 0x00, 0x10, 0x82, 0x08, 0x00, 0x10, // off=0x1874 start=7 len=6 (1 cp: U+208E)
    0x84, 0x04, 0x18, 0x04, 0x1C, 0x24, 0x1C, // off=0x187B start=8 len=5 (1 cp: U+2090)
    0x84, 0x04, 0x18, 0x24, 0x3C, 0x20, 0x1C, // off=0x1882 start=8 len=5 (1 cp: U+2091)
    0x84, 0x04, 0x18, 0x24, 0x24, 0x24, 0x18, // off=0x1889 start=8 len=5 (1 cp: U+2092)
    0x84, 0x04, 0x44, 0x28, 0x10, 0x28, 0x44, // off=0x1890 start=8 len=5 (1 cp: U+2093)
    0x84, 0x04, 0x38, 0x04, 0x3C, 0x24, 0x18, // off=0x1897 start=8 len=5 (1 cp: U+2094)
    0x66, 0x02, 0x20, 0x20, 0x38, 0x82, 0x24, // off=0x189E start=6 len=7 (1 cp: U+2095)
    0x66, 0x06, 0x20, 0x20, 0x24, 0x28, 0x30, 0x28, 0x24, // off=0x18A5 start=6 len=7 (1 cp: U+2096)
    0x66, 0x00, 0x30, 0x83, 0x10, 0x00, 0x38, // off=0x18AE start=6 len=7 (1 cp: U+2097)
    0x84, 0x00, 0x78, 0x82, 0x54, // off=0x18B5 start=8 len=5 (1 cp: U+2098)
    0x86, 0x06, 0x38, 0x24, 0x24, 0x24, 0x38, 0x20, 0x20, // off=0x18BA start=8 len=7 (1 cp: U+209A)
    0x29, 0x09, 0xF0, 0x88, 0x88, 0x88, 0xF4, 0x84, 0x8E, 0x84, 0x84, 0x82, // off=0x18C3 start=2 len=10 (1 cp: U+20A7)
    0x29, 0x02, 0xF2, 0x8A, 0x8A, 0x82, 0xAA, 0x02, 0xA2, 0xA2, 0xBC, // off=0x18CF start=2 len=10 (1 cp: U+20AA)
    0x38, 0x08, 0x1C, 0x22, 0x40, 0xF8, 0x40, 0xF8, 0x40, 0x22, 0x1C, // off=0x18DA start=3 len=9 (1 cp: U+20AC)
    0x29, 0x06, 0xFE, 0x10, 0x10, 0x1C, 0x70, 0x1C, 0x70, 0x81, 0x10, // off=0x18E5 start=2 len=10 (1 cp: U+20AE)
    0x29, 0x02, 0x3C, 0x52, 0x52, 0x82, 0x50, 0x02, 0x52, 0x52, 0x3C, // off=0x18F0 start=2 len=10 (1 cp: U+2102)
    0x29, 0x09, 0x42, 0x42, 0x62, 0x52, 0x6A, 0x56, 0x4A, 0x46, 0x42, 0x42, // off=0x18FB start=2 len=10 (1 cp: U+2115)
    0x29, 0x81, 0x96, 0x06, 0xD0, 0xF0, 0xF0, 0xB0, 0x96, 0x90, 0x96, // off=0x1907 start=2 len=10 (1 cp: U+2116)
    0x2A, 0x00, 0x3C, 0x85, 0x52, 0x02, 0x5A, 0x3C, 0x06, // off=0x1912 start=2 len=11 (1 cp: U+211A)
    0x29, 0x00, 0xF8, 0x82, 0xA4, 0x04, 0xB8, 0xA8, 0xB4, 0xAA, 0xE6, // off=0x191B start=2 len=10 (1 cp: U+211D)
    0x23, 0x03, 0xFB, 0x55, 0x55, 0x51, // off=0x1926 start=2 len=4 (1 cp: U+2122)
    0x29, 0x09, 0x7E, 0x02, 0x06, 0x0A, 0x14, 0x28, 0x50, 0x60, 0x40, 0x7E, // off=0x192C start=2 len=10 (1 cp: U+2124)
    0x29, 0x09, 0x44, 0x44, 0x22, 0x22, 0x34, 0x58, 0x88, 0x88, 0x84, 0x44, // off=0x1938 start=2 len=10 (1 cp: U+2135)
    0x54, 0x04, 0x20, 0x40, 0xFE, 0x40, 0x20, // off=0x1944 start=5 len=5 (1 cp: U+2190)
    0x29, 0x02, 0x10, 0x38, 0x54, 0x85, 0x10, // off=0x194B start=2 len=10 (1 cp: U+2191)
    0x54, 0x04, 0x08, 0x04, 0xFE, 0x04, 0x08, // off=0x1952 start=5 len=5 (1 cp: U+2192)
    0x29, 0x85, 0x10, 0x02, 0x54, 0x38, 0x10, // off=0x1959 start=2 len=10 (1 cp: U+2193)
    0x54, 0x04, 0x24, 0x42, 0xFF, 0x42, 0x24, // off=0x1960 start=5 len=5 (1 cp: U+2194)
    0x29, 0x02, 0x10, 0x38, 0x54, 0x82, 0x10, 0x02, 0x54, 0x38, 0x10, // off=0x1967 start=2 len=10 (1 cp: U+2195)
    0x54, 0x04, 0x22, 0x42, 0xFE, 0x42, 0x22, // off=0x1972 start=5 len=5 (1 cp: U+21A4)
    0x54, 0x04, 0x88, 0x84, 0xFE, 0x84, 0x88, // off=0x1979 start=5 len=5 (1 cp: U+21A6)
    0x29, 0x09, 0x10, 0x38, 0x54, 0x10, 0x10, 0x10, 0x54, 0x38, 0x10, 0x7C, // off=0x1980 start=2 len=10 (1 cp: U+21A8)
    0x29, 0x83, 0x02, 0x04, 0x22, 0x42, 0xFE, 0x40, 0x20, // off=0x198C start=2 len=10 (1 cp: U+21B2)
    0x29, 0x83, 0x80, 0x04, 0x88, 0x84, 0xFE, 0x04, 0x08, // off=0x1995 start=2 len=10 (1 cp: U+21B3)
    0x47, 0x81, 0x02, 0x04, 0x22, 0x42, 0xFE, 0x40, 0x20, // off=0x199E start=4 len=8 (1 cp: U+21B5)
    0x37, 0x07, 0xF0, 0x30, 0x50, 0x92, 0x82, 0x82, 0x44, 0x38, // off=0x19A7 start=3 len=8 (1 cp: U+21BB)
    0x46, 0x06, 0x20, 0x40, 0xFE, 0x00, 0xFE, 0x04, 0x08, // off=0x19B1 start=4 len=7 (1 cp: U+21CB)
    0x46, 0x06, 0x08, 0x04, 0xFE, 0x00, 0xFE, 0x40, 0x20, // off=0x19BA start=4 len=7 (1 cp: U+21CC)
    0x54, 0x04, 0x20, 0x7E, 0xC0, 0x7E, 0x20, // off=0x19C3 start=5 len=5 (1 cp: U+21D0)
    0x29, 0x02, 0x10, 0x38, 0x6C, 0x85, 0x28, // off=0x19CA start=2 len=10 (1 cp: U+21D1)
    0x54, 0x04, 0x08, 0xFC, 0x06, 0xFC, 0x08, // off=0x19D1 start=5 len=5 (1 cp: U+21D2)
    0x29, 0x85, 0x28, 0x02, 0x6C, 0x38, 0x10, // off=0x19D8 start=2 len=10 (1 cp: U+21D3)
    0x54, 0x04, 0x24, 0x7E, 0xC3, 0x7E, 0x24, // off=0x19DF start=5 len=5 (1 cp: U+21D4)
    0x29, 0x02, 0x10, 0x38, 0x6C, 0x82, 0x28, 0x02, 0x6C, 0x38, 0x10, // off=0x19E6 start=2 len=10 (1 cp: U+21D5)
    0x29, 0x81, 0x82, 0x06, 0x7C, 0x44, 0x44, 0x28, 0x28, 0x10, 0x10, // off=0x19F1 start=2 len=10 (1 cp: U+2200)
    0x38, 0x08, 0x7E, 0x02, 0x02, 0x02, 0x7E, 0x02, 0x02, 0x02, 0x7E, // off=0x19FC start=3 len=9 (1 cp: U+2203)
    0x2A, 0x0A, 0x04, 0x7E, 0x0A, 0x0A, 0x12, 0x7E, 0x12, 0x22, 0x22, 0x7E, 0x40, // off=0x1A07 start=2 len=11 (1 cp: U+2204)
    0x29, 0x09, 0x02, 0x04, 0x7C, 0x8A, 0x92, 0x92, 0xA2, 0x7C, 0x40, 0x80, // off=0x1A14 start=2 len=10 (2 cps: U+2205, U+2300)
    0x29, 0x02, 0xFE, 0x82, 0x82, 0x81, 0x44, 0x80, 0x28, 0x80, 0x10, // off=0x1A20 start=2 len=10 (1 cp: U+2207)
    0x38, 0x08, 0x1E, 0x20, 0x40, 0x40, 0x7E, 0x40, 0x40, 0x20, 0x1E, // off=0x1A2B start=3 len=9 (1 cp: U+2208)
    0x2A, 0x0A, 0x02, 0x1E, 0x24, 0x44, 0x48, 0x7E, 0x48, 0x50, 0x30, 0x3E, 0x20, // off=0x1A36 start=2 len=11 (1 cp: U+2209)
    0x46, 0x06, 0x1E, 0x20, 0x40, 0x7E, 0x40, 0x20, 0x1E, // off=0x1A43 start=4 len=7 (1 cp: U+220A)
    0x38, 0x08, 0x78, 0x04, 0x02, 0x02, 0x7E, 0x02, 0x02, 0x04, 0x78, // off=0x1A4C start=3 len=9 (1 cp: U+220B)
    0x2A, 0x0A, 0x40, 0x78, 0x24, 0x22, 0x12, 0x7E, 0x12, 0x0A, 0x0C, 0x7C, 0x04, // off=0x1A57 start=2 len=11 (1 cp: U+220C)
    0x46, 0x06, 0x78, 0x04, 0x02, 0x7E, 0x02, 0x04, 0x78, // off=0x1A64 start=4 len=7 (1 cp: U+220D)
    0x56, 0x06, 0x7C, 0x00, 0x10, 0x10, 0x7C, 0x10, 0x10, // off=0x1A6D start=5 len=7 (1 cp: U+2213)
    0x47, 0x07, 0x10, 0x10, 0x00, 0x10, 0x10, 0x7C, 0x10, 0x10, // off=0x1A76 start=4 len=8 (1 cp: U+2214)
    0x46, 0x06, 0x02, 0x04, 0x08, 0x10, 0x20, 0x40, 0x80, // off=0x1A80 start=4 len=7 (1 cp: U+2215)
    0x46, 0x06, 0x80, 0x40, 0x20, 0x10, 0x08, 0x04, 0x02, // off=0x1A89 start=4 len=7 (1 cp: U+2216)
    0x71, 0x80, 0x18, // off=0x1A92 start=7 len=2 (1 cp: U+2219)
    0x1A, 0x00, 0x06, 0x82, 0x04, 0x81, 0x44, 0x02, 0x24, 0x14, 0x0C, // off=0x1A95 start=1 len=11 (1 cp: U+221A)
    0x54, 0x04, 0x7C, 0x92, 0x92, 0x92, 0x7C, // off=0x1AA0 start=5 len=5 (1 cp: U+221E)
    0x45, 0x83, 0x40, 0x00, 0x7E, // off=0x1AA7 start=4 len=6 (1 cp: U+221F)
    0x47, 0x80, 0x10, 0x80, 0x28, 0x80, 0x44, 0x80, 0x82, // off=0x1AAC start=4 len=8 (1 cp: U+2227)
    0x47, 0x80, 0x82, 0x80, 0x44, 0x80, 0x28, 0x80, 0x10, // off=0x1AB5 start=4 len=8 (1 cp: U+2228)
    0x47, 0x00, 0x3C, 0x85, 0x42, // off=0x1ABE start=4 len=8 (1 cp: U+2229)
    0x47, 0x85, 0x42, 0x00, 0x3C, // off=0x1AC3 start=4 len=8 (1 cp: U+222A)
    0x54, 0x04, 0x32, 0x4C, 0x00, 0x32, 0x4C, // off=0x1AC8 start=5 len=5 (1 cp: U+2248)
    0x45, 0x05, 0x02, 0x7E, 0x08, 0x10, 0x7E, 0x40, // off=0x1ACF start=4 len=6 (1 cp: U+2260)
    0x46, 0x06, 0x7E, 0x00, 0x00, 0x7E, 0x00, 0x00, 0x7E, // off=0x1AD7 start=4 len=7 (1 cp: U+2261)
    0x38, 0x08, 0x04, 0x08, 0x10, 0x20, 0x10, 0x08, 0x04, 0x00, 0x3E, // off=0x1AE0 start=3 len=9 (1 cp: U+2264)
    0x38, 0x08, 0x20, 0x10, 0x08, 0x04, 0x08, 0x10, 0x20, 0x00, 0x7C, // off=0x1AEB start=3 len=9 (1 cp: U+2265)
    0x38, 0x08, 0x09, 0x12, 0x24, 0x48, 0x90, 0x48, 0x24, 0x12, 0x09, // off=0x1AF6 start=3 len=9 (1 cp: U+226A)
    0x38, 0x08, 0x90, 0x48, 0x24, 0x12, 0x09, 0x12, 0x24, 0x48, 0x90, // off=0x1B01 start=3 len=9 (1 cp: U+226B)
    0x46, 0x00, 0x3E, 0x83, 0x40, 0x00, 0x3E, // off=0x1B0C start=4 len=7 (1 cp: U+2282)
    0x46, 0x00, 0x7C, 0x83, 0x02, 0x00, 0x7C, // off=0x1B13 start=4 len=7 (1 cp: U+2283)
    0x38, 0x00, 0x3E, 0x83, 0x40, 0x02, 0x3E, 0x00, 0x7E, // off=0x1B1A start=3 len=9 (1 cp: U+2286)
    0x38, 0x00, 0x7C, 0x83, 0x02, 0x02, 0x7C, 0x00, 0x7E, // off=0x1B23 start=3 len=9 (1 cp: U+2287)
    0x47, 0x85, 0x10, 0x00, 0xFE, // off=0x1B2C start=4 len=8 (1 cp: U+22A5)
    0x29, 0x00, 0x3C, 0x87, 0x42, // off=0x1B31 start=2 len=10 (1 cp: U+22C2)
    0x47, 0x02, 0x10, 0x28, 0x44, 0x82, 0x82, 0x00, 0xFE, // off=0x1B36 start=4 len=8 (1 cp: U+2302)
    0x29, 0x00, 0x38, 0x87, 0x20, // off=0x1B3F start=2 len=10 (1 cp: U+2308)
    0x29, 0x00, 0x38, 0x87, 0x08, // off=0x1B44 start=2 len=10 (1 cp: U+2309)
    0x29, 0x87, 0x20, 0x00, 0x38, // off=0x1B49 start=2 len=10 (1 cp: U+230A)
    0x29, 0x87, 0x08, 0x00, 0x38, // off=0x1B4E start=2 len=10 (1 cp: U+230B)
    0x53, 0x00, 0x7E, 0x81, 0x40, // off=0x1B53 start=5 len=4 (1 cp: U+2310)
    0x53, 0x81, 0x40, 0x00, 0x7E, // off=0x1B58 start=5 len=4 (1 cp: U+2319)
    0x2D, 0x02, 0x0C, 0x12, 0x12, 0x89, 0x10, // off=0x1B5D start=2 len=14 (1 cp: U+2320)
    0x0B, 0x87, 0x10, 0x02, 0x90, 0x90, 0x60, // off=0x1B64 start=0 len=12 (1 cp: U+2321)
    0x0F, 0x03, 0x04, 0x08, 0x10, 0x10, 0x81, 0x20, 0x87, 0x40, // off=0x1B6B start=0 len=16 (1 cp: U+239B)
    0x0F, 0x8E, 0x40, // off=0x1B75 start=0 len=16 (2 cps: U+239C, U+23A2)
    0x0F, 0x87, 0x40, 0x81, 0x20, 0x03, 0x10, 0x10, 0x08, 0x04, // off=0x1B78 start=0 len=16 (1 cp: U+239D)
    0x0F, 0x03, 0x40, 0x20, 0x10, 0x10, 0x81, 0x08, 0x87, 0x04, // off=0x1B82 start=0 len=16 (1 cp: U+239E)
    0x0F, 0x8E, 0x04, // off=0x1B8C start=0 len=16 (2 cps: U+239F, U+23A5)
    0x0F, 0x87, 0x04, 0x81, 0x08, 0x03, 0x10, 0x10, 0x20, 0x40, // off=0x1B8F start=0 len=16 (1 cp: U+23A0)
    0x0F, 0x00, 0x7C, 0x8D, 0x40, // off=0x1B99 start=0 len=16 (1 cp: U+23A1)
    0x0F, 0x8D, 0x40, 0x00, 0x7C, // off=0x1B9E start=0 len=16 (1 cp: U+23A3)
    0x0F, 0x00, 0x7C, 0x8D, 0x04, // off=0x1BA3 start=0 len=16 (1 cp: U+23A4)
    0x0F, 0x8D, 0x04, 0x00, 0x7C, // off=0x1BA8 start=0 len=16 (1 cp: U+23A6)
    0x0F, 0x01, 0x0E, 0x10, 0x8C, 0x20, // off=0x1BAD start=0 len=16 (1 cp: U+23A7)
    0x0F, 0x85, 0x20, 0x80, 0xC0, 0x85, 0x20, // off=0x1BB3 start=0 len=16 (1 cp: U+23A8)
    0x0F, 0x8C, 0x20, 0x01, 0x10, 0x0E, // off=0x1BBA start=0 len=16 (1 cp: U+23A9)
    0x0F, 0x01, 0xE0, 0x10, 0x8C, 0x08, // off=0x1BC0 start=0 len=16 (1 cp: U+23AB)
    0x0F, 0x85, 0x08, 0x80, 0x06, 0x85, 0x08, // off=0x1BC6 start=0 len=16 (1 cp: U+23AC)
    0x0F, 0x8C, 0x08, 0x01, 0x10, 0xE0, // off=0x1BCD start=0 len=16 (1 cp: U+23AD)
    0x0F, 0x8E, 0x10, // off=0x1BD3 start=0 len=16 (3 cps: U+23AE, U+23D0, U+2502)
    0x70, 0x00, 0xFF, // off=0x1BD6 start=7 len=1 (2 cps: U+23AF, U+2500)
    0x00, 0x00, 0xFF, // off=0x1BD9 start=0 len=1 (1 cp: U+23BA)
    0x40, 0x00, 0xFF, // off=0x1BDC start=4 len=1 (1 cp: U+23BB)
    0xB0, 0x00, 0xFF, // off=0x1BDF start=11 len=1 (1 cp: U+23BC)
    0xF0, 0x00, 0xFF, // off=0x1BE2 start=15 len=1 (1 cp: U+23BD)
    0x1C, 0x07, 0x88, 0x88, 0xF8, 0x88, 0x88, 0x88, 0x00, 0x1F, 0x83, 0x04, // off=0x1BE5 start=1 len=13 (1 cp: U+2409)
    0x1C, 0x83, 0x80, 0x04, 0xF8, 0x00, 0x1F, 0x10, 0x1C, 0x81, 0x10, // off=0x1BF1 start=1 len=13 (1 cp: U+240A)
    0x1C, 0x07, 0x88, 0x88, 0x50, 0x50, 0x20, 0x20, 0x00, 0x1F, 0x83, 0x04, // off=0x1BFC start=1 len=13 (1 cp: U+240B)
    0x1C, 0x09, 0xF8, 0x80, 0xE0, 0x80, 0x80, 0x80, 0x00, 0x1F, 0x10, 0x1C, 0x81, 0x10, // off=0x1C08 start=1 len=13 (1 cp: U+240C)
    0x1C, 0x0C, 0x70, 0x88, 0x80, 0x80, 0x88, 0x70, 0x00, 0x1E, 0x11, 0x11, 0x1E, 0x12, 0x11, // off=0x1C16 start=1 len=13 (1 cp: U+240D)
    0x1C, 0x06, 0x88, 0xC8, 0xA8, 0x98, 0x88, 0x88, 0x00, 0x83, 0x10, 0x00, 0x1F, // off=0x1C25 start=1 len=13 (1 cp: U+2424)
    0x71, 0x80, 0xFF, // off=0x1C32 start=7 len=2 (1 cp: U+2501)
    0x0F, 0x8E, 0x18, // off=0x1C35 start=0 len=16 (1 cp: U+2503)
    0x70, 0x00, 0xAA, // off=0x1C38 start=7 len=1 (1 cp: U+2508)
    0x71, 0x80, 0xAA, // off=0x1C3B start=7 len=2 (1 cp: U+2509)
    0x0E, 0x81, 0x10, 0x08, 0x00, 0x10, 0x10, 0x10, 0x00, 0x10, 0x10, 0x10, 0x00, 0x81, 0x10, // off=0x1C3E start=0 len=15 (1 cp: U+250A)
    0x0E, 0x81, 0x18, 0x08, 0x00, 0x18, 0x18, 0x18, 0x00, 0x18, 0x18, 0x18, 0x00, 0x81, 0x18, // off=0x1C4D start=0 len=15 (1 cp: U+250B)
    0x78, 0x00, 0x1F, 0x86, 0x10, // off=0x1C5C start=7 len=9 (1 cp: U+250C)
    0x78, 0x80, 0x1F, 0x85, 0x10, // off=0x1C61 start=7 len=9 (1 cp: U+250D)
    0x78, 0x00, 0x1F, 0x86, 0x18, // off=0x1C66 start=7 len=9 (1 cp: U+250E)
    0x78, 0x80, 0x1F, 0x85, 0x18, // off=0x1C6B start=7 len=9 (1 cp: U+250F)
    0x78, 0x00, 0xF0, 0x86, 0x10, // off=0x1C70 start=7 len=9 (1 cp: U+2510)
    0x78, 0x80, 0xF0, 0x85, 0x10, // off=0x1C75 start=7 len=9 (1 cp: U+2511)
    0x78, 0x00, 0xF8, 0x86, 0x18, // off=0x1C7A start=7 len=9 (1 cp: U+2512)
    0x78, 0x80, 0xF8, 0x85, 0x18, // off=0x1C7F start=7 len=9 (1 cp: U+2513)
    0x07, 0x85, 0x10, 0x00, 0x1F, // off=0x1C84 start=0 len=8 (1 cp: U+2514)
    0x08, 0x85, 0x10, 0x80, 0x1F, // off=0x1C89 start=0 len=9 (1 cp: U+2515)
    0x07, 0x85, 0x18, 0x00, 0x1F, // off=0x1C8E start=0 len=8 (1 cp: U+2516)
    0x08, 0x85, 0x18, 0x80, 0x1F, // off=0x1C93 start=0 len=9 (1 cp: U+2517)
    0x07, 0x85, 0x10, 0x00, 0xF0, // off=0x1C98 start=0 len=8 (1 cp: U+2518)
    0x08, 0x85, 0x10, 0x80, 0xF0, // off=0x1C9D start=0 len=9 (1 cp: U+2519)
    0x07, 0x85, 0x18, 0x00, 0xF8, // off=0x1CA2 start=0 len=8 (1 cp: U+251A)
    0x08, 0x85, 0x18, 0x80, 0xF8, // off=0x1CA7 start=0 len=9 (1 cp: U+251B)
    0x0F, 0x85, 0x10, 0x00, 0x1F, 0x86, 0x10, // off=0x1CAC start=0 len=16 (1 cp: U+251C)
    0x0F, 0x85, 0x10, 0x80, 0x1F, 0x85, 0x10, // off=0x1CB3 start=0 len=16 (1 cp: U+251D)
    0x0F, 0x85, 0x18, 0x00, 0x1F, 0x86, 0x10, // off=0x1CBA start=0 len=16 (1 cp: U+251E)
    0x0F, 0x85, 0x10, 0x00, 0x1F, 0x86, 0x18, // off=0x1CC1 start=0 len=16 (1 cp: U+251F)
    0x0F, 0x85, 0x18, 0x00, 0x1F, 0x86, 0x18, // off=0x1CC8 start=0 len=16 (1 cp: U+2520)
    0x0F, 0x85, 0x18, 0x80, 0x1F, 0x85, 0x10, // off=0x1CCF start=0 len=16 (1 cp: U+2521)
    0x0F, 0x85, 0x10, 0x80, 0x1F, 0x85, 0x18, // off=0x1CD6 start=0 len=16 (1 cp: U+2522)
    0x0F, 0x85, 0x18, 0x80, 0x1F, 0x85, 0x18, // off=0x1CDD start=0 len=16 (1 cp: U+2523)
    0x0F, 0x85, 0x10, 0x00, 0xF0, 0x86, 0x10, // off=0x1CE4 start=0 len=16 (1 cp: U+2524)
    0x0F, 0x85, 0x10, 0x80, 0xF0, 0x85, 0x10, // off=0x1CEB start=0 len=16 (1 cp: U+2525)
    0x0F, 0x85, 0x18, 0x00, 0xF8, 0x86, 0x10, // off=0x1CF2 start=0 len=16 (1 cp: U+2526)
    0x0F, 0x85, 0x10, 0x00, 0xF8, 0x86, 0x18, // off=0x1CF9 start=0 len=16 (1 cp: U+2527)
    0x0F, 0x85, 0x18, 0x00, 0xF8, 0x86, 0x18, // off=0x1D00 start=0 len=16 (1 cp: U+2528)
    0x0F, 0x85, 0x18, 0x80, 0xF8, 0x85, 0x10, // off=0x1D07 start=0 len=16 (1 cp: U+2529)
    0x0F, 0x85, 0x10, 0x80, 0xF8, 0x85, 0x18, // off=0x1D0E start=0 len=16 (1 cp: U+252A)
    0x0F, 0x85, 0x18, 0x80, 0xF8, 0x85, 0x18, // off=0x1D15 start=0 len=16 (1 cp: U+252B)
    0x78, 0x00, 0xFF, 0x86, 0x10, // off=0x1D1C start=7 len=9 (1 cp: U+252C)
    0x78, 0x01, 0xFF, 0xF0, 0x85, 0x10, // off=0x1D21 start=7 len=9 (1 cp: U+252D)
    0x78, 0x01, 0xFF, 0x1F, 0x85, 0x10, // off=0x1D27 start=7 len=9 (1 cp: U+252E)
    0x78, 0x80, 0xFF, 0x85, 0x10, // off=0x1D2D start=7 len=9 (1 cp: U+252F)
    0x78, 0x00, 0xFF, 0x86, 0x18, // off=0x1D32 start=7 len=9 (1 cp: U+2530)
    0x78, 0x01, 0xFF, 0xF8, 0x85, 0x18, // off=0x1D37 start=7 len=9 (1 cp: U+2531)
    0x78, 0x01, 0xFF, 0x1F, 0x85, 0x18, // off=0x1D3D start=7 len=9 (1 cp: U+2532)
    0x78, 0x80, 0xFF, 0x85, 0x18, // off=0x1D43 start=7 len=9 (1 cp: U+2533)
    0x07, 0x85, 0x10, 0x00, 0xFF, // off=0x1D48 start=0 len=8 (1 cp: U+2534)
    0x08, 0x85, 0x10, 0x01, 0xFF, 0xF0, // off=0x1D4D start=0 len=9 (1 cp: U+2535)
    0x08, 0x85, 0x10, 0x01, 0xFF, 0x1F, // off=0x1D53 start=0 len=9 (1 cp: U+2536)
    0x08, 0x85, 0x10, 0x80, 0xFF, // off=0x1D59 start=0 len=9 (1 cp: U+2537)
    0x07, 0x85, 0x18, 0x00, 0xFF, // off=0x1D5E start=0 len=8 (1 cp: U+2538)
    0x08, 0x85, 0x18, 0x01, 0xFF, 0xF8, // off=0x1D63 start=0 len=9 (1 cp: U+2539)
    0x08, 0x85, 0x18, 0x01, 0xFF, 0x1F, // off=0x1D69 start=0 len=9 (1 cp: U+253A)
    0x08, 0x85, 0x18, 0x80, 0xFF, // off=0x1D6F start=0 len=9 (1 cp: U+253B)
    0x0F, 0x85, 0x10, 0x00, 0xFF, 0x86, 0x10, // off=0x1D74 start=0 len=16 (1 cp: U+253C)
    0x0F, 0x85, 0x10, 0x01, 0xFF, 0xF0, 0x85, 0x10, // off=0x1D7B start=0 len=16 (1 cp: U+253D)
    0x0F, 0x85, 0x10, 0x01, 0xFF, 0x1F, 0x85, 0x10, // off=0x1D83 start=0 len=16 (1 cp: U+253E)
    0x0F, 0x85, 0x10, 0x80, 0xFF, 0x85, 0x10, // off=0x1D8B start=0 len=16 (1 cp: U+253F)
    0x0F, 0x85, 0x18, 0x00, 0xFF, 0x86, 0x10, // off=0x1D92 start=0 len=16 (1 cp: U+2540)
    0x0F, 0x85, 0x10, 0x00, 0xFF, 0x86, 0x18, // off=0x1D99 start=0 len=16 (1 cp: U+2541)
    0x0F, 0x85, 0x18, 0x00, 0xFF, 0x86, 0x18, // off=0x1DA0 start=0 len=16 (1 cp: U+2542)
    0x0F, 0x85, 0x18, 0x01, 0xFF, 0xF0, 0x85, 0x10, // off=0x1DA7 start=0 len=16 (1 cp: U+2543)
    0x0F, 0x85, 0x18, 0x01, 0xFF, 0x1F, 0x85, 0x10, // off=0x1DAF start=0 len=16 (1 cp: U+2544)
    0x0F, 0x85, 0x10, 0x01, 0xFF, 0xF8, 0x85, 0x18, // off=0x1DB7 start=0 len=16 (1 cp: U+2545)
    0x0F, 0x85, 0x10, 0x01, 0xFF, 0x1F, 0x85, 0x18, // off=0x1DBF start=0 len=16 (1 cp: U+2546)
    0x0F, 0x85, 0x18, 0x80, 0xFF, 0x85, 0x10, // off=0x1DC7 start=0 len=16 (1 cp: U+2547)
    0x0F, 0x85, 0x10, 0x80, 0xFF, 0x85, 0x18, // off=0x1DCE start=0 len=16 (1 cp: U+2548)
    0x0F, 0x85, 0x18, 0x01, 0xFF, 0xF8, 0x85, 0x18, // off=0x1DD5 start=0 len=16 (1 cp: U+2549)
    0x0F, 0x85, 0x18, 0x01, 0xFF, 0x1F, 0x85, 0x18, // off=0x1DDD start=0 len=16 (1 cp: U+254A)
    0x0F, 0x85, 0x18, 0x80, 0xFF, 0x85, 0x18, // off=0x1DE5 start=0 len=16 (1 cp: U+254B)
    0x62, 0x02, 0xFF, 0x00, 0xFF, // off=0x1DEC start=6 len=3 (1 cp: U+2550)
    0x0F, 0x8E, 0x28, // off=0x1DF1 start=0 len=16 (1 cp: U+2551)
    0x69, 0x02, 0x1F, 0x10, 0x1F, 0x85, 0x10, // off=0x1DF4 start=6 len=10 (1 cp: U+2552)
    0x78, 0x00, 0x3F, 0x86, 0x28, // off=0x1DFB start=7 len=9 (1 cp: U+2553)
    0x69, 0x02, 0x3F, 0x20, 0x2F, 0x85, 0x28, // off=0x1E00 start=6 len=10 (1 cp: U+2554)
    0x69, 0x02, 0xF0, 0x10, 0xF0, 0x85, 0x10, // off=0x1E07 start=6 len=10 (1 cp: U+2555)
    0x78, 0x00, 0xF8, 0x86, 0x28, // off=0x1E0E start=7 len=9 (1 cp: U+2556)
    0x69, 0x02, 0xF8, 0x08, 0xE8, 0x85, 0x28, // off=0x1E13 start=6 len=10 (1 cp: U+2557)
    0x08, 0x84, 0x10, 0x02, 0x1F, 0x10, 0x1F, // off=0x1E1A start=0 len=9 (1 cp: U+2558)
    0x07, 0x85, 0x28, 0x00, 0x3F, // off=0x1E21 start=0 len=8 (1 cp: U+2559)
    0x08, 0x84, 0x28, 0x02, 0x2F, 0x20, 0x3F, // off=0x1E26 start=0 len=9 (1 cp: U+255A)
    0x08, 0x84, 0x10, 0x02, 0xF0, 0x10, 0xF0, // off=0x1E2D start=0 len=9 (1 cp: U+255B)
    0x07, 0x85, 0x28, 0x00, 0xF8, // off=0x1E34 start=0 len=8 (1 cp: U+255C)
    0x08, 0x84, 0x28, 0x02, 0xE8, 0x08, 0xF8, // off=0x1E39 start=0 len=9 (1 cp: U+255D)
    0x0F, 0x84, 0x10, 0x02, 0x1F, 0x10, 0x1F, 0x85, 0x10, // off=0x1E40 start=0 len=16 (1 cp: U+255E)
    0x0F, 0x85, 0x28, 0x00, 0x2F, 0x86, 0x28, // off=0x1E49 start=0 len=16 (1 cp: U+255F)
    0x0F, 0x84, 0x28, 0x02, 0x2F, 0x20, 0x2F, 0x85, 0x28, // off=0x1E50 start=0 len=16 (1 cp: U+2560)
    0x0F, 0x84, 0x10, 0x02, 0xF0, 0x10, 0xF0, 0x85, 0x10, // off=0x1E59 start=0 len=16 (1 cp: U+2561)
    0x0F, 0x85, 0x28, 0x00, 0xE8, 0x86, 0x28, // off=0x1E62 start=0 len=16 (1 cp: U+2562)
    0x0F, 0x84, 0x28, 0x02, 0xE8, 0x08, 0xE8, 0x85, 0x28, // off=0x1E69 start=0 len=16 (1 cp: U+2563)
    0x69, 0x02, 0xFF, 0x00, 0xFF, 0x85, 0x10, // off=0x1E72 start=6 len=10 (1 cp: U+2564)
    0x78, 0x00, 0xFF, 0x86, 0x28, // off=0x1E79 start=7 len=9 (1 cp: U+2565)
    0x69, 0x02, 0xFF, 0x00, 0xEF, 0x85, 0x28, // off=0x1E7E start=6 len=10 (1 cp: U+2566)
    0x08, 0x84, 0x10, 0x02, 0xFF, 0x00, 0xFF, // off=0x1E85 start=0 len=9 (1 cp: U+2567)
    0x07, 0x85, 0x28, 0x00, 0xFF, // off=0x1E8C start=0 len=8 (1 cp: U+2568)
    0x08, 0x84, 0x28, 0x02, 0xEF, 0x00, 0xFF, // off=0x1E91 start=0 len=9 (1 cp: U+2569)
    0x0F, 0x84, 0x10, 0x02, 0xFF, 0x10, 0xFF, 0x85, 0x10, // off=0x1E98 start=0 len=16 (1 cp: U+256A)
    0x0F, 0x85, 0x28, 0x00, 0xFF, 0x86, 0x28, // off=0x1EA1 start=0 len=16 (1 cp: U+256B)
    0x0F, 0x84, 0x28, 0x02, 0xEF, 0x00, 0xEF, 0x85, 0x28, // off=0x1EA8 start=0 len=16 (1 cp: U+256C)
    0x78, 0x01, 0x07, 0x08, 0x85, 0x10, // off=0x1EB1 start=7 len=9 (1 cp: U+256D)
    0x78, 0x01, 0xC0, 0x20, 0x85, 0x10, // off=0x1EB7 start=7 len=9 (1 cp: U+256E)
    0x07, 0x84, 0x10, 0x01, 0x20, 0xC0, // off=0x1EBD start=0 len=8 (1 cp: U+256F)
    0x07, 0x84, 0x10, 0x01, 0x08, 0x07, // off=0x1EC3 start=0 len=8 (1 cp: U+2570)
    0x0F, 0x80, 0x01, 0x80, 0x02, 0x80, 0x04, 0x80, 0x08, 0x80, 0x10, 0x80, 0x20, 0x80, 0x40, 0x80, 0x80, // off=0x1EC9 start=0 len=16 (1 cp: U+2571)
    0x0F, 0x80, 0x80, 0x80, 0x40, 0x80, 0x20, 0x80, 0x10, 0x80, 0x08, 0x80, 0x04, 0x80, 0x02, 0x80, 0x01, // off=0x1EDA start=0 len=16 (1 cp: U+2572)
    0x0F, 0x80, 0x81, 0x80, 0x42, 0x80, 0x24, 0x82, 0x18, 0x80, 0x24, 0x80, 0x42, 0x80, 0x81, // off=0x1EEB start=0 len=16 (1 cp: U+2573)
    0x70, 0x00, 0xF0, // off=0x1EFA start=7 len=1 (1 cp: U+2574)
    0x07, 0x86, 0x10, // off=0x1EFD start=0 len=8 (1 cp: U+2575)
    0x70, 0x00, 0x1F, // off=0x1F00 start=7 len=1 (1 cp: U+2576)
    0x78, 0x87, 0x10, // off=0x1F03 start=7 len=9 (1 cp: U+2577)
    0x71, 0x80, 0xF0, // off=0x1F06 start=7 len=2 (1 cp: U+2578)
    0x07, 0x86, 0x18, // off=0x1F09 start=0 len=8 (1 cp: U+2579)
    0x71, 0x80, 0x1F, // off=0x1F0C start=7 len=2 (1 cp: U+257A)
    0x78, 0x87, 0x18, // off=0x1F0F start=7 len=9 (1 cp: U+257B)
    0x71, 0x01, 0xFF, 0x1F, // off=0x1F12 start=7 len=2 (1 cp: U+257C)
    0x0F, 0x85, 0x10, 0x87, 0x18, // off=0x1F16 start=0 len=16 (1 cp: U+257D)
    0x71, 0x01, 0xFF, 0xF0, // off=0x1F1B start=7 len=2 (1 cp: U+257E)
    0x0F, 0x86, 0x18, 0x86, 0x10, // off=0x1F1F start=0 len=16 (1 cp: U+257F)
    0x07, 0x86, 0xFF, // off=0x1F24 start=0 len=8 (1 cp: U+2580)
    0xE1, 0x80, 0xFF, // off=0x1F27 start=14 len=2 (1 cp: U+2581)
    0xC3, 0x82, 0xFF, // off=0x1F2A start=12 len=4 (1 cp: U+2582)
    0xA5, 0x84, 0xFF, // off=0x1F2D start=10 len=6 (1 cp: U+2583)
    0x87, 0x86, 0xFF, // off=0x1F30 start=8 len=8 (1 cp: U+2584)
    0x69, 0x88, 0xFF, // off=0x1F33 start=6 len=10 (1 cp: U+2585)
    0x4B, 0x8A, 0xFF, // off=0x1F36 start=4 len=12 (1 cp: U+2586)
    0x2D, 0x8C, 0xFF, // off=0x1F39 start=2 len=14 (1 cp: U+2587)
    0x0F, 0x8E, 0xFF, // off=0x1F3C start=0 len=16 (1 cp: U+2588)
    0x0F, 0x8E, 0xFE, // off=0x1F3F start=0 len=16 (1 cp: U+2589)
    0x0F, 0x8E, 0xFC, // off=0x1F42 start=0 len=16 (1 cp: U+258A)
    0x0F, 0x8E, 0xF8, // off=0x1F45 start=0 len=16 (1 cp: U+258B)
    0x0F, 0x8E, 0xF0, // off=0x1F48 start=0 len=16 (1 cp: U+258C)
    0x0F, 0x8E, 0xE0, // off=0x1F4B start=0 len=16 (1 cp: U+258D)
    0x0F, 0x8E, 0xC0, // off=0x1F4E start=0 len=16 (1 cp: U+258E)
    0x0F, 0x8E, 0x80, // off=0x1F51 start=0 len=16 (1 cp: U+258F)
    0x0F, 0x8E, 0x0F, // off=0x1F54 start=0 len=16 (1 cp: U+2590)
    0x0F, 0x0F, 0x88, 0x22, 0x88, 0x22, 0x88, 0x22, 0x88, 0x22, 0x88, 0x22, 0x88, 0x22, 0x88, 0x22, 0x88, 0x22, // off=0x1F57 start=0 len=16 (1 cp: U+2591)
    0x0F, 0x0F, 0xAA, 0x55, 0xAA, 0x55, 0xAA, 0x55, 0xAA, 0x55, 0xAA, 0x55, 0xAA, 0x55, 0xAA, 0x55, 0xAA, 0x55, // off=0x1F69 start=0 len=16 (1 cp: U+2592)
    0x0F, 0x0F, 0xEE, 0xBB, 0xEE, 0xBB, 0xEE, 0xBB, 0xEE, 0xBB, 0xEE, 0xBB, 0xEE, 0xBB, 0xEE, 0xBB, 0xEE, 0xBB, // off=0x1F7B start=0 len=16 (1 cp: U+2593)
    0x87, 0x86, 0xF0, // off=0x1F8D start=8 len=8 (1 cp: U+2596)
    0x87, 0x86, 0x0F, // off=0x1F90 start=8 len=8 (1 cp: U+2597)
    0x07, 0x86, 0xF0, // off=0x1F93 start=0 len=8 (1 cp: U+2598)
    0x0F, 0x86, 0xF0, 0x86, 0xFF, // off=0x1F96 start=0 len=16 (1 cp: U+2599)
    0x0F, 0x86, 0xF0, 0x86, 0x0F, // off=0x1F9B start=0 len=16 (1 cp: U+259A)
    0x0F, 0x86, 0xFF, 0x86, 0xF0, // off=0x1FA0 start=0 len=16 (1 cp: U+259B)
    0x0F, 0x86, 0xFF, 0x86, 0x0F, // off=0x1FA5 start=0 len=16 (1 cp: U+259C)
    0x07, 0x86, 0x0F, // off=0x1FAA start=0 len=8 (1 cp: U+259D)
    0x0F, 0x86, 0x0F, 0x86, 0xF0, // off=0x1FAD start=0 len=16 (1 cp: U+259E)
    0x0F, 0x86, 0x0F, 0x86, 0xFF, // off=0x1FB2 start=0 len=16 (1 cp: U+259F)
    0x55, 0x84, 0x3C, // off=0x1FB7 start=5 len=6 (1 cp: U+25A0)
    0x83, 0x82, 0x7E, // off=0x1FBA start=8 len=4 (1 cp: U+25AC)
    0x29, 0x88, 0x7E, // off=0x1FBD start=2 len=10 (1 cp: U+25AE)
    0x47, 0x80, 0x10, 0x80, 0x38, 0x80, 0x7C, 0x80, 0xFE, // off=0x1FC0 start=4 len=8 (1 cp: U+25B2)
    0x46, 0x06, 0xC0, 0xF0, 0xFC, 0xFF, 0xFC, 0xF0, 0xC0, // off=0x1FC9 start=4 len=7 (2 cps: U+25B6, U+25BA)
    0x47, 0x80, 0xFE, 0x80, 0x7C, 0x80, 0x38, 0x80, 0x10, // off=0x1FD2 start=4 len=8 (1 cp: U+25BC)
    0x46, 0x06, 0x03, 0x0F, 0x3F, 0xFF, 0x3F, 0x0F, 0x03, // off=0x1FDB start=4 len=7 (2 cps: U+25C0, U+25C4)
    0x46, 0x06, 0x10, 0x38, 0x7C, 0xFE, 0x7C, 0x38, 0x10, // off=0x1FE4 start=4 len=7 (2 cps: U+25C6, U+2666)
    0x46, 0x06, 0x10, 0x28, 0x44, 0x82, 0x44, 0x28, 0x10, // off=0x1FED start=4 len=7 (1 cp: U+25CA)
    0x63, 0x03, 0x18, 0x24, 0x24, 0x18, // off=0x1FF6 start=6 len=4 (1 cp: U+25CB)
    0x0F, 0x84, 0xFF, 0x03, 0xE7, 0xC3, 0xC3, 0xE7, 0x84, 0xFF, // off=0x1FFC start=0 len=16 (1 cp: U+25D8)
    0x0F, 0x84, 0xFF, 0x03, 0xE7, 0xDB, 0xDB, 0xE7, 0x84, 0xFF, // off=0x2006 start=0 len=16 (1 cp: U+25D9)
    0x29, 0x09, 0x7C, 0x82, 0xAA, 0x82, 0x82, 0xBA, 0x92, 0x82, 0x82, 0x7C, // off=0x2010 start=2 len=10 (1 cp: U+263A)
    0x29, 0x09, 0x7C, 0xFE, 0xD6, 0xFE, 0xFE, 0xC6, 0xEE, 0xFE, 0xFE, 0x7C, // off=0x201C start=2 len=10 (1 cp: U+263B)
    0x38, 0x08, 0x10, 0x92, 0x54, 0x38, 0xEE, 0x38, 0x54, 0x92, 0x10, // off=0x2028 start=3 len=9 (1 cp: U+263C)
    0x29, 0x00, 0x38, 0x82, 0x44, 0x04, 0x38, 0x10, 0x7C, 0x10, 0x10, // off=0x2033 start=2 len=10 (1 cp: U+2640)
    0x29, 0x04, 0x1E, 0x06, 0x0A, 0x12, 0x38, 0x82, 0x44, 0x00, 0x38, // off=0x203E start=2 len=10 (1 cp: U+2642)
    0x29, 0x09, 0x10, 0x10, 0x38, 0x7C, 0xFE, 0xFE, 0x7C, 0x10, 0x10, 0x38, // off=0x2049 start=2 len=10 (1 cp: U+2660)
    0x29, 0x09, 0x10, 0x38, 0x38, 0x10, 0x54, 0xFE, 0xFE, 0x54, 0x10, 0x38, // off=0x2055 start=2 len=10 (1 cp: U+2663)
    0x47, 0x00, 0x6C, 0x82, 0xFE, 0x02, 0x7C, 0x38, 0x10, // off=0x2061 start=4 len=8 (1 cp: U+2665)
    0x29, 0x02, 0x3E, 0x22, 0x3E, 0x84, 0x20, 0x00, 0xC0, // off=0x206A start=2 len=10 (1 cp: U+266A)
    0x2A, 0x02, 0x7E, 0x42, 0x7E, 0x84, 0x42, 0x01, 0x44, 0x80, // off=0x2073 start=2 len=11 (1 cp: U+266B)
    0x29, 0x80, 0x02, 0x80, 0x04, 0x80, 0x88, 0x80, 0x50, 0x80, 0x20, // off=0x207D start=2 len=10 (1 cp: U+2713)
    0x29, 0x80, 0x03, 0x80, 0x06, 0x80, 0xCC, 0x80, 0x78, 0x80, 0x30, // off=0x2088 start=2 len=10 (1 cp: U+2714)
    0x29, 0x09, 0x04, 0x44, 0x28, 0x18, 0x18, 0x14, 0x22, 0x20, 0x40, 0x40, // off=0x2093 start=2 len=10 (1 cp: U+2717)
    0x29, 0x09, 0x0C, 0xCC, 0x78, 0x38, 0x38, 0x3C, 0x66, 0x60, 0xC0, 0xC0, // off=0x209F start=2 len=10 (1 cp: U+2718)
    0x29, 0x80, 0x08, 0x80, 0x10, 0x80, 0x20, 0x80, 0x10, 0x80, 0x08, // off=0x20AB start=2 len=10 (1 cp: U+27E8)
    0x29, 0x80, 0x20, 0x80, 0x10, 0x80, 0x08, 0x80, 0x10, 0x80, 0x20, // off=0x20B6 start=2 len=10 (1 cp: U+27E9)
    0x29, 0x80, 0x12, 0x80, 0x24, 0x80, 0x48, 0x80, 0x24, 0x80, 0x12, // off=0x20C1 start=2 len=10 (1 cp: U+27EA)
    0x29, 0x80, 0x48, 0x80, 0x24, 0x80, 0x12, 0x80, 0x24, 0x80, 0x48, // off=0x20CC start=2 len=10 (1 cp: U+27EB)
    0x11, 0x80, 0x40, // off=0x20D7 start=1 len=2 (1 cp: U+2801)
    0x51, 0x80, 0x40, // off=0x20DA start=5 len=2 (1 cp: U+2802)
    0x15, 0x80, 0x40, 0x80, 0x00, 0x80, 0x40, // off=0x20DD start=1 len=6 (1 cp: U+2803)
    0x91, 0x80, 0x40, // off=0x20E4 start=9 len=2 (1 cp: U+2804)
    0x19, 0x80, 0x40, 0x84, 0x00, 0x80, 0x40, // off=0x20E7 start=1 len=10 (1 cp: U+2805)
    0x55, 0x80, 0x40, 0x80, 0x00, 0x80, 0x40, // off=0x20EE start=5 len=6 (1 cp: U+2806)
    0x19, 0x80, 0x40, 0x80, 0x00, 0x80, 0x40, 0x80, 0x00, 0x80, 0x40, // off=0x20F5 start=1 len=10 (1 cp: U+2807)
    0x11, 0x80, 0x04, // off=0x2100 start=1 len=2 (1 cp: U+2808)
    0x11, 0x80, 0x44, // off=0x2103 start=1 len=2 (1 cp: U+2809)
    0x15, 0x80, 0x04, 0x80, 0x00, 0x80, 0x40, // off=0x2106 start=1 len=6 (1 cp: U+280A)
    0x15, 0x80, 0x44, 0x80, 0x00, 0x80, 0x40, // off=0x210D start=1 len=6 (1 cp: U+280B)
    0x19, 0x80, 0x04, 0x84, 0x00, 0x80, 0x40, // off=0x2114 start=1 len=10 (1 cp: U+280C)
    0x19, 0x80, 0x44, 0x84, 0x00, 0x80, 0x40, // off=0x211B start=1 len=10 (1 cp: U+280D)
    0x19, 0x80, 0x04, 0x80, 0x00, 0x80, 0x40, 0x80, 0x00, 0x80, 0x40, // off=0x2122 start=1 len=10 (1 cp: U+280E)
    0x19, 0x80, 0x44, 0x80, 0x00, 0x80, 0x40, 0x80, 0x00, 0x80, 0x40, // off=0x212D start=1 len=10 (1 cp: U+280F)
    0x51, 0x80, 0x04, // off=0x2138 start=5 len=2 (1 cp: U+2810)
    0x15, 0x80, 0x40, 0x80, 0x00, 0x80, 0x04, // off=0x213B start=1 len=6 (1 cp: U+2811)
    0x51, 0x80, 0x44, // off=0x2142 start=5 len=2 (1 cp: U+2812)
    0x15, 0x80, 0x40, 0x80, 0x00, 0x80, 0x44, // off=0x2145 start=1 len=6 (1 cp: U+2813)
    0x55, 0x80, 0x04, 0x80, 0x00, 0x80, 0x40, // off=0x214C start=5 len=6 (1 cp: U+2814)
    0x19, 0x80, 0x40, 0x80, 0x00, 0x80, 0x04, 0x80, 0x00, 0x80, 0x40, // off=0x2153 start=1 len=10 (1 cp: U+2815)
    0x55, 0x80, 0x44, 0x80, 0x00, 0x80, 0x40, // off=0x215E start=5 len=6 (1 cp: U+2816)
    0x19, 0x80, 0x40, 0x80, 0x00, 0x80, 0x44, 0x80, 0x00, 0x80, 0x40, // off=0x2165 start=1 len=10 (1 cp: U+2817)
    0x15, 0x80, 0x04, 0x80, 0x00, 0x80, 0x04, // off=0x2170 start=1 len=6 (1 cp: U+2818)
    0x15, 0x80, 0x44, 0x80, 0x00, 0x80, 0x04, // off=0x2177 start=1 len=6 (1 cp: U+2819)
    0x15, 0x80, 0x04, 0x80, 0x00, 0x80, 0x44, // off=0x217E start=1 len=6 (1 cp: U+281A)
    0x15, 0x80, 0x44, 0x80, 0x00, 0x80, 0x44, // off=0x2185 start=1 len=6 (1 cp: U+281B)
    0x19, 0x80, 0x04, 0x80, 0x00, 0x80, 0x04, 0x80, 0x00, 0x80, 0x40, // off=0x218C start=1 len=10 (1 cp: U+281C)
    0x19, 0x80, 0x44, 0x80, 0x00, 0x80, 0x04, 0x80, 0x00, 0x80, 0x40, // off=0x2197 start=1 len=10 (1 cp: U+281D)
    0x19, 0x80, 0x04, 0x80, 0x00, 0x80, 0x44, 0x80, 0x00, 0x80, 0x40, // off=0x21A2 start=1 len=10 (1 cp: U+281E)
    0x19, 0x80, 0x44, 0x80, 0x00, 0x80, 0x44, 0x80, 0x00, 0x80, 0x40, // off=0x21AD start=1 len=10 (1 cp: U+281F)
    0x91, 0x80, 0x04, // off=0x21B8 start=9 len=2 (1 cp: U+2820)
    0x19, 0x80, 0x40, 0x84, 0x00, 0x80, 0x04, // off=0x21BB start=1 len=10 (1 cp: U+2821)
    0x55, 0x80, 0x40, 0x80, 0x00, 0x80, 0x04, // off=0x21C2 start=5 len=6 (1 cp: U+2822)
    0x19, 0x80, 0x40, 0x80, 0x00, 0x80, 0x40, 0x80, 0x00, 0x80, 0x04, // off=0x21C9 start=1 len=10 (1 cp: U+2823)
    0x91, 0x80, 0x44, // off=0x21D4 start=9 len=2 (1 cp: U+2824)
    0x19, 0x80, 0x40, 0x84, 0x00, 0x80, 0x44, // off=0x21D7 start=1 len=10 (1 cp: U+2825)
    0x55, 0x80, 0x40, 0x80, 0x00, 0x80, 0x44, // off=0x21DE start=5 len=6 (1 cp: U+2826)
    0x19, 0x80, 0x40, 0x80, 0x00, 0x80, 0x40, 0x80, 0x00, 0x80, 0x44, // off=0x21E5 start=1 len=10 (1 cp: U+2827)
    0x19, 0x80, 0x04, 0x84, 0x00, 0x80, 0x04, // off=0x21F0 start=1 len=10 (1 cp: U+2828)
    0x19, 0x80, 0x44, 0x84, 0x00, 0x80, 0x04, // off=0x21F7 start=1 len=10 (1 cp: U+2829)
    0x19, 0x80, 0x04, 0x80, 0x00, 0x80, 0x40, 0x80, 0x00, 0x80, 0x04, // off=0x21FE start=1 len=10 (1 cp: U+282A)
    0x19, 0x80, 0x44, 0x80, 0x00, 0x80, 0x40, 0x80, 0x00, 0x80, 0x04, // off=0x2209 start=1 len=10 (1 cp: U+282B)
    0x19, 0x80, 0x04, 0x84, 0x00, 0x80, 0x44, // off=0x2214 start=1 len=10 (1 cp: U+282C)
    0x19, 0x80, 0x44, 0x84, 0x00, 0x80, 0x44, // off=0x221B start=1 len=10 (1 cp: U+282D)
    0x19, 0x80, 0x04, 0x80, 0x00, 0x80, 0x40, 0x80, 0x00, 0x80, 0x44, // off=0x2222 start=1 len=10 (1 cp: U+282E)
    0x19, 0x80, 0x44, 0x80, 0x00, 0x80, 0x40, 0x80, 0x00, 0x80, 0x44, // off=0x222D start=1 len=10 (1 cp: U+282F)
    0x55, 0x80, 0x04, 0x80, 0x00, 0x80, 0x04, // off=0x2238 start=5 len=6 (1 cp: U+2830)
    0x19, 0x80, 0x40, 0x80, 0x00, 0x80, 0x04, 0x80, 0x00, 0x80, 0x04, // off=0x223F start=1 len=10 (1 cp: U+2831)
    0x55, 0x80, 0x44, 0x80, 0x00, 0x80, 0x04, // off=0x224A start=5 len=6 (1 cp: U+2832)
    0x19, 0x80, 0x40, 0x80, 0x00, 0x80, 0x44, 0x80, 0x00, 0x80, 0x04, // off=0x2251 start=1 len=10 (1 cp: U+2833)
    0x55, 0x80, 0x04, 0x80, 0x00, 0x80, 0x44, // off=0x225C start=5 len=6 (1 cp: U+2834)
    0x19, 0x80, 0x40, 0x80, 0x00, 0x80, 0x04, 0x80, 0x00, 0x80, 0x44, // off=0x2263 start=1 len=10 (1 cp: U+2835)
    0x55, 0x80, 0x44, 0x80, 0x00, 0x80, 0x44, // off=0x226E start=5 len=6 (1 cp: U+2836)
    0x19, 0x80, 0x40, 0x80, 0x00, 0x80, 0x44, 0x80, 0x00, 0x80, 0x44, // off=0x2275 start=1 len=10 (1 cp: U+2837)
    0x19, 0x80, 0x04, 0x80, 0x00, 0x80, 0x04, 0x80, 0x00, 0x80, 0x04, // off=0x2280 start=1 len=10 (1 cp: U+2838)
    0x19, 0x80, 0x44, 0x80, 0x00, 0x80, 0x04, 0x80, 0x00, 0x80, 0x04, // off=0x228B start=1 len=10 (1 cp: U+2839)
    0x19, 0x80, 0x04, 0x80, 0x00, 0x80, 0x44, 0x80, 0x00, 0x80, 0x04, // off=0x2296 start=1 len=10 (1 cp: U+283A)
    0x19, 0x80, 0x44, 0x80, 0x00, 0x80, 0x44, 0x80, 0x00, 0x80, 0x04, // off=0x22A1 start=1 len=10 (1 cp: U+283B)
    0x19, 0x80, 0x04, 0x80, 0x00, 0x80, 0x04, 0x80, 0x00, 0x80, 0x44, // off=0x22AC start=1 len=10 (1 cp: U+283C)
    0x19, 0x80, 0x44, 0x80, 0x00, 0x80, 0x04, 0x80, 0x00, 0x80, 0x44, // off=0x22B7 start=1 len=10 (1 cp: U+283D)
    0x19, 0x80, 0x04, 0x80, 0x00, 0x80, 0x44, 0x80, 0x00, 0x80, 0x44, // off=0x22C2 start=1 len=10 (1 cp: U+283E)
    0x19, 0x80, 0x44, 0x80, 0x00, 0x80, 0x44, 0x80, 0x00, 0x80, 0x44, // off=0x22CD start=1 len=10 (1 cp: U+283F)
    0xD1, 0x80, 0x40, // off=0x22D8 start=13 len=2 (1 cp: U+2840)
    0x1D, 0x80, 0x40, 0x88, 0x00, 0x80, 0x40, // off=0x22DB start=1 len=14 (1 cp: U+2841)
    0x59, 0x80, 0x40, 0x84, 0x00, 0x80, 0x40, // off=0x22E2 start=5 len=10 (1 cp: U+2842)
    0x1D, 0x80, 0x40, 0x80, 0x00, 0x80, 0x40, 0x84, 0x00, 0x80, 0x40, // off=0x22E9 start=1 len=14 (1 cp: U+2843)
    0x95, 0x80, 0x40, 0x80, 0x00, 0x80, 0x40, // off=0x22F4 start=9 len=6 (1 cp: U+2844)
    0x1D, 0x80, 0x40, 0x84, 0x00, 0x80, 0x40, 0x80, 0x00, 0x80, 0x40, // off=0x22FB start=1 len=14 (1 cp: U+2845)
    0x59, 0x80, 0x40, 0x80, 0x00, 0x80, 0x40, 0x80, 0x00, 0x80, 0x40, // off=0x2306 start=5 len=10 (1 cp: U+2846)
    0x1D, 0x80, 0x40, 0x80, 0x00, 0x80, 0x40, 0x80, 0x00, 0x80, 0x40, 0x80, 0x00, 0x80, 0x40, // off=0x2311 start=1 len=14 (1 cp: U+2847)
    0x1D, 0x80, 0x04, 0x88, 0x00, 0x80, 0x40, // off=0x2320 start=1 len=14 (1 cp: U+2848)
    0x1D, 0x80, 0x44, 0x88, 0x00, 0x80, 0x40, // off=0x2327 start=1 len=14 (1 cp: U+2849)
    0x1D, 0x80, 0x04, 0x80, 0x00, 0x80, 0x40, 0x84, 0x00, 0x80, 0x40, // off=0x232E start=1 len=14 (1 cp: U+284A)
    0x1D, 0x80, 0x44, 0x80, 0x00, 0x80, 0x40, 0x84, 0x00, 0x80, 0x40, // off=0x2339 start=1 len=14 (1 cp: U+284B)
    0x1D, 0x80, 0x04, 0x84, 0x00, 0x80, 0x40, 0x80, 0x00, 0x80, 0x40, // off=0x2344 start=1 len=14 (1 cp: U+284C)
    0x1D, 0x80, 0x44, 0x84, 0x00, 0x80, 0x40, 0x80, 0x00, 0x80, 0x40, // off=0x234F start=1 len=14 (1 cp: U+284D)
    0x1D, 0x80, 0x04, 0x80, 0x00, 0x80, 0x40, 0x80, 0x00, 0x80, 0x40, 0x80, 0x00, 0x80, 0x40, // off=0x235A start=1 len=14 (1 cp: U+284E)
    0x1D, 0x80, 0x44, 0x80, 0x00, 0x80, 0x40, 0x80, 0x00, 0x80, 0x40, 0x80, 0x00, 0x80, 0x40, // off=0x2369 start=1 len=14 (1 cp: U+284F)
    0x59, 0x80, 0x04, 0x84, 0x00, 0x80, 0x40, // off=0x2378 start=5 len=10 (1 cp: U+2850)
    0x1D, 0x80, 0x40, 0x80, 0x00, 0x80, 0x04, 0x84, 0x00, 0x80, 0x40, // off=0x237F start=1 len=14 (1 cp: U+2851)
    0x59, 0x80, 0x44, 0x84, 0x00, 0x80, 0x40, // off=0x238A start=5 len=10 (1 cp: U+2852)
    0x1D, 0x80, 0x40, 0x80, 0x00, 0x80, 0x44, 0x84, 0x00, 0x80, 0x40, // off=0x2391 start=1 len=14 (1 cp: U+2853)
    0x59, 0x80, 0x04, 0x80, 0x00, 0x80, 0x40, 0x80, 0x00, 0x80, 0x40, // off=0x239C start=5 len=10 (1 cp: U+2854)
    0x1D, 0x80, 0x40, 0x80, 0x00, 0x80, 0x04, 0x80, 0x00, 0x80, 0x40, 0x80, 0x00, 0x80, 0x40, // off=0x23A7 start=1 len=14 (1 cp: U+2855)
    0x59, 0x80, 0x44, 0x80, 0x00, 0x80, 0x40, 0x80, 0x00, 0x80, 0x40, // off=0x23B6 start=5 len=10 (1 cp: U+2856)
    0x1D, 0x80, 0x40, 0x80, 0x00, 0x80, 0x44, 0x80, 0x00, 0x80, 0x40, 0x80, 0x00, 0x80, 0x40, // off=0x23C1 start=1 len=14 (1 cp: U+2857)
    0x1D, 0x80, 0x04, 0x80, 0x00, 0x80, 0x04, 0x84, 0x00, 0x80, 0x40, // off=0x23D0 start=1 len=14 (1 cp: U+2858)
    0x1D, 0x80, 0x44, 0x80, 0x00, 0x80, 0x04, 0x84, 0x00, 0x80, 0x40, // off=0x23DB start=1 len=14 (1 cp: U+2859)
    0x1D, 0x80, 0x04, 0x80, 0x00, 0x80, 0x44, 0x84, 0x00, 0x80, 0x40, // off=0x23E6 start=1 len=14 (1 cp: U+285A)
    0x1D, 0x80, 0x44, 0x80, 0x00, 0x80, 0x44, 0x84, 0x00, 0x80, 0x40, // off=0x23F1 start=1 len=14 (1 cp: U+285B)
    0x1D, 0x80, 0x04, 0x80, 0x00, 0x80, 0x04, 0x80, 0x00, 0x80, 0x40, 0x80, 0x00, 0x80, 0x40, // off=0x23FC start=1 len=14 (1 cp: U+285C)
    0x1D, 0x80, 0x44, 0x80, 0x00, 0x80, 0x04, 0x80, 0x00, 0x80, 0x40, 0x80, 0x00, 0x80, 0x40, // off=0x240B start=1 len=14 (1 cp: U+285D)
    0x1D, 0x80, 0x04, 0x80, 0x00, 0x80, 0x44, 0x80, 0x00, 0x80, 0x40, 0x80, 0x00, 0x80, 0x40, // off=0x241A start=1 len=14 (1 cp: U+285E)
    0x1D, 0x80, 0x44, 0x80, 0x00, 0x80, 0x44, 0x80, 0x00, 0x80, 0x40, 0x80, 0x00, 0x80, 0x40, // off=0x2429 start=1 len=14 (1 cp: U+285F)
    0x95, 0x80, 0x04, 0x80, 0x00, 0x80, 0x40, // off=0x2438 start=9 len=6 (1 cp: U+2860)
    0x1D, 0x80, 0x40, 0x84, 0x00, 0x80, 0x04, 0x80, 0x00, 0x80, 0x40, // off=0x243F start=1 len=14 (1 cp: U+2861)
    0x59, 0x80, 0x40, 0x80, 0x00, 0x80, 0x04, 0x80, 0x00, 0x80, 0x40, // off=0x244A start=5 len=10 (1 cp: U+2862)
    0x1D, 0x80, 0x40, 0x80, 0x00, 0x80, 0x40, 0x80, 0x00, 0x80, 0x04, 0x80, 0x00, 0x80, 0x40, // off=0x2455 start=1 len=14 (1 cp: U+2863)
    0x95, 0x80, 0x44, 0x80, 0x00, 0x80, 0x40, // off=0x2464 start=9 len=6 (1 cp: U+2864)
    0x1D, 0x80, 0x40, 0x84, 0x00, 0x80, 0x44, 0x80, 0x00, 0x80, 0x40, // off=0x246B start=1 len=14 (1 cp: U+2865)
    0x59, 0x80, 0x40, 0x80, 0x00, 0x80, 0x44, 0x80, 0x00, 0x80, 0x40, // off=0x2476 start=5 len=10 (1 cp: U+2866)
    0x1D, 0x80, 0x40, 0x80, 0x00, 0x80, 0x40, 0x80, 0x00, 0x80, 0x44, 0x80, 0x00, 0x80, 0x40, // off=0x2481 start=1 len=14 (1 cp: U+2867)
    0x1D, 0x80, 0x04, 0x84, 0x00, 0x80, 0x04, 0x80, 0x00, 0x80, 0x40, // off=0x2490 start=1 len=14 (1 cp: U+2868)
    0x1D, 0x80, 0x44, 0x84, 0x00, 0x80, 0x04, 0x80, 0x00, 0x80, 0x40, // off=0x249B start=1 len=14 (1 cp: U+2869)
    0x1D, 0x80, 0x04, 0x80, 0x00, 0x80, 0x40, 0x80, 0x00, 0x80, 0x04, 0x80, 0x00, 0x80, 0x40, // off=0x24A6 start=1 len=14 (1 cp: U+286A)
    0x1D, 0x80, 0x44, 0x80, 0x00, 0x80, 0x40, 0x80, 0x00, 0x80, 0x04, 0x80, 0x00, 0x80, 0x40, // off=0x24B5 start=1 len=14 (1 cp: U+286B)
    0x1D, 0x80, 0x04, 0x84, 0x00, 0x80, 0x44, 0x80, 0x00, 0x80, 0x40, // off=0x24C4 start=1 len=14 (1 cp: U+286C)
    0x1D, 0x80, 0x44, 0x84, 0x00, 0x80, 0x44, 0x80, 0x00, 0x80, 0x40, // off=0x24CF start=1 len=14 (1 cp: U+286D)
    0x1D, 0x80, 0x04, 0x80, 0x00, 0x80, 0x40, 0x80, 0x00, 0x80, 0x44, 0x80, 0x00, 0x80, 0x40, // off=0x24DA start=1 len=14 (1 cp: U+286E)
    0x1D, 0x80, 0x44, 0x80, 0x00, 0x80, 0x40, 0x80, 0x00, 0x80, 0x44, 0x80, 0x00, 0x80, 0x40, // off=0x24E9 start=1 len=14 (1 cp: U+286F)
    0x59, 0x80, 0x04, 0x80, 0x00, 0x80, 0x04, 0x80, 0x00, 0x80, 0x40, // off=0x24F8 start=5 len=10 (1 cp: U+2870)
    0x1D, 0x80, 0x40, 0x80, 0x00, 0x80, 0x04, 0x80, 0x00, 0x80, 0x04, 0x80, 0x00, 0x80, 0x40, // off=0x2503 start=1 len=14 (1 cp: U+2871)
    0x59, 0x80, 0x44, 0x80, 0x00, 0x80, 0x04, 0x80, 0x00, 0x80, 0x40, // off=0x2512 start=5 len=10 (1 cp: U+2872)
    0x1D, 0x80, 0x40, 0x80, 0x00, 0x80, 0x44, 0x80, 0x00, 0x80, 0x04, 0x80, 0x00, 0x80, 0x40, // off=0x251D start=1 len=14 (1 cp: U+2873)
    0x59, 0x80, 0x04, 0x80, 0x00, 0x80, 0x44, 0x80, 0x00, 0x80, 0x40, // off=0x252C start=5 len=10 (1 cp: U+2874)
    0x1D, 0x80, 0x40, 0x80, 0x00, 0x80, 0x04, 0x80, 0x00, 0x80, 0x44, 0x80, 0x00, 0x80, 0x40, // off=0x2537 start=1 len=14 (1 cp: U+2875)
    0x59, 0x80, 0x44, 0x80, 0x00, 0x80, 0x44, 0x80, 0x00, 0x80, 0x40, // off=0x2546 start=5 len=10 (1 cp: U+2876)
    0x1D, 0x80, 0x40, 0x80, 0x00, 0x80, 0x44, 0x80, 0x00, 0x80, 0x44, 0x80, 0x00, 0x80, 0x40, // off=0x2551 start=1 len=14 (1 cp: U+2877)
    0x1D, 0x80, 0x04, 0x80, 0x00, 0x80, 0x04, 0x80, 0x00, 0x80, 0x04, 0x80, 0x00, 0x80, 0x40, // off=0x2560 start=1 len=14 (1 cp: U+2878)
    0x1D, 0x80, 0x44, 0x80, 0x00, 0x80, 0x04, 0x80, 0x00, 0x80, 0x04, 0x80, 0x00, 0x80, 0x40, // off=0x256F start=1 len=14 (1 cp: U+2879)
    0x1D, 0x80, 0x04, 0x80, 0x00, 0x80, 0x44, 0x80, 0x00, 0x80, 0x04, 0x80, 0x00, 0x80, 0x40, // off=0x257E start=1 len=14 (1 cp: U+287A)
    0x1D, 0x80, 0x44, 0x80, 0x00, 0x80, 0x44, 0x80, 0x00, 0x80, 0x04, 0x80, 0x00, 0x80, 0x40, // off=0x258D start=1 len=14 (1 cp: U+287B)
    0x1D, 0x80, 0x04, 0x80, 0x00, 0x80, 0x04, 0x80, 0x00, 0x80, 0x44, 0x80, 0x00, 0x80, 0x40, // off=0x259C start=1 len=14 (1 cp: U+287C)
    0x1D, 0x80, 0x44, 0x80, 0x00, 0x80, 0x04, 0x80, 0x00, 0x80, 0x44, 0x80, 0x00, 0x80, 0x40, // off=0x25AB start=1 len=14 (1 cp: U+287D)
    0x1D, 0x80, 0x04, 0x80, 0x00, 0x80, 0x44, 0x80, 0x00, 0x80, 0x44, 0x80, 0x00, 0x80, 0x40, // off=0x25BA start=1 len=14 (1 cp: U+287E)
    0x1D, 0x80, 0x44, 0x80, 0x00, 0x80, 0x44, 0x80, 0x00, 0x80, 0x44, 0x80, 0x00, 0x80, 0x40, // off=0x25C9 start=1 len=14 (1 cp: U+287F)
    0xD1, 0x80, 0x04, // off=0x25D8 start=13 len=2 (1 cp: U+2880)
    0x1D, 0x80, 0x40, 0x88, 0x00, 0x80, 0x04, // off=0x25DB start=1 len=14 (1 cp: U+2881)
    0x59, 0x80, 0x40, 0x84, 0x00, 0x80, 0x04, // off=0x25E2 start=5 len=10 (1 cp: U+2882)
    0x1D, 0x80, 0x40, 0x80, 0x00, 0x80, 0x40, 0x84, 0x00, 0x80, 0x04, // off=0x25E9 start=1 len=14 (1 cp: U+2883)
    0x95, 0x80, 0x40, 0x80, 0x00, 0x80, 0x04, // off=0x25F4 start=9 len=6 (1 cp: U+2884)
    0x1D, 0x80, 0x40, 0x84, 0x00, 0x80, 0x40, 0x80, 0x00, 0x80, 0x04, // off=0x25FB start=1 len=14 (1 cp: U+2885)
    0x59, 0x80, 0x40, 0x80, 0x00, 0x80, 0x40, 0x80, 0x00, 0x80, 0x04, // off=0x2606 start=5 len=10 (1 cp: U+2886)
    0x1D, 0x80, 0x40, 0x80, 0x00, 0x80, 0x40, 0x80, 0x00, 0x80, 0x40, 0x80, 0x00, 0x80, 0x04, // off=0x2611 start=1 len=14 (1 cp: U+2887)
    0x1D, 0x80, 0x04, 0x88, 0x00, 0x80, 0x04, // off=0x2620 start=1 len=14 (1 cp: U+2888)
    0x1D, 0x80, 0x44, 0x88, 0x00, 0x80, 0x04, // off=0x2627 start=1 len=14 (1 cp: U+2889)
    0x1D, 0x80, 0x04, 0x80, 0x00, 0x80, 0x40, 0x84, 0x00, 0x80, 0x04, // off=0x262E start=1 len=14 (1 cp: U+288A)
    0x1D, 0x80, 0x44, 0x80, 0x00, 0x80, 0x40, 0x84, 0x00, 0x80, 0x04, // off=0x2639 start=1 len=14 (1 cp: U+288B)
    0x1D, 0x80, 0x04, 0x84, 0x00, 0x80, 0x40, 0x80, 0x00, 0x80, 0x04, // off=0x2644 start=1 len=14 (1 cp: U+288C)
    0x1D, 0x80, 0x44, 0x84, 0x00, 0x80, 0x40, 0x80, 0x00, 0x80, 0x04, // off=0x264F start=1 len=14 (1 cp: U+288D)
    0x1D, 0x80, 0x04, 0x80, 0x00, 0x80, 0x40, 0x80, 0x00, 0x80, 0x40, 0x80, 0x00, 0x80, 0x04, // off=0x265A start=1 len=14 (1 cp: U+288E)
    0x1D, 0x80, 0x44, 0x80, 0x00, 0x80, 0x40, 0x80, 0x00, 0x80, 0x40, 0x80, 0x00, 0x80, 0x04, // off=0x2669 start=1 len=14 (1 cp: U+288F)
    0x59, 0x80, 0x04, 0x84, 0x00, 0x80, 0x04, // off=0x2678 start=5 len=10 (1 cp: U+2890)
    0x1D, 0x80, 0x40, 0x80, 0x00, 0x80, 0x04, 0x84, 0x00, 0x80, 0x04, // off=0x267F start=1 len=14 (1 cp: U+2891)
    0x59, 0x80, 0x44, 0x84, 0x00, 0x80, 0x04, // off=0x268A start=5 len=10 (1 cp: U+2892)
    0x1D, 0x80, 0x40, 0x80, 0x00, 0x80, 0x44, 0x84, 0x00, 0x80, 0x04, // off=0x2691 start=1 len=14 (1 cp: U+2893)
    0x59, 0x80, 0x04, 0x80, 0x00, 0x80, 0x40, 0x80, 0x00, 0x80, 0x04, // off=0x269C start=5 len=10 (1 cp: U+2894)
    0x1D, 0x80, 0x40, 0x80, 0x00, 0x80, 0x04, 0x80, 0x00, 0x80, 0x40, 0x80, 0x00, 0x80, 0x04, // off=0x26A7 start=1 len=14 (1 cp: U+2895)
    0x59, 0x80, 0x44, 0x80, 0x00, 0x80, 0x40, 0x80, 0x00, 0x80, 0x04, // off=0x26B6 start=5 len=10 (1 cp: U+2896)
    0x1D, 0x80, 0x40, 0x80, 0x00, 0x80, 0x44, 0x80, 0x00, 0x80, 0x40, 0x80, 0x00, 0x80, 0x04, // off=0x26C1 start=1 len=14 (1 cp: U+2897)
    0x1D, 0x80, 0x04, 0x80, 0x00, 0x80, 0x04, 0x84, 0x00, 0x80, 0x04, // off=0x26D0 start=1 len=14 (1 cp: U+2898)
    0x1D, 0x80, 0x44, 0x80, 0x00, 0x80, 0x04, 0x84, 0x00, 0x80, 0x04, // off=0x26DB start=1 len=14 (1 cp: U+2899)
    0x1D, 0x80, 0x04, 0x80, 0x00, 0x80, 0x44, 0x84, 0x00, 0x80, 0x04, // off=0x26E6 start=1 len=14 (1 cp: U+289A)
    0x1D, 0x80, 0x44, 0x80, 0x00, 0x80, 0x44, 0x84, 0x00, 0x80, 0x04, // off=0x26F1 start=1 len=14 (1 cp: U+289B)
    0x1D, 0x80, 0x04, 0x80, 0x00, 0x80, 0x04, 0x80, 0x00, 0x80, 0x40, 0x80, 0x00, 0x80, 0x04, // off=0x26FC start=1 len=14 (1 cp: U+289C)
    0x1D, 0x80, 0x44, 0x80, 0x00, 0x80, 0x04, 0x80, 0x00, 0x80, 0x40, 0x80, 0x00, 0x80, 0x04, // off=0x270B start=1 len=14 (1 cp: U+289D)
    0x1D, 0x80, 0x04, 0x80, 0x00, 0x80, 0x44, 0x80, 0x00, 0x80, 0x40, 0x80, 0x00, 0x80, 0x04, // off=0x271A start=1 len=14 (1 cp: U+289E)
    0x1D, 0x80, 0x44, 0x80, 0x00, 0x80, 0x44, 0x80, 0x00, 0x80, 0x40, 0x80, 0x00, 0x80, 0x04, // off=0x2729 start=1 len=14 (1 cp: U+289F)
    0x95, 0x80, 0x04, 0x80, 0x00, 0x80, 0x04, // off=0x2738 start=9 len=6 (1 cp: U+28A0)
    0x1D, 0x80, 0x40, 0x84, 0x00, 0x80, 0x04, 0x80, 0x00, 0x80, 0x04, // off=0x273F start=1 len=14 (1 cp: U+28A1)
    0x59, 0x80, 0x40, 0x80, 0x00, 0x80, 0x04, 0x80, 0x00, 0x80, 0x04, // off=0x274A start=5 len=10 (1 cp: U+28A2)
    0x1D, 0x80, 0x40, 0x80, 0x00, 0x80, 0x40, 0x80, 0x00, 0x80, 0x04, 0x80, 0x00, 0x80, 0x04, // off=0x2755 start=1 len=14 (1 cp: U+28A3)
    0x95, 0x80, 0x44, 0x80, 0x00, 0x80, 0x04, // off=0x2764 start=9 len=6 (1 cp: U+28A4)
    0x1D, 0x80, 0x40, 0x84, 0x00, 0x80, 0x44, 0x80, 0x00, 0x80, 0x04, // off=0x276B start=1 len=14 (1 cp: U+28A5)
    0x59, 0x80, 0x40, 0x80, 0x00, 0x80, 0x44, 0x80, 0x00, 0x80, 0x04, // off=0x2776 start=5 len=10 (1 cp: U+28A6)
    0x1D, 0x80, 0x40, 0x80, 0x00, 0x80, 0x40, 0x80, 0x00, 0x80, 0x44, 0x80, 0x00, 0x80, 0x04, // off=0x2781 start=1 len=14 (1 cp: U+28A7)
    0x1D, 0x80, 0x04, 0x84, 0x00, 0x80, 0x04, 0x80, 0x00, 0x80, 0x04, // off=0x2790 start=1 len=14 (1 cp: U+28A8)
    0x1D, 0x80, 0x44, 0x84, 0x00, 0x80, 0x04, 0x80, 0x00, 0x80, 0x04, // off=0x279B start=1 len=14 (1 cp: U+28A9)
    0x1D, 0x80, 0x04, 0x80, 0x00, 0x80, 0x40, 0x80, 0x00, 0x80, 0x04, 0x80, 0x00, 0x80, 0x04, // off=0x27A6 start=1 len=14 (1 cp: U+28AA)
    0x1D, 0x80, 0x44, 0x80, 0x00, 0x80, 0x40, 0x80, 0x00, 0x80, 0x04, 0x80, 0x00, 0x80, 0x04, // off=0x27B5 start=1 len=14 (1 cp: U+28AB)
    0x1D, 0x80, 0x04, 0x84, 0x00, 0x80, 0x44, 0x80, 0x00, 0x80, 0x04, // off=0x27C4 start=1 len=14 (1 cp: U+28AC)
    0x1D, 0x80, 0x44, 0x84, 0x00, 0x80, 0x44, 0x80, 0x00, 0x80, 0x04, // off=0x27CF start=1 len=14 (1 cp: U+28AD)
    0x1D, 0x80, 0x04, 0x80, 0x00, 0x80, 0x40, 0x80, 0x00, 0x80, 0x44, 0x80, 0x00, 0x80, 0x04, // off=0x27DA start=1 len=14 (1 cp: U+28AE)
    0x1D, 0x80, 0x44, 0x80, 0x00, 0x80, 0x40, 0x80, 0x00, 0x80, 0x44, 0x80, 0x00, 0x80, 0x04, // off=0x27E9 start=1 len=14 (1 cp: U+28AF)
    0x59, 0x80, 0x04, 0x80, 0x00, 0x80, 0x04, 0x80, 0x00, 0x80, 0x04, // off=0x27F8 start=5 len=10 (1 cp: U+28B0)
    0x1D, 0x80, 0x40, 0x80, 0x00, 0x80, 0x04, 0x80, 0x00, 0x80, 0x04, 0x80, 0x00, 0x80, 0x04, // off=0x2803 start=1 len=14 (1 cp: U+28B1)
    0x59, 0x80, 0x44, 0x80, 0x00, 0x80, 0x04, 0x80, 0x00, 0x80, 0x04, // off=0x2812 start=5 len=10 (1 cp: U+28B2)
    0x1D, 0x80, 0x40, 0x80, 0x00, 0x80, 0x44, 0x80, 0x00, 0x80, 0x04, 0x80, 0x00, 0x80, 0x04, // off=0x281D start=1 len=14 (1 cp: U+28B3)
    0x59, 0x80, 0x04, 0x80, 0x00, 0x80, 0x44, 0x80, 0x00, 0x80, 0x04, // off=0x282C start=5 len=10 (1 cp: U+28B4)
    0x1D, 0x80, 0x40, 0x80, 0x00, 0x80, 0x04, 0x80, 0x00, 0x80, 0x44, 0x80, 0x00, 0x80, 0x04, // off=0x2837 start=1 len=14 (1 cp: U+28B5)
    0x59, 0x80, 0x44, 0x80, 0x00, 0x80, 0x44, 0x80, 0x00, 0x80, 0x04, // off=0x2846 start=5 len=10 (1 cp: U+28B6)
    0x1D, 0x80, 0x40, 0x80, 0x00, 0x80, 0x44, 0x80, 0x00, 0x80, 0x44, 0x80, 0x00, 0x80, 0x04, // off=0x2851 start=1 len=14 (1 cp: U+28B7)
    0x1D, 0x80, 0x04, 0x80, 0x00, 0x80, 0x04, 0x80, 0x00, 0x80, 0x04, 0x80, 0x00, 0x80, 0x04, // off=0x2860 start=1 len=14 (1 cp: U+28B8)
    0x1D, 0x80, 0x44, 0x80, 0x00, 0x80, 0x04, 0x80, 0x00, 0x80, 0x04, 0x80, 0x00, 0x80, 0x04, // off=0x286F start=1 len=14 (1 cp: U+28B9)
    0x1D, 0x80, 0x04, 0x80, 0x00, 0x80, 0x44, 0x80, 0x00, 0x80, 0x04, 0x80, 0x00, 0x80, 0x04, // off=0x287E start=1 len=14 (1 cp: U+28BA)
    0x1D, 0x80, 0x44, 0x80, 0x00, 0x80, 0x44, 0x80, 0x00, 0x80, 0x04, 0x80, 0x00, 0x80, 0x04, // off=0x288D start=1 len=14 (1 cp: U+28BB)
    0x1D, 0x80, 0x04, 0x80, 0x00, 0x80, 0x04, 0x80, 0x00, 0x80, 0x44, 0x80, 0x00, 0x80, 0x04, // off=0x289C start=1 len=14 (1 cp: U+28BC)
    0x1D, 0x80, 0x44, 0x80, 0x00, 0x80, 0x04, 0x80, 0x00, 0x80, 0x44, 0x80, 0x00, 0x80, 0x04, // off=0x28AB start=1 len=14 (1 cp: U+28BD)
    0x1D, 0x80, 0x04, 0x80, 0x00, 0x80, 0x44, 0x80, 0x00, 0x80, 0x44, 0x80, 0x00, 0x80, 0x04, // off=0x28BA start=1 len=14 (1 cp: U+28BE)
    0x1D, 0x80, 0x44, 0x80, 0x00, 0x80, 0x44, 0x80, 0x00, 0x80, 0x44, 0x80, 0x00, 0x80, 0x04, // off=0x28C9 start=1 len=14 (1 cp: U+28BF)
    0xD1, 0x80, 0x44, // off=0x28D8 start=13 len=2 (1 cp: U+28C0)
    0x1D, 0x80, 0x40, 0x88, 0x00, 0x80, 0x44, // off=0x28DB start=1 len=14 (1 cp: U+28C1)
    0x59, 0x80, 0x40, 0x84, 0x00, 0x80, 0x44, // off=0x28E2 start=5 len=10 (1 cp: U+28C2)
    0x1D, 0x80, 0x40, 0x80, 0x00, 0x80, 0x40, 0x84, 0x00, 0x80, 0x44, // off=0x28E9 start=1 len=14 (1 cp: U+28C3)
    0x95, 0x80, 0x40, 0x80, 0x00, 0x80, 0x44, // off=0x28F4 start=9 len=6 (1 cp: U+28C4)
    0x1D, 0x80, 0x40, 0x84, 0x00, 0x80, 0x40, 0x80, 0x00, 0x80, 0x44, // off=0x28FB start=1 len=14 (1 cp: U+28C5)
    0x59, 0x80, 0x40, 0x80, 0x00, 0x80, 0x40, 0x80, 0x00, 0x80, 0x44, // off=0x2906 start=5 len=10 (1 cp: U+28C6)
    0x1D, 0x80, 0x40, 0x80, 0x00, 0x80, 0x40, 0x80, 0x00, 0x80, 0x40, 0x80, 0x00, 0x80, 0x44, // off=0x2911 start=1 len=14 (1 cp: U+28C7)
    0x1D, 0x80, 0x04, 0x88, 0x00, 0x80, 0x44, // off=0x2920 start=1 len=14 (1 cp: U+28C8)
    0x1D, 0x80, 0x44, 0x88, 0x00, 0x80, 0x44, // off=0x2927 start=1 len=14 (1 cp: U+28C9)
    0x1D, 0x80, 0x04, 0x80, 0x00, 0x80, 0x40, 0x84, 0x00, 0x80, 0x44, // off=0x292E start=1 len=14 (1 cp: U+28CA)
    0x1D, 0x80, 0x44, 0x80, 0x00, 0x80, 0x40, 0x84, 0x00, 0x80, 0x44, // off=0x2939 start=1 len=14 (1 cp: U+28CB)
    0x1D, 0x80, 0x04, 0x84, 0x00, 0x80, 0x40, 0x80, 0x00, 0x80, 0x44, // off=0x2944 start=1 len=14 (1 cp: U+28CC)
    0x1D, 0x80, 0x44, 0x84, 0x00, 0x80, 0x40, 0x80, 0x00, 0x80, 0x44, // off=0x294F start=1 len=14 (1 cp: U+28CD)
    0x1D, 0x80, 0x04, 0x80, 0x00, 0x80, 0x40, 0x80, 0x00, 0x80, 0x40, 0x80, 0x00, 0x80, 0x44, // off=0x295A start=1 len=14 (1 cp: U+28CE)
    0x1D, 0x80, 0x44, 0x80, 0x00, 0x80, 0x40, 0x80, 0x00, 0x80, 0x40, 0x80, 0x00, 0x80, 0x44, // off=0x2969 start=1 len=14 (1 cp: U+28CF)
    0x59, 0x80, 0x04, 0x84, 0x00, 0x80, 0x44, // off=0x2978 start=5 len=10 (1 cp: U+28D0)
    0x1D, 0x80, 0x40, 0x80, 0x00, 0x80, 0x04, 0x84, 0x00, 0x80, 0x44, // off=0x297F start=1 len=14 (1 cp: U+28D1)
    0x59, 0x80, 0x44, 0x84, 0x00, 0x80, 0x44, // off=0x298A start=5 len=10 (1 cp: U+28D2)
    0x1D, 0x80, 0x40, 0x80, 0x00, 0x80, 0x44, 0x84, 0x00, 0x80, 0x44, // off=0x2991 start=1 len=14 (1 cp: U+28D3)
    0x59, 0x80, 0x04, 0x80, 0x00, 0x80, 0x40, 0x80, 0x00, 0x80, 0x44, // off=0x299C start=5 len=10 (1 cp: U+28D4)
    0x1D, 0x80, 0x40, 0x80, 0x00, 0x80, 0x04, 0x80, 0x00, 0x80, 0x40, 0x80, 0x00, 0x80, 0x44, // off=0x29A7 start=1 len=14 (1 cp: U+28D5)
    0x59, 0x80, 0x44, 0x80, 0x00, 0x80, 0x40, 0x80, 0x00, 0x80, 0x44, // off=0x29B6 start=5 len=10 (1 cp: U+28D6)
    0x1D, 0x80, 0x40, 0x80, 0x00, 0x80, 0x44, 0x80, 0x00, 0x80, 0x40, 0x80, 0x00, 0x80, 0x44, // off=0x29C1 start=1 len=14 (1 cp: U+28D7)
    0x1D, 0x80, 0x04, 0x80, 0x00, 0x80, 0x04, 0x84, 0x00, 0x80, 0x44, // off=0x29D0 start=1 len=14 (1 cp: U+28D8)
    0x1D, 0x80, 0x44, 0x80, 0x00, 0x80, 0x04, 0x84, 0x00, 0x80, 0x44, // off=0x29DB start=1 len=14 (1 cp: U+28D9)
    0x1D, 0x80, 0x04, 0x80, 0x00, 0x80, 0x44, 0x84, 0x00, 0x80, 0x44, // off=0x29E6 start=1 len=14 (1 cp: U+28DA)
    0x1D, 0x80, 0x44, 0x80, 0x00, 0x80, 0x44, 0x84, 0x00, 0x80, 0x44, // off=0x29F1 start=1 len=14 (1 cp: U+28DB)
    0x1D, 0x80, 0x04, 0x80, 0x00, 0x80, 0x04, 0x80, 0x00, 0x80, 0x40, 0x80, 0x00, 0x80, 0x44, // off=0x29FC start=1 len=14 (1 cp: U+28DC)
    0x1D, 0x80, 0x44, 0x80, 0x00, 0x80, 0x04, 0x80, 0x00, 0x80, 0x40, 0x80, 0x00, 0x80, 0x44, // off=0x2A0B start=1 len=14 (1 cp: U+28DD)
    0x1D, 0x80, 0x04, 0x80, 0x00, 0x80, 0x44, 0x80, 0x00, 0x80, 0x40, 0x80, 0x00, 0x80, 0x44, // off=0x2A1A start=1 len=14 (1 cp: U+28DE)
    0x1D, 0x80, 0x44, 0x80, 0x00, 0x80, 0x44, 0x80, 0x00, 0x80, 0x40, 0x80, 0x00, 0x80, 0x44, // off=0x2A29 start=1 len=14 (1 cp: U+28DF)
    0x95, 0x80, 0x04, 0x80, 0x00, 0x80, 0x44, // off=0x2A38 start=9 len=6 (1 cp: U+28E0)
    0x1D, 0x80, 0x40, 0x84, 0x00, 0x80, 0x04, 0x80, 0x00, 0x80, 0x44, // off=0x2A3F start=1 len=14 (1 cp: U+28E1)
    0x59, 0x80, 0x40, 0x80, 0x00, 0x80, 0x04, 0x80, 0x00, 0x80, 0x44, // off=0x2A4A start=5 len=10 (1 cp: U+28E2)
    0x1D, 0x80, 0x40, 0x80, 0x00, 0x80, 0x40, 0x80, 0x00, 0x80, 0x04, 0x80, 0x00, 0x80, 0x44, // off=0x2A55 start=1 len=14 (1 cp: U+28E3)
    0x95, 0x80, 0x44, 0x80, 0x00, 0x80, 0x44, // off=0x2A64 start=9 len=6 (1 cp: U+28E4)
    0x1D, 0x80, 0x40, 0x84, 0x00, 0x80, 0x44, 0x80, 0x00, 0x80, 0x44, // off=0x2A6B start=1 len=14 (1 cp: U+28E5)
    0x59, 0x80, 0x40, 0x80, 0x00, 0x80, 0x44, 0x80, 0x00, 0x80, 0x44, // off=0x2A76 start=5 len=10 (1 cp: U+28E6)
    0x1D, 0x80, 0x40, 0x80, 0x00, 0x80, 0x40, 0x80, 0x00, 0x80, 0x44, 0x80, 0x00, 0x80, 0x44, // off=0x2A81 start=1 len=14 (1 cp: U+28E7)
    0x1D, 0x80, 0x04, 0x84, 0x00, 0x80, 0x04, 0x80, 0x00, 0x80, 0x44, // off=0x2A90 start=1 len=14 (1 cp: U+28E8)
    0x1D, 0x80, 0x44, 0x84, 0x00, 0x80, 0x04, 0x80, 0x00, 0x80, 0x44, // off=0x2A9B start=1 len=14 (1 cp: U+28E9)
    0x1D, 0x80, 0x04, 0x80, 0x00, 0x80, 0x40, 0x80, 0x00, 0x80, 0x04, 0x80, 0x00, 0x80, 0x44, // off=0x2AA6 start=1 len=14 (1 cp: U+28EA)
    0x1D, 0x80, 0x44, 0x80, 0x00, 0x80, 0x40, 0x80, 0x00, 0x80, 0x04, 0x80, 0x00, 0x80, 0x44, // off=0x2AB5 start=1 len=14 (1 cp: U+28EB)
    0x1D, 0x80, 0x04, 0x84, 0x00, 0x80, 0x44, 0x80, 0x00, 0x80, 0x44, // off=0x2AC4 start=1 len=14 (1 cp: U+28EC)
    0x1D, 0x80, 0x44, 0x84, 0x00, 0x80, 0x44, 0x80, 0x00, 0x80, 0x44, // off=0x2ACF start=1 len=14 (1 cp: U+28ED)
    0x1D, 0x80, 0x04, 0x80, 0x00, 0x80, 0x40, 0x80, 0x00, 0x80, 0x44, 0x80, 0x00, 0x80, 0x44, // off=0x2ADA start=1 len=14 (1 cp: U+28EE)
    0x1D, 0x80, 0x44, 0x80, 0x00, 0x80, 0x40, 0x80, 0x00, 0x80, 0x44, 0x80, 0x00, 0x80, 0x44, // off=0x2AE9 start=1 len=14 (1 cp: U+28EF)
    0x59, 0x80, 0x04, 0x80, 0x00, 0x80, 0x04, 0x80, 0x00, 0x80, 0x44, // off=0x2AF8 start=5 len=10 (1 cp: U+28F0)
    0x1D, 0x80, 0x40, 0x80, 0x00, 0x80, 0x04, 0x80, 0x00, 0x80, 0x04, 0x80, 0x00, 0x80, 0x44, // off=0x2B03 start=1 len=14 (1 cp: U+28F1)
    0x59, 0x80, 0x44, 0x80, 0x00, 0x80, 0x04, 0x80, 0x00, 0x80, 0x44, // off=0x2B12 start=5 len=10 (1 cp: U+28F2)
    0x1D, 0x80, 0x40, 0x80, 0x00, 0x80, 0x44, 0x80, 0x00, 0x80, 0x04, 0x80, 0x00, 0x80, 0x44, // off=0x2B1D start=1 len=14 (1 cp: U+28F3)
    0x59, 0x80, 0x04, 0x80, 0x00, 0x80, 0x44, 0x80, 0x00, 0x80, 0x44, // off=0x2B2C start=5 len=10 (1 cp: U+28F4)
    0x1D, 0x80, 0x40, 0x80, 0x00, 0x80, 0x04, 0x80, 0x00, 0x80, 0x44, 0x80, 0x00, 0x80, 0x44, // off=0x2B37 start=1 len=14 (1 cp: U+28F5)
    0x59, 0x80, 0x44, 0x80, 0x00, 0x80, 0x44, 0x80, 0x00, 0x80, 0x44, // off=0x2B46 start=5 len=10 (1 cp: U+28F6)
    0x1D, 0x80, 0x40, 0x80, 0x00, 0x80, 0x44, 0x80, 0x00, 0x80, 0x44, 0x80, 0x00, 0x80, 0x44, // off=0x2B51 start=1 len=14 (1 cp: U+28F7)
    0x1D, 0x80, 0x04, 0x80, 0x00, 0x80, 0x04, 0x80, 0x00, 0x80, 0x04, 0x80, 0x00, 0x80, 0x44, // off=0x2B60 start=1 len=14 (1 cp: U+28F8)
    0x1D, 0x80, 0x44, 0x80, 0x00, 0x80, 0x04, 0x80, 0x00, 0x80, 0x04, 0x80, 0x00, 0x80, 0x44, // off=0x2B6F start=1 len=14 (1 cp: U+28F9)
    0x1D, 0x80, 0x04, 0x80, 0x00, 0x80, 0x44, 0x80, 0x00, 0x80, 0x04, 0x80, 0x00, 0x80, 0x44, // off=0x2B7E start=1 len=14 (1 cp: U+28FA)
    0x1D, 0x80, 0x44, 0x80, 0x00, 0x80, 0x44, 0x80, 0x00, 0x80, 0x04, 0x80, 0x00, 0x80, 0x44, // off=0x2B8D start=1 len=14 (1 cp: U+28FB)
    0x1D, 0x80, 0x04, 0x80, 0x00, 0x80, 0x04, 0x80, 0x00, 0x80, 0x44, 0x80, 0x00, 0x80, 0x44, // off=0x2B9C start=1 len=14 (1 cp: U+28FC)
    0x1D, 0x80, 0x44, 0x80, 0x00, 0x80, 0x04, 0x80, 0x00, 0x80, 0x44, 0x80, 0x00, 0x80, 0x44, // off=0x2BAB start=1 len=14 (1 cp: U+28FD)
    0x1D, 0x80, 0x04, 0x80, 0x00, 0x80, 0x44, 0x80, 0x00, 0x80, 0x44, 0x80, 0x00, 0x80, 0x44, // off=0x2BBA start=1 len=14 (1 cp: U+28FE)
    0x1D, 0x80, 0x44, 0x80, 0x00, 0x80, 0x44, 0x80, 0x00, 0x80, 0x44, 0x80, 0x00, 0x80, 0x44, // off=0x2BC9 start=1 len=14 (1 cp: U+28FF)
    0x56, 0x80, 0x42, 0x81, 0x00, 0x80, 0x42, // off=0x2BD8 start=5 len=7 (1 cp: U+2E2C)
    0x0F, 0x0A, 0x80, 0x80, 0x88, 0x9C, 0xAA, 0x88, 0x88, 0x88, 0x10, 0x20, 0x40, 0x83, 0x80, // off=0x2BDF start=0 len=16 (1 cp: U+E0A0)
    0x1C, 0x83, 0x80, 0x07, 0xF8, 0x00, 0x11, 0x19, 0x15, 0x13, 0x11, 0x11, // off=0x2BEE start=1 len=13 (1 cp: U+E0A1)
    0x1C, 0x00, 0x38, 0x82, 0x44, 0x04, 0xFE, 0xFE, 0xEE, 0xC6, 0xEE, 0x81, 0xFE, // off=0x2BFA start=1 len=13 (1 cp: U+E0A2)
    0x0F, 0x0F, 0x80, 0xC0, 0xE0, 0xF0, 0xF8, 0xFC, 0xFE, 0xFF, 0xFF, 0xFE, 0xFC, 0xF8, 0xF0, 0xE0, 0xC0, 0x80, // off=0x2C07 start=0 len=16 (1 cp: U+E0B0)
    0x0F, 0x0F, 0x80, 0x40, 0x20, 0x10, 0x08, 0x04, 0x02, 0x01, 0x01, 0x02, 0x04, 0x08, 0x10, 0x20, 0x40, 0x80, // off=0x2C19 start=0 len=16 (1 cp: U+E0B1)
    0x0F, 0x0F, 0x01, 0x03, 0x07, 0x0F, 0x1F, 0x3F, 0x7F, 0xFF, 0xFF, 0x7F, 0x3F, 0x1F, 0x0F, 0x07, 0x03, 0x01, // off=0x2C2B start=0 len=16 (1 cp: U+E0B2)
    0x0F, 0x0F, 0x01, 0x02, 0x04, 0x08, 0x10, 0x20, 0x40, 0x80, 0x80, 0x40, 0x20, 0x10, 0x08, 0x04, 0x02, 0x01, // off=0x2C3D start=0 len=16 (1 cp: U+E0B3)
    0x29, 0x00, 0x7E, 0x86, 0x42, 0x00, 0x7E, // off=0x2C4F start=2 len=10 (1 cp: U+FFFD)
};

const uint16_t terminus8x16_pool_bytes = 11350;

static const uint16_t font_idx_0000_0000[] = {
    0x0000, // U+0000
};

static const uint16_t font_idx_0020_007E[] = {
    0x000C, // U+0020
    0x000F, // U+0021
    0x0016, // U+0022
    0x0019, // U+0023
    0x0023, // U+0024
    0x0032, // U+0025
    0x003E, // U+0026
    0x004A, // U+0027
    0x004D, // U+0028
    0x0056, // U+0029
    0x005F, // U+002A
    0x0066, // U+002B
    0x006D, // U+002C
    0x0072, // U+002D
    0x0075, // U+002E
    0x0078, // U+002F
    0x0083, // U+0030
    0x008F, // U+0031
    0x0098, // U+0032
    0x00A4, // U+0033
    0x00B0, // U+0034
    0x00BB, // U+0035
    0x00C7, // U+0036
    0x00D2, // U+0037
    0x00DD, // U+0038
    0x00E8, // U+0039
    0x00F3, // U+003A
    0x00FA, // U+003B
    0x0103, // U+003C
    0x010E, // U+003D
    0x0114, // U+003E
    0x011F, // U+003F
    0x012B, // U+0040
    0x0137, // U+0041
    0x0140, // U+0042
    0x014B, // U+0043
    0x0156, // U+0044
    0x015F, // U+0045
    0x016A, // U+0046
    0x0173, // U+0047
    0x017F, // U+0048
    0x0186, // U+0049
    0x018D, // U+004A
    0x0196, // U+004B
    0x01A2, // U+004C
    0x01A7, // U+004D
    0x01B0, // U+004E
    0x01BA, // U+004F
    0x01C1, // U+0050
    0x01CA, // U+0051
    0x01D3, // U+0052
    0x01DE, // U+0053
    0x01EA, // U+0054
    0x01EF, // U+0055
    0x01F4, // U+0056
    0x01FB, // U+0057
    0x0204, // U+0058
    0x020F, // U+0059
    0x0218, // U+005A
    0x0224, // U+005B
    0x022B, // U+005C
    0x0236, // U+005D
    0x023D, // U+005E
    0x0242, // U+005F
    0x0245, // U+0060
    0x0249, // U+0061
    0x0252, // U+0062
    0x025B, // U+0063
    0x0264, // U+0064
    0x026D, // U+0065
    0x0276, // U+0066
    0x027E, // U+0067
    0x0288, // U+0068
    0x028F, // U+0069
    0x0299, // U+006A
    0x02A5, // U+006B
    0x02B0, // U+006C
    0x02B7, // U+006D
    0x02BC, // U+006E
    0x02C1, // U+006F
    0x02C8, // U+0070
    0x02D1, // U+0071
    0x02DA, // U+0072
    0x02E0, // U+0073
    0x02E9, // U+0074
    0x02F2, // U+0075
    0x02F7, // U+0076
    0x02FE, // U+0077
    0x0305, // U+0078
    0x030E, // U+0079
    0x0316, // U+007A
    0x031F, // U+007B
    0x032A, // U+007C
    0x032D, // U+007D
    0x0338, // U+007E
};

static const uint16_t font_idx_00A0_017F[] = {
    0x000C, // U+00A0
    0x033D, // U+00A1
    0x0344, // U+00A2
    0x0351, // U+00A3
    0x035D, // U+00A4
    0x0366, // U+00A5
    0x0372, // U+00A6
    0x0379, // U+00A7
    0x0387, // U+00A8
    0x038A, // U+00A9
    0x0395, // U+00AA
    0x039E, // U+00AB
    0x03A7, // U+00AC
    0x03AC, // U+00AD
    0x03AF, // U+00AE
    0x03BA, // U+00AF
    0x03BD, // U+00B0
    0x03C3, // U+00B1
    0x03CC, // U+00B2
    0x03D4, // U+00B3
    0x03DC, // U+00B4
    0x03E0, // U+00B5
    0x03E8, // U+00B6
    0x03F1, // U+00B7
    0x03F4, // U+00B8
    0x03F9, // U+00B9
    0x0401, // U+00BA
    0x040A, // U+00BB
    0x0413, // U+00BC
    0x0422, // U+00BD
    0x0431, // U+00BE
    0x0440, // U+00BF
    0x044C, // U+00C0
    0x0458, // U+00C1
    0x0464, // U+00C2
    0x0470, // U+00C3
    0x047C, // U+00C4
    0x0488, // U+00C5
    0x0494, // U+00C6
    0x049F, // U+00C7
    0x04AD, // U+00C8
    0x04BB, // U+00C9
    0x04C9, // U+00CA
    0x04D7, // U+00CB
    0x04E5, // U+00CC
    0x04EF, // U+00CD
    0x04F9, // U+00CE
    0x0503, // U+00CF
    0x050D, // U+00D0
    0x0519, // U+00D1
    0x0526, // U+00D2
    0x0530, // U+00D3
    0x053A, // U+00D4
    0x0544, // U+00D5
    0x054E, // U+00D6
    0x0558, // U+00D7
    0x0560, // U+00D8
    0x056C, // U+00D9
    0x0574, // U+00DA
    0x057C, // U+00DB
    0x0585, // U+00DC
    0x058E, // U+00DD
    0x0599, // U+00DE
    0x05A4, // U+00DF
    0x05B0, // U+00E0
    0x05BC, // U+00E1
    0x05C8, // U+00E2
    0x05D4, // U+00E3
    0x05E0, // U+00E4
    0x05EC, // U+00E5
    0x05F8, // U+00E6
    0x0601, // U+00E7
    0x060D, // U+00E8
    0x0619, // U+00E9
    0x0625, // U+00EA
    0x0631, // U+00EB
    0x063D, // U+00EC
    0x0647, // U+00ED
    0x0651, // U+00EE
    0x065B, // U+00EF
    0x0665, // U+00F0
    0x066F, // U+00F1
    0x0677, // U+00F2
    0x0681, // U+00F3
    0x068B, // U+00F4
    0x0695, // U+00F5
    0x069F, // U+00F6
    0x06A9, // U+00F7
    0x06B2, // U+00F8
    0x06BC, // U+00F9
    0x06C5, // U+00FA
    0x06CE, // U+00FB
    0x06D7, // U+00FC
    0x06E0, // U+00FD
    0x06EC, // U+00FE
    0x06F7, // U+00FF
    0x0703, // U+0100
    0x070E, // U+0101
    0x0719, // U+0102
    0x0725, // U+0103
    0x0731, // U+0104
    0x073E, // U+0105
    0x074A, // U+0106
    0x0758, // U+0107
    0x0764, // U+0108
    0x0772, // U+0109
    0x077E, // U+010A
    0x078C, // U+010B
    0x0798, // U+010C
    0x07A6, // U+010D
    0x07B2, // U+010E
    0x07BE, // U+010F
    0x050D, // U+0110
    0x07CA, // U+0111
    0x07D4, // U+0112
    0x07E1, // U+0113
    0x07EC, // U+0114
    0x07FA, // U+0115
    0x0806, // U+0116
    0x0814, // U+0117
    0x0820, // U+0118
    0x082E, // U+0119
    0x07EC, // U+011A
    0x07FA, // U+011B
    0x083A, // U+011C
    0x0848, // U+011D
    0x0855, // U+011E
    0x0863, // U+011F
    0x0870, // U+0120
    0x087E, // U+0121
    0x088B, // U+0122
    0x089B, // U+0123
    0x08A9, // U+0124
    0x08B4, // U+0125
    0x08BE, // U+0126
    0x08C7, // U+0127
    0x08CF, // U+0128
    0x08D9, // U+0129
    0x08E3, // U+012A
    0x08EC, // U+012B
    0x08F5, // U+012C
    0x08FF, // U+012D
    0x0909, // U+012E
    0x0913, // U+012F
    0x0920, // U+0130
    0x092A, // U+0131
    0x0931, // U+0132
    0x093A, // U+0133
    0x0947, // U+0134
    0x0953, // U+0135
    0x095F, // U+0136
    0x096F, // U+0137
    0x097E, // U+0138
    0x0987, // U+0139
    0x0990, // U+013A
    0x099A, // U+013B
    0x09A3, // U+013C
    0x09AE, // U+013D
    0x09B6, // U+013E
    0x09C0, // U+013F
    0x09C9, // U+0140
    0x09D4, // U+0141
    0x09DE, // U+0142
    0x09EA, // U+0143
    0x09F7, // U+0144
    0x09FF, // U+0145
    0x0A0E, // U+0146
    0x0A18, // U+0147
    0x0A25, // U+0148
    0x0A2D, // U+0149
    0x0A36, // U+014A
    0x0A44, // U+014B
    0x0A4D, // U+014C
    0x0A56, // U+014D
    0x0A5F, // U+014E
    0x0A69, // U+014F
    0x0A73, // U+0150
    0x0A7D, // U+0151
    0x0A87, // U+0152
    0x0A92, // U+0153
    0x0A9B, // U+0154
    0x0AA9, // U+0155
    0x0AB2, // U+0156
    0x0AC1, // U+0157
    0x0ACC, // U+0158
    0x0ADA, // U+0159
    0x0AE3, // U+015A
    0x0AF1, // U+015B
    0x0AFD, // U+015C
    0x0B0B, // U+015D
    0x0B17, // U+015E
    0x0B26, // U+015F
    0x0B32, // U+0160
    0x0B40, // U+0161
    0x0B4C, // U+0162
    0x0B55, // U+0163
    0x0B61, // U+0164
    0x0B69, // U+0165
    0x0B75, // U+0166
    0x0B7E, // U+0167
    0x0B89, // U+0168
    0x0B92, // U+0169
    0x0B9B, // U+016A
    0x0BA3, // U+016B
    0x0BAB, // U+016C
    0x0BB3, // U+016D
    0x0BBC, // U+016E
    0x0BC5, // U+016F
    0x0BCE, // U+0170
    0x0BD7, // U+0171
    0x0BE0, // U+0172
    0x0BE8, // U+0173
    0x0BF0, // U+0174
    0x0BFD, // U+0175
    0x0C08, // U+0176
    0x0C14, // U+0177
    0x0C20, // U+0178
    0x0C2C, // U+0179
    0x0C3A, // U+017A
    0x0C46, // U+017B
    0x0C54, // U+017C
    0x0C60, // U+017D
    0x0C6E, // U+017E
    0x0C7A, // U+017F
};

static const uint16_t font_idx_0186_0186[] = {
    0x0C7F, // U+0186
};

static const uint16_t font_idx_018E_0192[] = {
    0x0C8A, // U+018E
    0x0C95, // U+018F
    0x0CA0, // U+0190
    0x011F, // U+0191
    0x0CAC, // U+0192
};

static const uint16_t font_idx_019D_019E[] = {
    0x0CB8, // U+019D
    0x0CC6, // U+019E
};

static const uint16_t font_idx_01B5_01B7[] = {
    0x0CCD, // U+01B5
    0x0CD9, // U+01B6
    0x0CE2, // U+01B7
};

static const uint16_t font_idx_01CD_01D4[] = {
    0x0719, // U+01CD
    0x0725, // U+01CE
    0x08F5, // U+01CF
    0x08FF, // U+01D0
    0x0A5F, // U+01D1
    0x0A69, // U+01D2
    0x0BAB, // U+01D3
    0x0BB3, // U+01D4
};

static const uint16_t font_idx_01E2_01F5[] = {
    0x0CEE, // U+01E2
    0x0CFB, // U+01E3
    0x0D06, // U+01E4
    0x0D12, // U+01E5
    0x0855, // U+01E6
    0x0863, // U+01E7
    0x0D1E, // U+01E8
    0x0D2C, // U+01E9
    0x0D3A, // U+01EA
    0x0D44, // U+01EB
    0x0D4E, // U+01EC
    0x0D5A, // U+01ED
    0x0D66, // U+01EE
    0x0D74, // U+01EF
    0x0D83, // U+01F0
    0x011F, // U+01F1
    0x011F, // U+01F2
    0x011F, // U+01F3
    0x0D8F, // U+01F4
    0x0D9D, // U+01F5
};

static const uint16_t font_idx_01FC_01FF[] = {
    0x0DAA, // U+01FC
    0x0DB8, // U+01FD
    0x0DC4, // U+01FE
    0x0DD2, // U+01FF
};

static const uint16_t font_idx_0218_021B[] = {
    0x0DDE, // U+0218
    0x0DEE, // U+0219
    0x0DFB, // U+021A
    0x0E05, // U+021B
};

static const uint16_t font_idx_0232_0237[] = {
    0x0E12, // U+0232
    0x0E1D, // U+0233
    0x011F, // U+0234
    0x011F, // U+0235
    0x011F, // U+0236
    0x0E28, // U+0237
};

static const uint16_t font_idx_0254_025B[] = {
    0x0E31, // U+0254
    0x011F, // U+0255
    0x011F, // U+0256
    0x011F, // U+0257
    0x0E3A, // U+0258
    0x0E43, // U+0259
    0x011F, // U+025A
    0x0E4C, // U+025B
};

static const uint16_t font_idx_0272_0272[] = {
    0x0E55, // U+0272
};

static const uint16_t font_idx_0292_0292[] = {
    0x0E5E, // U+0292
};

static const uint16_t font_idx_02BB_02BD[] = {
    0x0E6A, // U+02BB
    0x0E6F, // U+02BC
    0x0E74, // U+02BD
};

static const uint16_t font_idx_02C6_02C7[] = {
    0x0E79, // U+02C6
    0x0E7D, // U+02C7
};

static const uint16_t font_idx_02D8_02DD[] = {
    0x0E7D, // U+02D8
    0x0E81, // U+02D9
    0x011F, // U+02DA
    0x0E84, // U+02DB
    0x0E89, // U+02DC
    0x0E8D, // U+02DD
};

static const uint16_t font_idx_0300_030C[] = {
    0x0245, // U+0300
    0x03DC, // U+0301
    0x0E79, // U+0302
    0x0E89, // U+0303
    0x03BA, // U+0304
    0x0E91, // U+0305
    0x0E7D, // U+0306
    0x0E81, // U+0307
    0x0387, // U+0308
    0x011F, // U+0309
    0x0E94, // U+030A
    0x0E8D, // U+030B
    0x0E7D, // U+030C
};

static const uint16_t font_idx_0329_0329[] = {
    0x0E99, // U+0329
};

static const uint16_t font_idx_0384_03D5[] = {
    0x0E9C, // U+0384
    0x0EA0, // U+0385
    0x0EA6, // U+0386
    0x0EB1, // U+0387
    0x0EB4, // U+0388
    0x0EC1, // U+0389
    0x0ECB, // U+038A
    0x011F, // U+038B
    0x0ED4, // U+038C
    0x011F, // U+038D
    0x0EDD, // U+038E
    0x0EE9, // U+038F
    0x0EF4, // U+0390
    0x0137, // U+0391
    0x0140, // U+0392
    0x0F00, // U+0393
    0x0F05, // U+0394
    0x015F, // U+0395
    0x0218, // U+0396
    0x017F, // U+0397
    0x0F10, // U+0398
    0x0186, // U+0399
    0x0196, // U+039A
    0x0F1B, // U+039B
    0x01A7, // U+039C
    0x01B0, // U+039D
    0x0F24, // U+039E
    0x01BA, // U+039F
    0x0F2F, // U+03A0
    0x01C1, // U+03A1
    0x011F, // U+03A2
    0x0F34, // U+03A3
    0x01EA, // U+03A4
    0x020F, // U+03A5
    0x0F40, // U+03A6
    0x0204, // U+03A7
    0x0F49, // U+03A8
    0x0F50, // U+03A9
    0x0503, // U+03AA
    0x0C20, // U+03AB
    0x0F59, // U+03AC
    0x0F65, // U+03AD
    0x0F71, // U+03AE
    0x0F7B, // U+03AF
    0x0F85, // U+03B0
    0x0F90, // U+03B1
    0x0F99, // U+03B2
    0x0FA6, // U+03B3
    0x0FAF, // U+03B4
    0x0E4C, // U+03B5
    0x0FB9, // U+03B6
    0x0CC6, // U+03B7
    0x0FC7, // U+03B8
    0x0FD2, // U+03B9
    0x097E, // U+03BA
    0x0FD9, // U+03BB
    0x03E0, // U+03BC
    0x02F7, // U+03BD
    0x0FE4, // U+03BE
    0x02C1, // U+03BF
    0x0FF2, // U+03C0
    0x0FF7, // U+03C1
    0x1000, // U+03C2
    0x100B, // U+03C3
    0x1012, // U+03C4
    0x1019, // U+03C5
    0x101E, // U+03C6
    0x1027, // U+03C7
    0x1032, // U+03C8
    0x1039, // U+03C9
    0x1041, // U+03CA
    0x104B, // U+03CB
    0x0681, // U+03CC
    0x1054, // U+03CD
    0x105D, // U+03CE
    0x011F, // U+03CF
    0x011F, // U+03D0
    0x1068, // U+03D1
    0x011F, // U+03D2
    0x011F, // U+03D3
    0x011F, // U+03D4
    0x1074, // U+03D5
};

static const uint16_t font_idx_03F0_03F6[] = {
    0x107D, // U+03F0
    0x1086, // U+03F1
    0x025B, // U+03F2
    0x0299, // U+03F3
    0x1090, // U+03F4
    0x109B, // U+03F5
    0x10A4, // U+03F6
};

static const uint16_t font_idx_0400_0463[] = {
    0x04AD, // U+0400
    0x04D7, // U+0401
    0x10AD, // U+0402
    0x10B7, // U+0403
    0x10BF, // U+0404
    0x01DE, // U+0405
    0x0186, // U+0406
    0x0503, // U+0407
    0x018D, // U+0408
    0x10CB, // U+0409
    0x10D5, // U+040A
    0x10DF, // U+040B
    0x10E7, // U+040C
    0x10F5, // U+040D
    0x1102, // U+040E
    0x110E, // U+040F
    0x0137, // U+0410
    0x1115, // U+0411
    0x0140, // U+0412
    0x0F00, // U+0413
    0x111F, // U+0414
    0x015F, // U+0415
    0x1127, // U+0416
    0x00A4, // U+0417
    0x1130, // U+0418
    0x113A, // U+0419
    0x0196, // U+041A
    0x1147, // U+041B
    0x01A7, // U+041C
    0x017F, // U+041D
    0x01BA, // U+041E
    0x0F2F, // U+041F
    0x01C1, // U+0420
    0x014B, // U+0421
    0x01EA, // U+0422
    0x114F, // U+0423
    0x1158, // U+0424
    0x0204, // U+0425
    0x1161, // U+0426
    0x1168, // U+0427
    0x116F, // U+0428
    0x1174, // U+0429
    0x117B, // U+042A
    0x1185, // U+042B
    0x0252, // U+042C
    0x118E, // U+042D
    0x119A, // U+042E
    0x11A5, // U+042F
    0x0249, // U+0430
    0x11B0, // U+0431
    0x11BA, // U+0432
    0x11C5, // U+0433
    0x027E, // U+0434
    0x026D, // U+0435
    0x11CA, // U+0436
    0x11D3, // U+0437
    0x02F2, // U+0438
    0x0BB3, // U+0439
    0x097E, // U+043A
    0x11DC, // U+043B
    0x11E3, // U+043C
    0x11EB, // U+043D
    0x02C1, // U+043E
    0x0FF2, // U+043F
    0x02C8, // U+0440
    0x025B, // U+0441
    0x11F2, // U+0442
    0x030E, // U+0443
    0x1074, // U+0444
    0x0305, // U+0445
    0x11F7, // U+0446
    0x11FE, // U+0447
    0x1205, // U+0448
    0x120A, // U+0449
    0x1211, // U+044A
    0x121A, // U+044B
    0x1223, // U+044C
    0x122C, // U+044D
    0x1235, // U+044E
    0x123E, // U+044F
    0x060D, // U+0450
    0x0631, // U+0451
    0x1247, // U+0452
    0x1253, // U+0453
    0x125B, // U+0454
    0x02E0, // U+0455
    0x028F, // U+0456
    0x065B, // U+0457
    0x0299, // U+0458
    0x1264, // U+0459
    0x126D, // U+045A
    0x08C7, // U+045B
    0x1276, // U+045C
    0x06BC, // U+045D
    0x1282, // U+045E
    0x128E, // U+045F
    0x011F, // U+0460
    0x011F, // U+0461
    0x1295, // U+0462
    0x129F, // U+0463
};

static const uint16_t font_idx_046A_046B[] = {
    0x12AB, // U+046A
    0x12B5, // U+046B
};

static const uint16_t font_idx_0490_04A5[] = {
    0x12BE, // U+0490
    0x12C5, // U+0491
    0x12CC, // U+0492
    0x12D5, // U+0493
    0x12DD, // U+0494
    0x12E9, // U+0495
    0x12F4, // U+0496
    0x1301, // U+0497
    0x130C, // U+0498
    0x131A, // U+0499
    0x1325, // U+049A
    0x1333, // U+049B
    0x133E, // U+049C
    0x134A, // U+049D
    0x011F, // U+049E
    0x011F, // U+049F
    0x1353, // U+04A0
    0x135F, // U+04A1
    0x1368, // U+04A2
    0x1373, // U+04A3
    0x137D, // U+04A4
    0x1386, // U+04A5
};

static const uint16_t font_idx_04AA_04BB[] = {
    0x138E, // U+04AA
    0x139B, // U+04AB
    0x011F, // U+04AC
    0x011F, // U+04AD
    0x020F, // U+04AE
    0x0FA6, // U+04AF
    0x13A6, // U+04B0
    0x13B1, // U+04B1
    0x13BD, // U+04B2
    0x13CB, // U+04B3
    0x011F, // U+04B4
    0x011F, // U+04B5
    0x13D6, // U+04B6
    0x13E1, // U+04B7
    0x13EB, // U+04B8
    0x13F6, // U+04B9
    0x13FF, // U+04BA
    0x1406, // U+04BB
};

static const uint16_t font_idx_04C0_04C2[] = {
    0x0186, // U+04C0
    0x140D, // U+04C1
    0x141A, // U+04C2
};

static const uint16_t font_idx_04CF_04F9[] = {
    0x02B0, // U+04CF
    0x0719, // U+04D0
    0x0725, // U+04D1
    0x047C, // U+04D2
    0x05E0, // U+04D3
    0x0494, // U+04D4
    0x05F8, // U+04D5
    0x07EC, // U+04D6
    0x07FA, // U+04D7
    0x0C95, // U+04D8
    0x0E43, // U+04D9
    0x1426, // U+04DA
    0x1434, // U+04DB
    0x1440, // U+04DC
    0x144D, // U+04DD
    0x1459, // U+04DE
    0x1467, // U+04DF
    0x011F, // U+04E0
    0x011F, // U+04E1
    0x1473, // U+04E2
    0x0BA3, // U+04E3
    0x1480, // U+04E4
    0x06D7, // U+04E5
    0x054E, // U+04E6
    0x069F, // U+04E7
    0x1090, // U+04E8
    0x148E, // U+04E9
    0x1497, // U+04EA
    0x14A5, // U+04EB
    0x14B1, // U+04EC
    0x14BF, // U+04ED
    0x14CB, // U+04EE
    0x0E1D, // U+04EF
    0x14D7, // U+04F0
    0x06F7, // U+04F1
    0x14E4, // U+04F2
    0x14F1, // U+04F3
    0x14FD, // U+04F4
    0x1508, // U+04F5
    0x011F, // U+04F6
    0x011F, // U+04F7
    0x1513, // U+04F8
    0x1520, // U+04F9
};

static const uint16_t font_idx_05D0_05EA[] = {
    0x152C, // U+05D0
    0x1538, // U+05D1
    0x153F, // U+05D2
    0x1549, // U+05D3
    0x154E, // U+05D4
    0x1555, // U+05D5
    0x155A, // U+05D6
    0x1560, // U+05D7
    0x1565, // U+05D8
    0x156C, // U+05D9
    0x1571, // U+05DA
    0x1576, // U+05DB
    0x157D, // U+05DC
    0x1589, // U+05DD
    0x1590, // U+05DE
    0x1598, // U+05DF
    0x159D, // U+05E0
    0x15A4, // U+05E1
    0x15AB, // U+05E2
    0x15B5, // U+05E3
    0x15BE, // U+05E4
    0x15C9, // U+05E5
    0x15D2, // U+05E6
    0x15DE, // U+05E7
    0x15EA, // U+05E8
    0x15EF, // U+05E9
    0x15F8, // U+05EA
};

static const uint16_t font_idx_1E0C_1E0D[] = {
    0x15FF, // U+1E0C
    0x160B, // U+1E0D
};

static const uint16_t font_idx_1E34_1E37[] = {
    0x1617, // U+1E34
    0x1625, // U+1E35
    0x1632, // U+1E36
    0x163A, // U+1E37
};

static const uint16_t font_idx_1E40_1E47[] = {
    0x1644, // U+1E40
    0x164F, // U+1E41
    0x1657, // U+1E42
    0x1664, // U+1E43
    0x166D, // U+1E44
    0x1679, // U+1E45
    0x1681, // U+1E46
    0x168F, // U+1E47
};

static const uint16_t font_idx_1E6C_1E6D[] = {
    0x1698, // U+1E6C
    0x16A1, // U+1E6D
};

static const uint16_t font_idx_1EB8_1EBD[] = {
    0x16AD, // U+1EB8
    0x16BB, // U+1EB9
    0x011F, // U+1EBA
    0x011F, // U+1EBB
    0x16C7, // U+1EBC
    0x16D5, // U+1EBD
};

static const uint16_t font_idx_1ECA_1ECD[] = {
    0x16E1, // U+1ECA
    0x16EB, // U+1ECB
    0x16F8, // U+1ECC
    0x1702, // U+1ECD
};

static const uint16_t font_idx_1EE4_1EE5[] = {
    0x170C, // U+1EE4
    0x1714, // U+1EE5
};

static const uint16_t font_idx_1EF8_1EF9[] = {
    0x171C, // U+1EF8
    0x1728, // U+1EF9
};

static const uint16_t font_idx_2000_2026[] = {
    0x000C, // U+2000
    0x000C, // U+2001
    0x000C, // U+2002
    0x000C, // U+2003
    0x000C, // U+2004
    0x000C, // U+2005
    0x000C, // U+2006
    0x000C, // U+2007
    0x000C, // U+2008
    0x000C, // U+2009
    0x000C, // U+200A
    0x000C, // U+200B
    0x000C, // U+200C
    0x000C, // U+200D
    0x000C, // U+200E
    0x000C, // U+200F
    0x03AC, // U+2010
    0x03AC, // U+2011
    0x0072, // U+2012
    0x0072, // U+2013
    0x1734, // U+2014
    0x1734, // U+2015
    0x1737, // U+2016
    0x173A, // U+2017
    0x173F, // U+2018
    0x1744, // U+2019
    0x1749, // U+201A
    0x174E, // U+201B
    0x1753, // U+201C
    0x1758, // U+201D
    0x175D, // U+201E
    0x1762, // U+201F
    0x1767, // U+2020
    0x176E, // U+2021
    0x1779, // U+2022
    0x011F, // U+2023
    0x011F, // U+2024
    0x011F, // U+2025
    0x177F, // U+2026
};

static const uint16_t font_idx_2030_2033[] = {
    0x1782, // U+2030
    0x011F, // U+2031
    0x178E, // U+2032
    0x1791, // U+2033
};

static const uint16_t font_idx_2039_203E[] = {
    0x1794, // U+2039
    0x179D, // U+203A
    0x011F, // U+203B
    0x17A6, // U+203C
    0x011F, // U+203D
    0x0E91, // U+203E
};

static const uint16_t font_idx_2070_209A[] = {
    0x17AD, // U+2070
    0x17B4, // U+2071
    0x011F, // U+2072
    0x011F, // U+2073
    0x17BD, // U+2074
    0x17C5, // U+2075
    0x17CD, // U+2076
    0x17D5, // U+2077
    0x17DD, // U+2078
    0x17E5, // U+2079
    0x17ED, // U+207A
    0x17F4, // U+207B
    0x17F7, // U+207C
    0x17FC, // U+207D
    0x1803, // U+207E
    0x180A, // U+207F
    0x180F, // U+2080
    0x1816, // U+2081
    0x181E, // U+2082
    0x1826, // U+2083
    0x182E, // U+2084
    0x1836, // U+2085
    0x183E, // U+2086
    0x1846, // U+2087
    0x184E, // U+2088
    0x1856, // U+2089
    0x185E, // U+208A
    0x1865, // U+208B
    0x1868, // U+208C
    0x186D, // U+208D
    0x1874, // U+208E
    0x011F, // U+208F
    0x187B, // U+2090
    0x1882, // U+2091
    0x1889, // U+2092
    0x1890, // U+2093
    0x1897, // U+2094
    0x189E, // U+2095
    0x18A5, // U+2096
    0x18AE, // U+2097
    0x18B5, // U+2098
    0x011F, // U+2099
    0x18BA, // U+209A
};

static const uint16_t font_idx_20A7_20AE[] = {
    0x18C3, // U+20A7
    0x011F, // U+20A8
    0x011F, // U+20A9
    0x18CF, // U+20AA
    0x011F, // U+20AB
    0x18DA, // U+20AC
    0x011F, // U+20AD
    0x18E5, // U+20AE
};

static const uint16_t font_idx_2102_2102[] = {
    0x18F0, // U+2102
};

static const uint16_t font_idx_210E_210F[] = {
    0x0288, // U+210E
    0x08C7, // U+210F
};

static const uint16_t font_idx_2115_211D[] = {
    0x18FB, // U+2115
    0x1907, // U+2116
    0x011F, // U+2117
    0x011F, // U+2118
    0x011F, // U+2119
    0x1912, // U+211A
    0x011F, // U+211B
    0x011F, // U+211C
    0x191B, // U+211D
};

static const uint16_t font_idx_2122_2126[] = {
    0x1926, // U+2122
    0x011F, // U+2123
    0x192C, // U+2124
    0x011F, // U+2125
    0x0F50, // U+2126
};

static const uint16_t font_idx_2135_2135[] = {
    0x1938, // U+2135
};

static const uint16_t font_idx_2190_2195[] = {
    0x1944, // U+2190
    0x194B, // U+2191
    0x1952, // U+2192
    0x1959, // U+2193
    0x1960, // U+2194
    0x1967, // U+2195
};

static const uint16_t font_idx_21A4_21A8[] = {
    0x1972, // U+21A4
    0x011F, // U+21A5
    0x1979, // U+21A6
    0x011F, // U+21A7
    0x1980, // U+21A8
};

static const uint16_t font_idx_21B2_21B5[] = {
    0x198C, // U+21B2
    0x1995, // U+21B3
    0x011F, // U+21B4
    0x199E, // U+21B5
};

static const uint16_t font_idx_21BB_21BB[] = {
    0x19A7, // U+21BB
};

static const uint16_t font_idx_21CB_21D5[] = {
    0x19B1, // U+21CB
    0x19BA, // U+21CC
    0x011F, // U+21CD
    0x011F, // U+21CE
    0x011F, // U+21CF
    0x19C3, // U+21D0
    0x19CA, // U+21D1
    0x19D1, // U+21D2
    0x19D8, // U+21D3
    0x19DF, // U+21D4
    0x19E6, // U+21D5
};

static const uint16_t font_idx_2200_220D[] = {
    0x19F1, // U+2200
    0x011F, // U+2201
    0x011F, // U+2202
    0x19FC, // U+2203
    0x1A07, // U+2204
    0x1A14, // U+2205
    0x0F05, // U+2206
    0x1A20, // U+2207
    0x1A2B, // U+2208
    0x1A36, // U+2209
    0x1A43, // U+220A
    0x1A4C, // U+220B
    0x1A57, // U+220C
    0x1A64, // U+220D
};

static const uint16_t font_idx_2212_221F[] = {
    0x0072, // U+2212
    0x1A6D, // U+2213
    0x1A76, // U+2214
    0x1A80, // U+2215
    0x1A89, // U+2216
    0x011F, // U+2217
    0x011F, // U+2218
    0x1A92, // U+2219
    0x1A95, // U+221A
    0x011F, // U+221B
    0x011F, // U+221C
    0x011F, // U+221D
    0x1AA0, // U+221E
    0x1AA7, // U+221F
};

static const uint16_t font_idx_2225_222A[] = {
    0x1737, // U+2225
    0x011F, // U+2226
    0x1AAC, // U+2227
    0x1AB5, // U+2228
    0x1ABE, // U+2229
    0x1AC3, // U+222A
};

static const uint16_t font_idx_2248_2248[] = {
    0x1AC8, // U+2248
};

static const uint16_t font_idx_2260_2265[] = {
    0x1ACF, // U+2260
    0x1AD7, // U+2261
    0x011F, // U+2262
    0x011F, // U+2263
    0x1AE0, // U+2264
    0x1AEB, // U+2265
};

static const uint16_t font_idx_226A_226B[] = {
    0x1AF6, // U+226A
    0x1B01, // U+226B
};

static const uint16_t font_idx_2282_2287[] = {
    0x1B0C, // U+2282
    0x1B13, // U+2283
    0x011F, // U+2284
    0x011F, // U+2285
    0x1B1A, // U+2286
    0x1B23, // U+2287
};

static const uint16_t font_idx_22A5_22A5[] = {
    0x1B2C, // U+22A5
};

static const uint16_t font_idx_22C2_22C3[] = {
    0x1B31, // U+22C2
    0x01EF, // U+22C3
};

static const uint16_t font_idx_2300_2302[] = {
    0x1A14, // U+2300
    0x011F, // U+2301
    0x1B36, // U+2302
};

static const uint16_t font_idx_2308_230B[] = {
    0x1B3F, // U+2308
    0x1B44, // U+2309
    0x1B49, // U+230A
    0x1B4E, // U+230B
};

static const uint16_t font_idx_2310_2310[] = {
    0x1B53, // U+2310
};

static const uint16_t font_idx_2319_2319[] = {
    0x1B58, // U+2319
};

static const uint16_t font_idx_2320_2321[] = {
    0x1B5D, // U+2320
    0x1B64, // U+2321
};

static const uint16_t font_idx_239B_23AF[] = {
    0x1B6B, // U+239B
    0x1B75, // U+239C
    0x1B78, // U+239D
    0x1B82, // U+239E
    0x1B8C, // U+239F
    0x1B8F, // U+23A0
    0x1B99, // U+23A1
    0x1B75, // U+23A2
    0x1B9E, // U+23A3
    0x1BA3, // U+23A4
    0x1B8C, // U+23A5
    0x1BA8, // U+23A6
    0x1BAD, // U+23A7
    0x1BB3, // U+23A8
    0x1BBA, // U+23A9
    0x011F, // U+23AA
    0x1BC0, // U+23AB
    0x1BC6, // U+23AC
    0x1BCD, // U+23AD
    0x1BD3, // U+23AE
    0x1BD6, // U+23AF
};

static const uint16_t font_idx_23BA_23BD[] = {
    0x1BD9, // U+23BA
    0x1BDC, // U+23BB
    0x1BDF, // U+23BC
    0x1BE2, // U+23BD
};

static const uint16_t font_idx_23D0_23D0[] = {
    0x1BD3, // U+23D0
};

static const uint16_t font_idx_2409_240D[] = {
    0x1BE5, // U+2409
    0x1BF1, // U+240A
    0x1BFC, // U+240B
    0x1C08, // U+240C
    0x1C16, // U+240D
};

static const uint16_t font_idx_2424_2424[] = {
    0x1C25, // U+2424
};

static const uint16_t font_idx_2500_2503[] = {
    0x1BD6, // U+2500
    0x1C32, // U+2501
    0x1BD3, // U+2502
    0x1C35, // U+2503
};

static const uint16_t font_idx_2508_254B[] = {
    0x1C38, // U+2508
    0x1C3B, // U+2509
    0x1C3E, // U+250A
    0x1C4D, // U+250B
    0x1C5C, // U+250C
    0x1C61, // U+250D
    0x1C66, // U+250E
    0x1C6B, // U+250F
    0x1C70, // U+2510
    0x1C75, // U+2511
    0x1C7A, // U+2512
    0x1C7F, // U+2513
    0x1C84, // U+2514
    0x1C89, // U+2515
    0x1C8E, // U+2516
    0x1C93, // U+2517
    0x1C98, // U+2518
    0x1C9D, // U+2519
    0x1CA2, // U+251A
    0x1CA7, // U+251B
    0x1CAC, // U+251C
    0x1CB3, // U+251D
    0x1CBA, // U+251E
    0x1CC1, // U+251F
    0x1CC8, // U+2520
    0x1CCF, // U+2521
    0x1CD6, // U+2522
    0x1CDD, // U+2523
    0x1CE4, // U+2524
    0x1CEB, // U+2525
    0x1CF2, // U+2526
    0x1CF9, // U+2527
    0x1D00, // U+2528
    0x1D07, // U+2529
    0x1D0E, // U+252A
    0x1D15, // U+252B
    0x1D1C, // U+252C
    0x1D21, // U+252D
    0x1D27, // U+252E
    0x1D2D, // U+252F
    0x1D32, // U+2530
    0x1D37, // U+2531
    0x1D3D, // U+2532
    0x1D43, // U+2533
    0x1D48, // U+2534
    0x1D4D, // U+2535
    0x1D53, // U+2536
    0x1D59, // U+2537
    0x1D5E, // U+2538
    0x1D63, // U+2539
    0x1D69, // U+253A
    0x1D6F, // U+253B
    0x1D74, // U+253C
    0x1D7B, // U+253D
    0x1D83, // U+253E
    0x1D8B, // U+253F
    0x1D92, // U+2540
    0x1D99, // U+2541
    0x1DA0, // U+2542
    0x1DA7, // U+2543
    0x1DAF, // U+2544
    0x1DB7, // U+2545
    0x1DBF, // U+2546
    0x1DC7, // U+2547
    0x1DCE, // U+2548
    0x1DD5, // U+2549
    0x1DDD, // U+254A
    0x1DE5, // U+254B
};

static const uint16_t font_idx_2550_25A0[] = {
    0x1DEC, // U+2550
    0x1DF1, // U+2551
    0x1DF4, // U+2552
    0x1DFB, // U+2553
    0x1E00, // U+2554
    0x1E07, // U+2555
    0x1E0E, // U+2556
    0x1E13, // U+2557
    0x1E1A, // U+2558
    0x1E21, // U+2559
    0x1E26, // U+255A
    0x1E2D, // U+255B
    0x1E34, // U+255C
    0x1E39, // U+255D
    0x1E40, // U+255E
    0x1E49, // U+255F
    0x1E50, // U+2560
    0x1E59, // U+2561
    0x1E62, // U+2562
    0x1E69, // U+2563
    0x1E72, // U+2564
    0x1E79, // U+2565
    0x1E7E, // U+2566
    0x1E85, // U+2567
    0x1E8C, // U+2568
    0x1E91, // U+2569
    0x1E98, // U+256A
    0x1EA1, // U+256B
    0x1EA8, // U+256C
    0x1EB1, // U+256D
    0x1EB7, // U+256E
    0x1EBD, // U+256F
    0x1EC3, // U+2570
    0x1EC9, // U+2571
    0x1EDA, // U+2572
    0x1EEB, // U+2573
    0x1EFA, // U+2574
    0x1EFD, // U+2575
    0x1F00, // U+2576
    0x1F03, // U+2577
    0x1F06, // U+2578
    0x1F09, // U+2579
    0x1F0C, // U+257A
    0x1F0F, // U+257B
    0x1F12, // U+257C
    0x1F16, // U+257D
    0x1F1B, // U+257E
    0x1F1F, // U+257F
    0x1F24, // U+2580
    0x1F27, // U+2581
    0x1F2A, // U+2582
    0x1F2D, // U+2583
    0x1F30, // U+2584
    0x1F33, // U+2585
    0x1F36, // U+2586
    0x1F39, // U+2587
    0x1F3C, // U+2588
    0x1F3F, // U+2589
    0x1F42, // U+258A
    0x1F45, // U+258B
    0x1F48, // U+258C
    0x1F4B, // U+258D
    0x1F4E, // U+258E
    0x1F51, // U+258F
    0x1F54, // U+2590
    0x1F57, // U+2591
    0x1F69, // U+2592
    0x1F7B, // U+2593
    0x011F, // U+2594
    0x011F, // U+2595
    0x1F8D, // U+2596
    0x1F90, // U+2597
    0x1F93, // U+2598
    0x1F96, // U+2599
    0x1F9B, // U+259A
    0x1FA0, // U+259B
    0x1FA5, // U+259C
    0x1FAA, // U+259D
    0x1FAD, // U+259E
    0x1FB2, // U+259F
    0x1FB7, // U+25A0
};

static const uint16_t font_idx_25AC_25CF[] = {
    0x1FBA, // U+25AC
    0x011F, // U+25AD
    0x1FBD, // U+25AE
    0x011F, // U+25AF
    0x011F, // U+25B0
    0x011F, // U+25B1
    0x1FC0, // U+25B2
    0x011F, // U+25B3
    0x011F, // U+25B4
    0x011F, // U+25B5
    0x1FC9, // U+25B6
    0x011F, // U+25B7
    0x011F, // U+25B8
    0x011F, // U+25B9
    0x1FC9, // U+25BA
    0x011F, // U+25BB
    0x1FD2, // U+25BC
    0x011F, // U+25BD
    0x011F, // U+25BE
    0x011F, // U+25BF
    0x1FDB, // U+25C0
    0x011F, // U+25C1
    0x011F, // U+25C2
    0x011F, // U+25C3
    0x1FDB, // U+25C4
    0x011F, // U+25C5
    0x1FE4, // U+25C6
    0x011F, // U+25C7
    0x011F, // U+25C8
    0x011F, // U+25C9
    0x1FED, // U+25CA
    0x1FF6, // U+25CB
    0x011F, // U+25CC
    0x011F, // U+25CD
    0x011F, // U+25CE
    0x1779, // U+25CF
};

static const uint16_t font_idx_25D8_25D9[] = {
    0x1FFC, // U+25D8
    0x2006, // U+25D9
};

static const uint16_t font_idx_263A_2642[] = {
    0x2010, // U+263A
    0x201C, // U+263B
    0x2028, // U+263C
    0x011F, // U+263D
    0x011F, // U+263E
    0x011F, // U+263F
    0x2033, // U+2640
    0x011F, // U+2641
    0x203E, // U+2642
};

static const uint16_t font_idx_2660_266B[] = {
    0x2049, // U+2660
    0x011F, // U+2661
    0x011F, // U+2662
    0x2055, // U+2663
    0x011F, // U+2664
    0x2061, // U+2665
    0x1FE4, // U+2666
    0x011F, // U+2667
    0x011F, // U+2668
    0x011F, // U+2669
    0x206A, // U+266A
    0x2073, // U+266B
};

static const uint16_t font_idx_2713_2718[] = {
    0x207D, // U+2713
    0x2088, // U+2714
    0x011F, // U+2715
    0x011F, // U+2716
    0x2093, // U+2717
    0x209F, // U+2718
};

static const uint16_t font_idx_27E8_27EB[] = {
    0x20AB, // U+27E8
    0x20B6, // U+27E9
    0x20C1, // U+27EA
    0x20CC, // U+27EB
};

static const uint16_t font_idx_2800_28FF[] = {
    0x000C, // U+2800
    0x20D7, // U+2801
    0x20DA, // U+2802
    0x20DD, // U+2803
    0x20E4, // U+2804
    0x20E7, // U+2805
    0x20EE, // U+2806
    0x20F5, // U+2807
    0x2100, // U+2808
    0x2103, // U+2809
    0x2106, // U+280A
    0x210D, // U+280B
    0x2114, // U+280C
    0x211B, // U+280D
    0x2122, // U+280E
    0x212D, // U+280F
    0x2138, // U+2810
    0x213B, // U+2811
    0x2142, // U+2812
    0x2145, // U+2813
    0x214C, // U+2814
    0x2153, // U+2815
    0x215E, // U+2816
    0x2165, // U+2817
    0x2170, // U+2818
    0x2177, // U+2819
    0x217E, // U+281A
    0x2185, // U+281B
    0x218C, // U+281C
    0x2197, // U+281D
    0x21A2, // U+281E
    0x21AD, // U+281F
    0x21B8, // U+2820
    0x21BB, // U+2821
    0x21C2, // U+2822
    0x21C9, // U+2823
    0x21D4, // U+2824
    0x21D7, // U+2825
    0x21DE, // U+2826
    0x21E5, // U+2827
    0x21F0, // U+2828
    0x21F7, // U+2829
    0x21FE, // U+282A
    0x2209, // U+282B
    0x2214, // U+282C
    0x221B, // U+282D
    0x2222, // U+282E
    0x222D, // U+282F
    0x2238, // U+2830
    0x223F, // U+2831
    0x224A, // U+2832
    0x2251, // U+2833
    0x225C, // U+2834
    0x2263, // U+2835
    0x226E, // U+2836
    0x2275, // U+2837
    0x2280, // U+2838
    0x228B, // U+2839
    0x2296, // U+283A
    0x22A1, // U+283B
    0x22AC, // U+283C
    0x22B7, // U+283D
    0x22C2, // U+283E
    0x22CD, // U+283F
    0x22D8, // U+2840
    0x22DB, // U+2841
    0x22E2, // U+2842
    0x22E9, // U+2843
    0x22F4, // U+2844
    0x22FB, // U+2845
    0x2306, // U+2846
    0x2311, // U+2847
    0x2320, // U+2848
    0x2327, // U+2849
    0x232E, // U+284A
    0x2339, // U+284B
    0x2344, // U+284C
    0x234F, // U+284D
    0x235A, // U+284E
    0x2369, // U+284F
    0x2378, // U+2850
    0x237F, // U+2851
    0x238A, // U+2852
    0x2391, // U+2853
    0x239C, // U+2854
    0x23A7, // U+2855
    0x23B6, // U+2856
    0x23C1, // U+2857
    0x23D0, // U+2858
    0x23DB, // U+2859
    0x23E6, // U+285A
    0x23F1, // U+285B
    0x23FC, // U+285C
    0x240B, // U+285D
    0x241A, // U+285E
    0x2429, // U+285F
    0x2438, // U+2860
    0x243F, // U+2861
    0x244A, // U+2862
    0x2455, // U+2863
    0x2464, // U+2864
    0x246B, // U+2865
    0x2476, // U+2866
    0x2481, // U+2867
    0x2490, // U+2868
    0x249B, // U+2869
    0x24A6, // U+286A
    0x24B5, // U+286B
    0x24C4, // U+286C
    0x24CF, // U+286D
    0x24DA, // U+286E
    0x24E9, // U+286F
    0x24F8, // U+2870
    0x2503, // U+2871
    0x2512, // U+2872
    0x251D, // U+2873
    0x252C, // U+2874
    0x2537, // U+2875
    0x2546, // U+2876
    0x2551, // U+2877
    0x2560, // U+2878
    0x256F, // U+2879
    0x257E, // U+287A
    0x258D, // U+287B
    0x259C, // U+287C
    0x25AB, // U+287D
    0x25BA, // U+287E
    0x25C9, // U+287F
    0x25D8, // U+2880
    0x25DB, // U+2881
    0x25E2, // U+2882
    0x25E9, // U+2883
    0x25F4, // U+2884
    0x25FB, // U+2885
    0x2606, // U+2886
    0x2611, // U+2887
    0x2620, // U+2888
    0x2627, // U+2889
    0x262E, // U+288A
    0x2639, // U+288B
    0x2644, // U+288C
    0x264F, // U+288D
    0x265A, // U+288E
    0x2669, // U+288F
    0x2678, // U+2890
    0x267F, // U+2891
    0x268A, // U+2892
    0x2691, // U+2893
    0x269C, // U+2894
    0x26A7, // U+2895
    0x26B6, // U+2896
    0x26C1, // U+2897
    0x26D0, // U+2898
    0x26DB, // U+2899
    0x26E6, // U+289A
    0x26F1, // U+289B
    0x26FC, // U+289C
    0x270B, // U+289D
    0x271A, // U+289E
    0x2729, // U+289F
    0x2738, // U+28A0
    0x273F, // U+28A1
    0x274A, // U+28A2
    0x2755, // U+28A3
    0x2764, // U+28A4
    0x276B, // U+28A5
    0x2776, // U+28A6
    0x2781, // U+28A7
    0x2790, // U+28A8
    0x279B, // U+28A9
    0x27A6, // U+28AA
    0x27B5, // U+28AB
    0x27C4, // U+28AC
    0x27CF, // U+28AD
    0x27DA, // U+28AE
    0x27E9, // U+28AF
    0x27F8, // U+28B0
    0x2803, // U+28B1
    0x2812, // U+28B2
    0x281D, // U+28B3
    0x282C, // U+28B4
    0x2837, // U+28B5
    0x2846, // U+28B6
    0x2851, // U+28B7
    0x2860, // U+28B8
    0x286F, // U+28B9
    0x287E, // U+28BA
    0x288D, // U+28BB
    0x289C, // U+28BC
    0x28AB, // U+28BD
    0x28BA, // U+28BE
    0x28C9, // U+28BF
    0x28D8, // U+28C0
    0x28DB, // U+28C1
    0x28E2, // U+28C2
    0x28E9, // U+28C3
    0x28F4, // U+28C4
    0x28FB, // U+28C5
    0x2906, // U+28C6
    0x2911, // U+28C7
    0x2920, // U+28C8
    0x2927, // U+28C9
    0x292E, // U+28CA
    0x2939, // U+28CB
    0x2944, // U+28CC
    0x294F, // U+28CD
    0x295A, // U+28CE
    0x2969, // U+28CF
    0x2978, // U+28D0
    0x297F, // U+28D1
    0x298A, // U+28D2
    0x2991, // U+28D3
    0x299C, // U+28D4
    0x29A7, // U+28D5
    0x29B6, // U+28D6
    0x29C1, // U+28D7
    0x29D0, // U+28D8
    0x29DB, // U+28D9
    0x29E6, // U+28DA
    0x29F1, // U+28DB
    0x29FC, // U+28DC
    0x2A0B, // U+28DD
    0x2A1A, // U+28DE
    0x2A29, // U+28DF
    0x2A38, // U+28E0
    0x2A3F, // U+28E1
    0x2A4A, // U+28E2
    0x2A55, // U+28E3
    0x2A64, // U+28E4
    0x2A6B, // U+28E5
    0x2A76, // U+28E6
    0x2A81, // U+28E7
    0x2A90, // U+28E8
    0x2A9B, // U+28E9
    0x2AA6, // U+28EA
    0x2AB5, // U+28EB
    0x2AC4, // U+28EC
    0x2ACF, // U+28ED
    0x2ADA, // U+28EE
    0x2AE9, // U+28EF
    0x2AF8, // U+28F0
    0x2B03, // U+28F1
    0x2B12, // U+28F2
    0x2B1D, // U+28F3
    0x2B2C, // U+28F4
    0x2B37, // U+28F5
    0x2B46, // U+28F6
    0x2B51, // U+28F7
    0x2B60, // U+28F8
    0x2B6F, // U+28F9
    0x2B7E, // U+28FA
    0x2B8D, // U+28FB
    0x2B9C, // U+28FC
    0x2BAB, // U+28FD
    0x2BBA, // U+28FE
    0x2BC9, // U+28FF
};

static const uint16_t font_idx_2E2C_2E2C[] = {
    0x2BD8, // U+2E2C
};

static const uint16_t font_idx_E0A0_E0A2[] = {
    0x2BDF, // U+E0A0
    0x2BEE, // U+E0A1
    0x2BFA, // U+E0A2
};

static const uint16_t font_idx_E0B0_E0B3[] = {
    0x2C07, // U+E0B0
    0x2C19, // U+E0B1
    0x2C2B, // U+E0B2
    0x2C3D, // U+E0B3
};

static const uint16_t font_idx_F6BE_F6BE[] = {
    0x0E28, // U+F6BE
};

static const uint16_t font_idx_FFFD_FFFD[] = {
    0x2C4F, // U+FFFD
};

const FontRange terminus8x16_ranges[] = {
    {0x0000, 0x0000, font_idx_0000_0000},
    {0x0020, 0x007E, font_idx_0020_007E},
    {0x00A0, 0x017F, font_idx_00A0_017F},
    {0x0186, 0x0186, font_idx_0186_0186},
    {0x018E, 0x0192, font_idx_018E_0192},
    {0x019D, 0x019E, font_idx_019D_019E},
    {0x01B5, 0x01B7, font_idx_01B5_01B7},
    {0x01CD, 0x01D4, font_idx_01CD_01D4},
    {0x01E2, 0x01F5, font_idx_01E2_01F5},
    {0x01FC, 0x01FF, font_idx_01FC_01FF},
    {0x0218, 0x021B, font_idx_0218_021B},
    {0x0232, 0x0237, font_idx_0232_0237},
    {0x0254, 0x025B, font_idx_0254_025B},
    {0x0272, 0x0272, font_idx_0272_0272},
    {0x0292, 0x0292, font_idx_0292_0292},
    {0x02BB, 0x02BD, font_idx_02BB_02BD},
    {0x02C6, 0x02C7, font_idx_02C6_02C7},
    {0x02D8, 0x02DD, font_idx_02D8_02DD},
    {0x0300, 0x030C, font_idx_0300_030C},
    {0x0329, 0x0329, font_idx_0329_0329},
    {0x0384, 0x03D5, font_idx_0384_03D5},
    {0x03F0, 0x03F6, font_idx_03F0_03F6},
    {0x0400, 0x0463, font_idx_0400_0463},
    {0x046A, 0x046B, font_idx_046A_046B},
    {0x0490, 0x04A5, font_idx_0490_04A5},
    {0x04AA, 0x04BB, font_idx_04AA_04BB},
    {0x04C0, 0x04C2, font_idx_04C0_04C2},
    {0x04CF, 0x04F9, font_idx_04CF_04F9},
    {0x05D0, 0x05EA, font_idx_05D0_05EA},
    {0x1E0C, 0x1E0D, font_idx_1E0C_1E0D},
    {0x1E34, 0x1E37, font_idx_1E34_1E37},
    {0x1E40, 0x1E47, font_idx_1E40_1E47},
    {0x1E6C, 0x1E6D, font_idx_1E6C_1E6D},
    {0x1EB8, 0x1EBD, font_idx_1EB8_1EBD},
    {0x1ECA, 0x1ECD, font_idx_1ECA_1ECD},
    {0x1EE4, 0x1EE5, font_idx_1EE4_1EE5},
    {0x1EF8, 0x1EF9, font_idx_1EF8_1EF9},
    {0x2000, 0x2026, font_idx_2000_2026},
    {0x2030, 0x2033, font_idx_2030_2033},
    {0x2039, 0x203E, font_idx_2039_203E},
    {0x2070, 0x209A, font_idx_2070_209A},
    {0x20A7, 0x20AE, font_idx_20A7_20AE},
    {0x2102, 0x2102, font_idx_2102_2102},
    {0x210E, 0x210F, font_idx_210E_210F},
    {0x2115, 0x211D, font_idx_2115_211D},
    {0x2122, 0x2126, font_idx_2122_2126},
    {0x2135, 0x2135, font_idx_2135_2135},
    {0x2190, 0x2195, font_idx_2190_2195},
    {0x21A4, 0x21A8, font_idx_21A4_21A8},
    {0x21B2, 0x21B5, font_idx_21B2_21B5},
    {0x21BB, 0x21BB, font_idx_21BB_21BB},
    {0x21CB, 0x21D5, font_idx_21CB_21D5},
    {0x2200, 0x220D, font_idx_2200_220D},
    {0x2212, 0x221F, font_idx_2212_221F},
    {0x2225, 0x222A, font_idx_2225_222A},
    {0x2248, 0x2248, font_idx_2248_2248},
    {0x2260, 0x2265, font_idx_2260_2265},
    {0x226A, 0x226B, font_idx_226A_226B},
    {0x2282, 0x2287, font_idx_2282_2287},
    {0x22A5, 0x22A5, font_idx_22A5_22A5},
    {0x22C2, 0x22C3, font_idx_22C2_22C3},
    {0x2300, 0x2302, font_idx_2300_2302},
    {0x2308, 0x230B, font_idx_2308_230B},
    {0x2310, 0x2310, font_idx_2310_2310},
    {0x2319, 0x2319, font_idx_2319_2319},
    {0x2320, 0x2321, font_idx_2320_2321},
    {0x239B, 0x23AF, font_idx_239B_23AF},
    {0x23BA, 0x23BD, font_idx_23BA_23BD},
    {0x23D0, 0x23D0, font_idx_23D0_23D0},
    {0x2409, 0x240D, font_idx_2409_240D},
    {0x2424, 0x2424, font_idx_2424_2424},
    {0x2500, 0x2503, font_idx_2500_2503},
    {0x2508, 0x254B, font_idx_2508_254B},
    {0x2550, 0x25A0, font_idx_2550_25A0},
    {0x25AC, 0x25CF, font_idx_25AC_25CF},
    {0x25D8, 0x25D9, font_idx_25D8_25D9},
    {0x263A, 0x2642, font_idx_263A_2642},
    {0x2660, 0x266B, font_idx_2660_266B},
    {0x2713, 0x2718, font_idx_2713_2718},
    {0x27E8, 0x27EB, font_idx_27E8_27EB},
    {0x2800, 0x28FF, font_idx_2800_28FF},
    {0x2E2C, 0x2E2C, font_idx_2E2C_2E2C},
    {0xE0A0, 0xE0A2, font_idx_E0A0_E0A2},
    {0xE0B0, 0xE0B3, font_idx_E0B0_E0B3},
    {0xF6BE, 0xF6BE, font_idx_F6BE_F6BE},
    {0xFFFD, 0xFFFD, font_idx_FFFD_FFFD},
};

const int terminus8x16_num_ranges = 86;

#endif /* FONT_RT_8X16 */
