/*
 * 12x24 bitmap glyph data derived from the Terminus Font (terminus12x24.c).
 *
 * Compressed glyph pool ("format v1" -- see tools/gen_terminus.py and
 * components/font/terminus_font.h for the record/PackBits layout). Each
 * pool line is one deduplicated, row-cropped glyph record: header byte(s)
 * followed by a PackBits stream. idx[] holds one uint16_t byte-offset per
 * codepoint into the pool (rb==2: index into terminusN_palette[]; 0xFF escapes to 2 raw LE bytes).
 *
 * Copyright (c) 2020 Dimitar Zhekov <dimitar.zhekov@gmail.com>,
 * with Reserved Font Name "Terminus Font".
 *
 * Licensed under the SIL Open Font License, Version 1.1 -- see the full text
 * in components/font/LICENSE. This file is NOT covered by the repository's
 * MIT license.
 *
 * Generated by tools/gen_terminus.py -- do not edit by hand.
 */
#include "terminus_font.h"
#include <stddef.h>

#if FONT_RT_12X24

const uint8_t terminus12x24_pool[] = {
    0x04, 0x0F, 0x00, 0xB5, 0x81, 0x02, 0x80, 0x00, 0x81, 0x02, 0x80, 0x00, 0x81, 0x02, 0x00, 0xB5, // off=0x0000 start=4 len=15 (1 cp: U+0000)
    0x00, 0x00, // off=0x0010 start=0 len=0 (19 cps: U+0020, U+00A0, U+2000 +16 more)
    0x04, 0x0F, 0x88, 0x01, 0x80, 0x00, 0x81, 0x01, // off=0x0012 start=4 len=15 (1 cp: U+0021)
    0x02, 0x05, 0x83, 0x0B, // off=0x001A start=2 len=5 (1 cp: U+0022)
    0x04, 0x0F, 0x82, 0x0B, 0x00, 0x11, 0x83, 0x0B, 0x00, 0x11, 0x82, 0x0B, // off=0x001E start=4 len=15 (1 cp: U+0023)
    0x03, 0x11, 0x10, 0x01, 0x01, 0x09, 0x24, 0x0C, 0x23, 0x23, 0x50, 0x09, 0x82, 0x29, 0x29, 0x0C, 0x24, 0x09, 0x01, 0x01, // off=0x002A start=3 len=17 (1 cp: U+0024)
    0x05, 0x0E, 0x0D, 0xA8, 0xEB, 0xEC, 0xE3, 0x0F, 0x0F, 0x01, 0x01, 0x0E, 0x0E, 0xDB, 0xFF, 0x24, 0x01, 0xC4, 0xFF, 0x18, 0x02, // off=0x003E start=5 len=14 (1 cp: U+0025)
    0x04, 0x0F, 0x00, 0x76, 0x82, 0x43, 0x09, 0xA3, 0x1B, 0x6E, 0xC4, 0x48, 0x13, 0x13, 0x13, 0xFF, 0x14, 0x02, 0xFF, 0xE4, 0x01, // off=0x0053 start=4 len=15 (1 cp: U+0026)
    0x02, 0x05, 0x83, 0x01, // off=0x0068 start=2 len=5 (1 cp: U+0027)
    0x04, 0x0F, 0x03, 0x10, 0x0F, 0x01, 0x01, 0x85, 0x0E, 0x03, 0x01, 0x01, 0x0F, 0x10, // off=0x006C start=4 len=15 (1 cp: U+0028)
    0x04, 0x0F, 0x03, 0x0E, 0x01, 0x0F, 0x0F, 0x85, 0x10, 0x03, 0x0F, 0x0F, 0x01, 0x0E, // off=0x007A start=4 len=15 (1 cp: U+0029)
    0x07, 0x09, 0x08, 0x03, 0x0B, 0x17, 0x01, 0x11, 0x01, 0x17, 0x0B, 0x03, // off=0x0088 start=7 len=9 (1 cp: U+002A)
    0x07, 0x09, 0x82, 0x01, 0x00, 0x11, 0x82, 0x01, // off=0x0094 start=7 len=9 (1 cp: U+002B)
    0x0F, 0x05, 0x82, 0x01, 0x00, 0x0E, // off=0x009C start=15 len=5 (2 cps: U+002C, U+201A)
    0x0B, 0x01, 0x00, 0x11, // off=0x00A2 start=11 len=1 (4 cps: U+002D, U+2012, U+2013 +1 more)
    0x10, 0x03, 0x81, 0x01, // off=0x00A6 start=16 len=3 (1 cp: U+002E)
    0x05, 0x0E, 0x80, 0x04, 0x80, 0x10, 0x80, 0x0F, 0x80, 0x01, 0x80, 0x0E, 0x80, 0x16, 0x80, 0x05, // off=0x00AA start=5 len=14 (1 cp: U+002F)
    0x04, 0x0F, 0x0E, 0x09, 0x03, 0x02, 0x02, 0x4B, 0x48, 0x40, 0x0C, 0x41, 0x30, 0x4D, 0x02, 0x02, 0x03, 0x09, // off=0x00BA start=4 len=15 (1 cp: U+0030)
    0x04, 0x0F, 0x03, 0x01, 0x1B, 0x6E, 0x50, 0x88, 0x01, 0x00, 0x18, // off=0x00CC start=4 len=15 (1 cp: U+0031)
    0x04, 0x0F, 0x0E, 0x09, 0x03, 0x02, 0x02, 0x02, 0x08, 0x04, 0x10, 0x0F, 0x01, 0x0E, 0x16, 0x05, 0x06, 0x11, // off=0x00D7 start=4 len=15 (1 cp: U+0032)
    0x04, 0x0F, 0x0E, 0x09, 0x03, 0x02, 0x08, 0x08, 0x08, 0x04, 0x1F, 0x04, 0x08, 0x08, 0x08, 0x02, 0x03, 0x09, // off=0x00E9 start=4 len=15 (2 cps: U+0033, U+0417)
    0x04, 0x0F, 0x0B, 0x08, 0x60, 0x72, 0x96, 0x29, 0x52, 0x3D, 0x12, 0x02, 0x02, 0x02, 0x11, 0x81, 0x08, // off=0x00FB start=4 len=15 (1 cp: U+0034)
    0x04, 0x0F, 0x00, 0x11, 0x83, 0x06, 0x01, 0x19, 0x04, 0x82, 0x08, 0x02, 0x02, 0x03, 0x09, // off=0x010C start=4 len=15 (1 cp: U+0035)
    0x04, 0x0F, 0x01, 0x25, 0x05, 0x82, 0x06, 0x01, 0x19, 0x13, 0x83, 0x02, 0x01, 0x03, 0x09, // off=0x011B start=4 len=15 (1 cp: U+0036)
    0x04, 0x0F, 0x09, 0x11, 0x02, 0x02, 0x08, 0x04, 0x04, 0x10, 0x10, 0x0F, 0x0F, 0x83, 0x01, // off=0x012A start=4 len=15 (1 cp: U+0037)
    0x04, 0x0F, 0x01, 0x09, 0x03, 0x82, 0x02, 0x02, 0x03, 0x09, 0x03, 0x82, 0x02, 0x01, 0x03, 0x09, // off=0x0139 start=4 len=15 (1 cp: U+0038)
    0x04, 0x0F, 0x01, 0x09, 0x03, 0x83, 0x02, 0x01, 0x12, 0x1E, 0x82, 0x08, 0x01, 0x04, 0x2A, // off=0x0149 start=4 len=15 (1 cp: U+0039)
    0x08, 0x0A, 0x81, 0x01, 0x82, 0x00, 0x81, 0x01, // off=0x0158 start=8 len=10 (1 cp: U+003A)
    0x08, 0x0C, 0x81, 0x01, 0x82, 0x00, 0x82, 0x01, 0x00, 0x0E, // off=0x0160 start=8 len=12 (1 cp: U+003B)
    0x04, 0x0F, 0x0E, 0x08, 0x04, 0x10, 0x0F, 0x01, 0x0E, 0x16, 0x05, 0x16, 0x0E, 0x01, 0x0F, 0x10, 0x04, 0x08, // off=0x016A start=4 len=15 (1 cp: U+003C)
    0x09, 0x06, 0x00, 0x11, 0x82, 0x00, 0x00, 0x11, // off=0x017C start=9 len=6 (1 cp: U+003D)
    0x04, 0x0F, 0x0E, 0x05, 0x16, 0x0E, 0x01, 0x0F, 0x10, 0x04, 0x08, 0x04, 0x10, 0x0F, 0x01, 0x0E, 0x16, 0x05, // off=0x0184 start=4 len=15 (1 cp: U+003E)
    0x04, 0x0F, 0x0B, 0x09, 0x03, 0x02, 0x02, 0x02, 0x04, 0x10, 0x0F, 0x01, 0x01, 0x00, 0x00, 0x81, 0x01, // off=0x0196 start=4 len=15 (1 cp: U+003F)
    0x04, 0x0F, 0x04, 0x25, 0x12, 0x1C, 0xAD, 0x4C, 0x83, 0x88, 0x04, 0xC6, 0xFF, 0x3A, 0x04, 0x06, 0x05, 0x77, // off=0x01A7 start=4 len=15 (1 cp: U+0040)
    0x04, 0x0F, 0x01, 0x09, 0x03, 0x84, 0x02, 0x00, 0x11, 0x84, 0x02, // off=0x01B9 start=4 len=15 (3 cps: U+0041, U+0391, U+0410)
    0x04, 0x0F, 0x07, 0x19, 0x13, 0x02, 0x02, 0x02, 0x13, 0x19, 0x13, 0x83, 0x02, 0x01, 0x13, 0x19, // off=0x01C4 start=4 len=15 (3 cps: U+0042, U+0392, U+0412)
    0x04, 0x0F, 0x03, 0x09, 0x03, 0x02, 0x02, 0x85, 0x06, 0x03, 0x02, 0x02, 0x03, 0x09, // off=0x01D4 start=4 len=15 (2 cps: U+0043, U+0421)
    0x04, 0x0F, 0x01, 0x19, 0x13, 0x89, 0x02, 0x01, 0x13, 0x19, // off=0x01E2 start=4 len=15 (1 cp: U+0044)
    0x04, 0x0F, 0x00, 0x11, 0x84, 0x06, 0x00, 0x19, 0x84, 0x06, 0x00, 0x11, // off=0x01EC start=4 len=15 (3 cps: U+0045, U+0395, U+0415)
    0x04, 0x0F, 0x00, 0x11, 0x84, 0x06, 0x00, 0x19, 0x85, 0x06, // off=0x01F8 start=4 len=15 (1 cp: U+0046)
    0x04, 0x0F, 0x07, 0x09, 0x03, 0x02, 0x02, 0x06, 0x06, 0x06, 0x62, 0x83, 0x02, 0x01, 0x03, 0x09, // off=0x0202 start=4 len=15 (1 cp: U+0047)
    0x04, 0x0F, 0x85, 0x02, 0x00, 0x11, 0x85, 0x02, // off=0x0212 start=4 len=15 (3 cps: U+0048, U+0397, U+041D)
    0x04, 0x0F, 0x00, 0x09, 0x8B, 0x01, 0x00, 0x09, // off=0x021A start=4 len=15 (4 cps: U+0049, U+0399, U+0406 +1 more)
    0x04, 0x0F, 0x00, 0xD7, 0x87, 0x04, 0x81, 0x13, 0x01, 0x43, 0x76, // off=0x0222 start=4 len=15 (2 cps: U+004A, U+0408)
    0x04, 0x0F, 0x0E, 0x02, 0x13, 0x21, 0x44, 0x23, 0x3F, 0x38, 0x31, 0x38, 0x3F, 0x23, 0x44, 0x21, 0x13, 0x02, // off=0x022D start=4 len=15 (3 cps: U+004B, U+039A, U+041A)
    0x04, 0x0F, 0x8C, 0x06, 0x00, 0x11, // off=0x023F start=4 len=15 (1 cp: U+004C)
    0x04, 0x0F, 0x06, 0x1C, 0x20, 0x4E, 0x4E, 0x51, 0x6B, 0x6B, 0x86, 0x1C, // off=0x0245 start=4 len=15 (3 cps: U+004D, U+039C, U+041C)
    0x04, 0x0F, 0x82, 0x02, 0x06, 0x4D, 0x30, 0x41, 0x0C, 0x40, 0x48, 0x4B, 0x82, 0x02, // off=0x0251 start=4 len=15 (2 cps: U+004E, U+039D)
    0x04, 0x0F, 0x01, 0x09, 0x03, 0x89, 0x02, 0x01, 0x03, 0x09, // off=0x025F start=4 len=15 (3 cps: U+004F, U+039F, U+041E)
    0x04, 0x0F, 0x01, 0x19, 0x13, 0x82, 0x02, 0x01, 0x13, 0x19, 0x85, 0x06, // off=0x0269 start=4 len=15 (3 cps: U+0050, U+03A1, U+0420)
    0x04, 0x11, 0x01, 0x09, 0x03, 0x88, 0x02, 0x04, 0x0C, 0xE2, 0x09, 0x04, 0x08, // off=0x0275 start=4 len=17 (1 cp: U+0051)
    0x04, 0x0F, 0x01, 0x19, 0x13, 0x82, 0x02, 0x08, 0x13, 0x19, 0x38, 0x3F, 0x23, 0x44, 0x21, 0x13, 0x02, // off=0x0282 start=4 len=15 (1 cp: U+0052)
    0x04, 0x0F, 0x0E, 0x09, 0x03, 0x02, 0x06, 0x06, 0x06, 0x05, 0x09, 0x04, 0x08, 0x08, 0x08, 0x02, 0x03, 0x09, // off=0x0293 start=4 len=15 (2 cps: U+0053, U+0405)
    0x04, 0x0F, 0x00, 0x11, 0x8C, 0x01, // off=0x02A5 start=4 len=15 (3 cps: U+0054, U+03A4, U+0422)
    0x04, 0x0F, 0x8B, 0x02, 0x01, 0x03, 0x09, // off=0x02AB start=4 len=15 (2 cps: U+0055, U+22C3)
    0x04, 0x0F, 0x82, 0x02, 0x81, 0x03, 0x81, 0x0B, 0x81, 0x17, 0x80, 0x01, // off=0x02B2 start=4 len=15 (1 cp: U+0056)
    0x04, 0x0F, 0x86, 0x1C, 0x06, 0x6B, 0x6B, 0x51, 0x4E, 0x4E, 0x20, 0x1C, // off=0x02BE start=4 len=15 (1 cp: U+0057)
    0x04, 0x0F, 0x0E, 0x02, 0x02, 0x03, 0x03, 0x0B, 0x0B, 0x17, 0x01, 0x17, 0x0B, 0x0B, 0x03, 0x03, 0x02, 0x02, // off=0x02CA start=4 len=15 (3 cps: U+0058, U+03A7, U+0425)
    0x04, 0x0F, 0x80, 0x02, 0x80, 0x03, 0x80, 0x0B, 0x80, 0x17, 0x85, 0x01, // off=0x02DC start=4 len=15 (3 cps: U+0059, U+03A5, U+04AE)
    0x04, 0x0F, 0x0E, 0x11, 0x08, 0x08, 0x08, 0x04, 0x10, 0x0F, 0x01, 0x0E, 0x16, 0x05, 0x06, 0x06, 0x06, 0x11, // off=0x02E8 start=4 len=15 (2 cps: U+005A, U+0396)
    0x04, 0x0F, 0x00, 0x1F, 0x8B, 0x0E, 0x00, 0x1F, // off=0x02FA start=4 len=15 (1 cp: U+005B)
    0x05, 0x0E, 0x80, 0x05, 0x80, 0x16, 0x80, 0x0E, 0x80, 0x01, 0x80, 0x0F, 0x80, 0x10, 0x80, 0x04, // off=0x0302 start=5 len=14 (1 cp: U+005C)
    0x04, 0x0F, 0x00, 0x1F, 0x8B, 0x10, 0x00, 0x1F, // off=0x0312 start=4 len=15 (1 cp: U+005D)
    0x02, 0x05, 0x04, 0x01, 0x17, 0x0B, 0x03, 0x02, // off=0x031A start=2 len=5 (1 cp: U+005E)
    0x14, 0x01, 0x00, 0x11, // off=0x0322 start=20 len=1 (1 cp: U+005F)
    0x01, 0x03, 0x02, 0x16, 0x0E, 0x01, // off=0x0326 start=1 len=3 (1 cp: U+0060)
    0x08, 0x0B, 0x0A, 0x2A, 0x04, 0x08, 0x08, 0x1E, 0x12, 0x02, 0x02, 0x02, 0x12, 0x1E, // off=0x032C start=8 len=11 (2 cps: U+0061, U+0430)
    0x04, 0x0F, 0x82, 0x06, 0x01, 0x19, 0x13, 0x85, 0x02, 0x01, 0x13, 0x19, // off=0x033A start=4 len=15 (1 cp: U+0062)
    0x08, 0x0B, 0x02, 0x09, 0x03, 0x02, 0x83, 0x06, 0x02, 0x02, 0x03, 0x09, // off=0x0346 start=8 len=11 (3 cps: U+0063, U+03F2, U+0441)
    0x04, 0x0F, 0x82, 0x08, 0x01, 0x1E, 0x12, 0x85, 0x02, 0x01, 0x12, 0x1E, // off=0x0352 start=4 len=15 (1 cp: U+0064)
    0x08, 0x0B, 0x0A, 0x09, 0x03, 0x02, 0x02, 0x02, 0x11, 0x06, 0x06, 0x06, 0x12, 0x25, // off=0x035E start=8 len=11 (2 cps: U+0065, U+0435)
    0x04, 0x0F, 0x04, 0x6D, 0x01, 0x01, 0x01, 0x18, 0x88, 0x01, // off=0x036C start=4 len=15 (1 cp: U+0066)
    0x08, 0x0F, 0x01, 0x1E, 0x12, 0x85, 0x02, 0x05, 0x4F, 0x53, 0x08, 0x08, 0x04, 0x2A, // off=0x0376 start=8 len=15 (2 cps: U+0067, U+0434)
    0x04, 0x0F, 0x82, 0x06, 0x01, 0x19, 0x13, 0x87, 0x02, // off=0x0384 start=4 len=15 (2 cps: U+0068, U+210E)
    0x04, 0x0F, 0x81, 0x01, 0x01, 0x00, 0x3E, 0x87, 0x01, 0x00, 0x09, // off=0x038D start=4 len=15 (2 cps: U+0069, U+0456)
    0x04, 0x13, 0x81, 0x04, 0x01, 0x00, 0x56, 0x88, 0x04, 0x03, 0x03, 0x03, 0x0B, 0x27, // off=0x0398 start=4 len=19 (3 cps: U+006A, U+03F3, U+0458)
    0x04, 0x0F, 0x82, 0x05, 0x0A, 0x12, 0x03, 0x43, 0x35, 0x50, 0x59, 0x50, 0x35, 0x43, 0x03, 0x12, // off=0x03A6 start=4 len=15 (1 cp: U+006B)
    0x04, 0x0F, 0x00, 0x3E, 0x8B, 0x01, 0x00, 0x09, // off=0x03B6 start=4 len=15 (2 cps: U+006C, U+04CF)
    0x08, 0x0B, 0x01, 0x19, 0xAE, 0x87, 0x0C, // off=0x03BE start=8 len=11 (1 cp: U+006D)
    0x08, 0x0B, 0x01, 0x19, 0x13, 0x87, 0x02, // off=0x03C5 start=8 len=11 (1 cp: U+006E)
    0x08, 0x0B, 0x01, 0x09, 0x03, 0x85, 0x02, 0x01, 0x03, 0x09, // off=0x03CC start=8 len=11 (3 cps: U+006F, U+03BF, U+043E)
    0x08, 0x0F, 0x01, 0x19, 0x13, 0x85, 0x02, 0x01, 0x13, 0x19, 0x82, 0x06, // off=0x03D6 start=8 len=15 (2 cps: U+0070, U+0440)
    0x08, 0x0F, 0x01, 0x1E, 0x12, 0x85, 0x02, 0x01, 0x12, 0x1E, 0x82, 0x08, // off=0x03E2 start=8 len=15 (1 cp: U+0071)
    0x08, 0x0B, 0x03, 0x62, 0x3F, 0x38, 0x31, 0x85, 0x06, // off=0x03EE start=8 len=11 (1 cp: U+0072)
    0x08, 0x0B, 0x0A, 0x18, 0x02, 0x06, 0x06, 0x06, 0x18, 0x08, 0x08, 0x08, 0x02, 0x18, // off=0x03F7 start=8 len=11 (2 cps: U+0073, U+0455)
    0x04, 0x0F, 0x82, 0x01, 0x00, 0x18, 0x87, 0x01, 0x00, 0x6D, // off=0x0405 start=4 len=15 (1 cp: U+0074)
    0x08, 0x0B, 0x87, 0x02, 0x01, 0x12, 0x1E, // off=0x040F start=8 len=11 (2 cps: U+0075, U+0438)
    0x08, 0x0B, 0x81, 0x02, 0x80, 0x03, 0x80, 0x0B, 0x80, 0x17, 0x80, 0x01, // off=0x0416 start=8 len=11 (2 cps: U+0076, U+03BD)
    0x08, 0x0B, 0x82, 0x02, 0x84, 0x0C, 0x00, 0x18, // off=0x0422 start=8 len=11 (1 cp: U+0077)
    0x08, 0x0B, 0x0A, 0x02, 0x02, 0x03, 0x0B, 0x17, 0x01, 0x17, 0x0B, 0x03, 0x02, 0x02, // off=0x042A start=8 len=11 (2 cps: U+0078, U+0445)
    0x08, 0x0F, 0x87, 0x02, 0x05, 0x4F, 0x53, 0x08, 0x08, 0x04, 0x2A, // off=0x0438 start=8 len=15 (2 cps: U+0079, U+0443)
    0x08, 0x0B, 0x0A, 0x11, 0x08, 0x04, 0x10, 0x0F, 0x01, 0x0E, 0x16, 0x05, 0x06, 0x11, // off=0x0443 start=8 len=11 (1 cp: U+007A)
    0x04, 0x0F, 0x01, 0x3C, 0x0F, 0x83, 0x01, 0x00, 0x33, 0x83, 0x01, 0x01, 0x0F, 0x3C, // off=0x0451 start=4 len=15 (1 cp: U+007B)
    0x04, 0x0F, 0x8D, 0x01, // off=0x045F start=4 len=15 (1 cp: U+007C)
    0x04, 0x0F, 0x01, 0x33, 0x01, 0x83, 0x0F, 0x00, 0x3C, 0x83, 0x0F, 0x01, 0x01, 0x33, // off=0x0463 start=4 len=15 (1 cp: U+007D)
    0x02, 0x04, 0x03, 0xC5, 0x0C, 0x0C, 0xAB, // off=0x0471 start=2 len=4 (1 cp: U+007E)
    0x04, 0x0F, 0x81, 0x01, 0x80, 0x00, 0x88, 0x01, // off=0x0478 start=4 len=15 (1 cp: U+00A1)
    0x06, 0x0F, 0x04, 0x01, 0x01, 0x09, 0x24, 0x0C, 0x83, 0x23, 0x04, 0x0C, 0x24, 0x09, 0x01, 0x01, // off=0x0480 start=6 len=15 (1 cp: U+00A2)
    0x04, 0x0F, 0x02, 0x27, 0x0B, 0x03, 0x82, 0x05, 0x00, 0x66, 0x82, 0x05, 0x02, 0x12, 0x12, 0x11, // off=0x0490 start=4 len=15 (1 cp: U+00A3)
    0x06, 0x0C, 0x02, 0x1C, 0x12, 0x25, 0x84, 0x12, 0x02, 0x25, 0x12, 0x1C, // off=0x04A0 start=6 len=12 (1 cp: U+00A4)
    0x04, 0x0F, 0x0E, 0x02, 0x02, 0x03, 0x03, 0x0B, 0x0B, 0x17, 0x01, 0x01, 0x18, 0x01, 0x01, 0x18, 0x01, 0x01, // off=0x04AC start=4 len=15 (1 cp: U+00A5)
    0x04, 0x0F, 0x84, 0x01, 0x81, 0x00, 0x84, 0x01, // off=0x04BE start=4 len=15 (1 cp: U+00A6)
    0x03, 0x10, 0x05, 0x1F, 0x14, 0x16, 0x16, 0x27, 0x0B, 0x82, 0x14, 0x05, 0x2D, 0x5F, 0x04, 0x04, 0x14, 0x1F, // off=0x04C6 start=3 len=16 (1 cp: U+00A7)
    0x00, 0x03, 0x81, 0x0B, // off=0x04D8 start=0 len=3 (2 cps: U+00A8, U+0308)
    0x06, 0x0C, 0x0B, 0x25, 0x12, 0xEE, 0x4E, 0x4E, 0xEF, 0xEF, 0x4E, 0x4E, 0xEE, 0x12, 0x25, // off=0x04DC start=6 len=12 (1 cp: U+00A9)
    0x01, 0x0B, 0x03, 0x25, 0x08, 0x08, 0x1E, 0x82, 0x12, 0x02, 0x1E, 0x00, 0x5A, // off=0x04EB start=1 len=11 (1 cp: U+00AA)
    0x08, 0x0B, 0x0A, 0x65, 0x29, 0x2D, 0x0B, 0x35, 0x23, 0x35, 0x0B, 0x2D, 0x29, 0x65, // off=0x04F8 start=8 len=11 (1 cp: U+00AB)
    0x09, 0x06, 0x00, 0x11, 0x83, 0x08, // off=0x0506 start=9 len=6 (1 cp: U+00AC)
    0x0B, 0x01, 0x00, 0x18, // off=0x050C start=11 len=1 (3 cps: U+00AD, U+2010, U+2011)
    0x06, 0x0C, 0x0B, 0x25, 0x12, 0xF4, 0x4E, 0x4E, 0x4E, 0xF4, 0xFF, 0x22, 0x05, 0xFF, 0x12, 0x05, 0x4E, 0x12, 0x25, // off=0x0510 start=6 len=12 (1 cp: U+00AE)
    0x01, 0x01, 0x00, 0x18, // off=0x0523 start=1 len=1 (2 cps: U+00AF, U+0304)
    0x02, 0x06, 0x00, 0x1F, 0x82, 0x14, 0x00, 0x1F, // off=0x0527 start=2 len=6 (1 cp: U+00B0)
    0x07, 0x0C, 0x82, 0x01, 0x00, 0x11, 0x82, 0x01, 0x02, 0x00, 0x00, 0x11, // off=0x052F start=7 len=12 (1 cp: U+00B1)
    0x02, 0x09, 0x08, 0x1F, 0x14, 0x14, 0x04, 0x10, 0x0F, 0x01, 0x0E, 0x25, // off=0x053B start=2 len=9 (1 cp: U+00B2)
    0x02, 0x09, 0x08, 0x1F, 0x14, 0x04, 0x04, 0x5F, 0x04, 0x04, 0x14, 0x1F, // off=0x0547 start=2 len=9 (1 cp: U+00B3)
    0x00, 0x03, 0x02, 0x10, 0x0F, 0x01, // off=0x0553 start=0 len=3 (2 cps: U+00B4, U+0301)
    0x08, 0x0F, 0x86, 0x02, 0x02, 0x4B, 0x48, 0xFF, 0xE4, 0x07, 0x82, 0x06, // off=0x0559 start=8 len=15 (2 cps: U+00B5, U+03BC)
    0x04, 0x0F, 0x00, 0x5A, 0x84, 0x0C, 0x00, 0xFF, 0xC4, 0x03, 0x85, 0x29, // off=0x0565 start=4 len=15 (1 cp: U+00B6)
    0x0A, 0x03, 0x81, 0x01, // off=0x0571 start=10 len=3 (1 cp: U+00B7)
    0x13, 0x04, 0x81, 0x01, 0x00, 0x0E, // off=0x0575 start=19 len=4 (1 cp: U+00B8)
    0x02, 0x09, 0x02, 0x01, 0x1B, 0x6E, 0x83, 0x01, 0x00, 0x09, // off=0x057B start=2 len=9 (1 cp: U+00B9)
    0x01, 0x0B, 0x01, 0x1F, 0x14, 0x83, 0x12, 0x03, 0x14, 0x1F, 0x00, 0x5A, // off=0x0585 start=1 len=11 (1 cp: U+00BA)
    0x08, 0x0B, 0x0A, 0x23, 0x35, 0x0B, 0x2D, 0x29, 0x65, 0x29, 0x2D, 0x0B, 0x35, 0x23, // off=0x0591 start=8 len=11 (1 cp: U+00BB)
    0x03, 0x11, 0x10, 0x0E, 0x33, 0x8D, 0x0E, 0x52, 0x2D, 0x0A, 0x0F, 0x01, 0x2D, 0xDB, 0xE2, 0xAE, 0x2D, 0x6A, 0x04, 0x04, // off=0x059F start=3 len=17 (1 cp: U+00BC)
    0x03, 0x11, 0x10, 0x0E, 0x33, 0x8D, 0x0E, 0x52, 0x2D, 0x0A, 0x0F, 0x01, 0x0E, 0xFF, 0x38, 0x01, 0x84, 0x0C, 0x04, 0x10, 0x0F, 0x61, // off=0x05B3 start=3 len=17 (1 cp: U+00BD)
    0x03, 0x11, 0x10, 0x3E, 0x35, 0x0F, 0x1B, 0x0F, 0xC4, 0xFF, 0xC8, 0x01, 0x10, 0x0F, 0x82, 0xFF, 0x98, 0x00, 0xFF, 0x28, 0x01, 0x24, 0xEB, 0x6A, 0x04, 0x04, // off=0x05C9 start=3 len=17 (1 cp: U+00BE)
    0x04, 0x0F, 0x81, 0x01, 0x0B, 0x00, 0x00, 0x01, 0x01, 0x0E, 0x16, 0x05, 0x02, 0x02, 0x02, 0x03, 0x09, // off=0x05E3 start=4 len=15 (1 cp: U+00BF)
    0x00, 0x13, 0x05, 0x16, 0x0E, 0x01, 0x00, 0x09, 0x03, 0x84, 0x02, 0x00, 0x11, 0x84, 0x02, // off=0x05F4 start=0 len=19 (1 cp: U+00C0)
    0x00, 0x13, 0x05, 0x10, 0x0F, 0x01, 0x00, 0x09, 0x03, 0x84, 0x02, 0x00, 0x11, 0x84, 0x02, // off=0x0603 start=0 len=19 (1 cp: U+00C1)
    0x00, 0x13, 0x05, 0x01, 0x17, 0x0B, 0x00, 0x09, 0x03, 0x84, 0x02, 0x00, 0x11, 0x84, 0x02, // off=0x0612 start=0 len=19 (1 cp: U+00C2)
    0x00, 0x13, 0x05, 0x57, 0x24, 0x54, 0x00, 0x09, 0x03, 0x84, 0x02, 0x00, 0x11, 0x84, 0x02, // off=0x0621 start=0 len=19 (1 cp: U+00C3)
    0x00, 0x13, 0x81, 0x0B, 0x02, 0x00, 0x09, 0x03, 0x84, 0x02, 0x00, 0x11, 0x84, 0x02, // off=0x0630 start=0 len=19 (2 cps: U+00C4, U+04D2)
    0x00, 0x13, 0x05, 0x27, 0x0B, 0x0B, 0x27, 0x09, 0x03, 0x84, 0x02, 0x00, 0x11, 0x84, 0x02, // off=0x063E start=0 len=19 (1 cp: U+00C5)
    0x04, 0x0F, 0x01, 0x78, 0x23, 0x83, 0x22, 0x00, 0x37, 0x84, 0x22, 0x00, 0x8A, // off=0x064D start=4 len=15 (2 cps: U+00C6, U+04D4)
    0x04, 0x13, 0x03, 0x09, 0x03, 0x02, 0x02, 0x85, 0x06, 0x07, 0x02, 0x02, 0x03, 0x09, 0x01, 0x01, 0x01, 0x0E, // off=0x065A start=4 len=19 (1 cp: U+00C7)
    0x00, 0x13, 0x04, 0x16, 0x0E, 0x01, 0x00, 0x11, 0x84, 0x06, 0x00, 0x19, 0x84, 0x06, 0x00, 0x11, // off=0x066C start=0 len=19 (2 cps: U+00C8, U+0400)
    0x00, 0x13, 0x04, 0x10, 0x0F, 0x01, 0x00, 0x11, 0x84, 0x06, 0x00, 0x19, 0x84, 0x06, 0x00, 0x11, // off=0x067C start=0 len=19 (1 cp: U+00C9)
    0x00, 0x13, 0x04, 0x01, 0x17, 0x0B, 0x00, 0x11, 0x84, 0x06, 0x00, 0x19, 0x84, 0x06, 0x00, 0x11, // off=0x068C start=0 len=19 (1 cp: U+00CA)
    0x00, 0x13, 0x81, 0x0B, 0x01, 0x00, 0x11, 0x84, 0x06, 0x00, 0x19, 0x84, 0x06, 0x00, 0x11, // off=0x069C start=0 len=19 (2 cps: U+00CB, U+0401)
    0x00, 0x13, 0x04, 0x16, 0x0E, 0x01, 0x00, 0x09, 0x8B, 0x01, 0x00, 0x09, // off=0x06AB start=0 len=19 (1 cp: U+00CC)
    0x00, 0x13, 0x04, 0x10, 0x0F, 0x01, 0x00, 0x09, 0x8B, 0x01, 0x00, 0x09, // off=0x06B7 start=0 len=19 (1 cp: U+00CD)
    0x00, 0x13, 0x04, 0x01, 0x17, 0x0B, 0x00, 0x09, 0x8B, 0x01, 0x00, 0x09, // off=0x06C3 start=0 len=19 (1 cp: U+00CE)
    0x00, 0x13, 0x81, 0x0B, 0x01, 0x00, 0x09, 0x8B, 0x01, 0x00, 0x09, // off=0x06CF start=0 len=19 (3 cps: U+00CF, U+03AA, U+0407)
    0x04, 0x0F, 0x01, 0x19, 0x13, 0x83, 0x02, 0x00, 0xD3, 0x83, 0x02, 0x01, 0x13, 0x19, // off=0x06DA start=4 len=15 (2 cps: U+00D0, U+0110)
    0x00, 0x13, 0x03, 0x57, 0x24, 0x54, 0x00, 0x82, 0x02, 0x06, 0x4D, 0x30, 0x41, 0x0C, 0x40, 0x48, 0x4B, 0x82, 0x02, // off=0x06E8 start=0 len=19 (1 cp: U+00D1)
    0x00, 0x13, 0x05, 0x16, 0x0E, 0x01, 0x00, 0x09, 0x03, 0x89, 0x02, 0x01, 0x03, 0x09, // off=0x06FB start=0 len=19 (1 cp: U+00D2)
    0x00, 0x13, 0x05, 0x10, 0x0F, 0x01, 0x00, 0x09, 0x03, 0x89, 0x02, 0x01, 0x03, 0x09, // off=0x0709 start=0 len=19 (1 cp: U+00D3)
    0x00, 0x13, 0x05, 0x01, 0x17, 0x0B, 0x00, 0x09, 0x03, 0x89, 0x02, 0x01, 0x03, 0x09, // off=0x0717 start=0 len=19 (1 cp: U+00D4)
    0x00, 0x13, 0x05, 0x57, 0x24, 0x54, 0x00, 0x09, 0x03, 0x89, 0x02, 0x01, 0x03, 0x09, // off=0x0725 start=0 len=19 (1 cp: U+00D5)
    0x00, 0x13, 0x81, 0x0B, 0x02, 0x00, 0x09, 0x03, 0x89, 0x02, 0x01, 0x03, 0x09, // off=0x0733 start=0 len=19 (2 cps: U+00D6, U+04E6)
    0x07, 0x09, 0x08, 0x02, 0x03, 0x0B, 0x17, 0x01, 0x17, 0x0B, 0x03, 0x02, // off=0x0740 start=7 len=9 (1 cp: U+00D7)
    0x04, 0x0F, 0x0E, 0x09, 0x03, 0x79, 0x02, 0x4B, 0x48, 0x40, 0x0C, 0x41, 0x30, 0x4D, 0x02, 0xCF, 0x03, 0x09, // off=0x074C start=4 len=15 (1 cp: U+00D8)
    0x00, 0x13, 0x03, 0x16, 0x0E, 0x01, 0x00, 0x8B, 0x02, 0x01, 0x03, 0x09, // off=0x075E start=0 len=19 (1 cp: U+00D9)
    0x00, 0x13, 0x03, 0x10, 0x0F, 0x01, 0x00, 0x8B, 0x02, 0x01, 0x03, 0x09, // off=0x076A start=0 len=19 (1 cp: U+00DA)
    0x00, 0x13, 0x03, 0x01, 0x17, 0x0B, 0x00, 0x8B, 0x02, 0x01, 0x03, 0x09, // off=0x0776 start=0 len=19 (1 cp: U+00DB)
    0x00, 0x13, 0x81, 0x0B, 0x00, 0x00, 0x8B, 0x02, 0x01, 0x03, 0x09, // off=0x0782 start=0 len=19 (1 cp: U+00DC)
    0x00, 0x13, 0x0B, 0x10, 0x0F, 0x01, 0x00, 0x02, 0x02, 0x03, 0x03, 0x0B, 0x0B, 0x17, 0x17, 0x85, 0x01, // off=0x078D start=0 len=19 (1 cp: U+00DD)
    0x04, 0x0F, 0x81, 0x06, 0x01, 0x19, 0x13, 0x82, 0x02, 0x01, 0x13, 0x19, 0x82, 0x06, // off=0x079E start=4 len=15 (1 cp: U+00DE)
    0x04, 0x0F, 0x07, 0x86, 0x21, 0x13, 0x13, 0x13, 0x21, 0x19, 0x13, 0x82, 0x02, 0x02, 0x4D, 0xC7, 0xFF, 0xF0, 0x04, // off=0x07AC start=4 len=15 (1 cp: U+00DF)
    0x04, 0x0F, 0x0E, 0x16, 0x0E, 0x01, 0x00, 0x2A, 0x04, 0x08, 0x08, 0x1E, 0x12, 0x02, 0x02, 0x02, 0x12, 0x1E, // off=0x07BF start=4 len=15 (1 cp: U+00E0)
    0x04, 0x0F, 0x0E, 0x10, 0x0F, 0x01, 0x00, 0x2A, 0x04, 0x08, 0x08, 0x1E, 0x12, 0x02, 0x02, 0x02, 0x12, 0x1E, // off=0x07D1 start=4 len=15 (1 cp: U+00E1)
    0x04, 0x0F, 0x0E, 0x01, 0x17, 0x0B, 0x00, 0x2A, 0x04, 0x08, 0x08, 0x1E, 0x12, 0x02, 0x02, 0x02, 0x12, 0x1E, // off=0x07E3 start=4 len=15 (1 cp: U+00E2)
    0x04, 0x0F, 0x0E, 0x57, 0x24, 0x54, 0x00, 0x2A, 0x04, 0x08, 0x08, 0x1E, 0x12, 0x02, 0x02, 0x02, 0x12, 0x1E, // off=0x07F5 start=4 len=15 (1 cp: U+00E3)
    0x04, 0x0F, 0x81, 0x0B, 0x0B, 0x00, 0x2A, 0x04, 0x08, 0x08, 0x1E, 0x12, 0x02, 0x02, 0x02, 0x12, 0x1E, // off=0x0807 start=4 len=15 (2 cps: U+00E4, U+04D3)
    0x04, 0x0F, 0x0E, 0x27, 0x0B, 0x0B, 0x27, 0x2A, 0x04, 0x08, 0x08, 0x1E, 0x12, 0x02, 0x02, 0x02, 0x12, 0x1E, // off=0x0818 start=4 len=15 (1 cp: U+00E5)
    0x08, 0x0B, 0x0A, 0x89, 0x5C, 0x5C, 0x5C, 0x6C, 0x8A, 0x22, 0x22, 0x22, 0x46, 0x89, // off=0x082A start=8 len=11 (2 cps: U+00E6, U+04D5)
    0x08, 0x0F, 0x02, 0x09, 0x03, 0x02, 0x83, 0x06, 0x06, 0x02, 0x03, 0x09, 0x01, 0x01, 0x01, 0x0E, // off=0x0838 start=8 len=15 (1 cp: U+00E7)
    0x04, 0x0F, 0x0E, 0x16, 0x0E, 0x01, 0x00, 0x09, 0x03, 0x02, 0x02, 0x02, 0x11, 0x06, 0x06, 0x06, 0x12, 0x25, // off=0x0848 start=4 len=15 (2 cps: U+00E8, U+0450)
    0x04, 0x0F, 0x0E, 0x10, 0x0F, 0x01, 0x00, 0x09, 0x03, 0x02, 0x02, 0x02, 0x11, 0x06, 0x06, 0x06, 0x12, 0x25, // off=0x085A start=4 len=15 (1 cp: U+00E9)
    0x04, 0x0F, 0x0E, 0x01, 0x17, 0x0B, 0x00, 0x09, 0x03, 0x02, 0x02, 0x02, 0x11, 0x06, 0x06, 0x06, 0x12, 0x25, // off=0x086C start=4 len=15 (1 cp: U+00EA)
    0x04, 0x0F, 0x81, 0x0B, 0x0B, 0x00, 0x09, 0x03, 0x02, 0x02, 0x02, 0x11, 0x06, 0x06, 0x06, 0x12, 0x25, // off=0x087E start=4 len=15 (2 cps: U+00EB, U+0451)
    0x04, 0x0F, 0x04, 0x16, 0x0E, 0x01, 0x00, 0x3E, 0x87, 0x01, 0x00, 0x09, // off=0x088F start=4 len=15 (1 cp: U+00EC)
    0x04, 0x0F, 0x04, 0x10, 0x0F, 0x01, 0x00, 0x3E, 0x87, 0x01, 0x00, 0x09, // off=0x089B start=4 len=15 (1 cp: U+00ED)
    0x04, 0x0F, 0x04, 0x01, 0x17, 0x0B, 0x00, 0x3E, 0x87, 0x01, 0x00, 0x09, // off=0x08A7 start=4 len=15 (1 cp: U+00EE)
    0x04, 0x0F, 0x81, 0x0B, 0x01, 0x00, 0x3E, 0x87, 0x01, 0x00, 0x09, // off=0x08B3 start=4 len=15 (2 cps: U+00EF, U+0457)
    0x04, 0x0F, 0x05, 0xFF, 0x60, 0x01, 0x0E, 0xE4, 0x0F, 0x09, 0x03, 0x85, 0x02, 0x01, 0x03, 0x09, // off=0x08BE start=4 len=15 (1 cp: U+00F0)
    0x04, 0x0F, 0x05, 0x57, 0x24, 0x54, 0x00, 0x19, 0x13, 0x87, 0x02, // off=0x08CE start=4 len=15 (1 cp: U+00F1)
    0x04, 0x0F, 0x05, 0x16, 0x0E, 0x01, 0x00, 0x09, 0x03, 0x85, 0x02, 0x01, 0x03, 0x09, // off=0x08D9 start=4 len=15 (1 cp: U+00F2)
    0x04, 0x0F, 0x05, 0x10, 0x0F, 0x01, 0x00, 0x09, 0x03, 0x85, 0x02, 0x01, 0x03, 0x09, // off=0x08E7 start=4 len=15 (2 cps: U+00F3, U+03CC)
    0x04, 0x0F, 0x05, 0x01, 0x17, 0x0B, 0x00, 0x09, 0x03, 0x85, 0x02, 0x01, 0x03, 0x09, // off=0x08F5 start=4 len=15 (1 cp: U+00F4)
    0x04, 0x0F, 0x05, 0x57, 0x24, 0x54, 0x00, 0x09, 0x03, 0x85, 0x02, 0x01, 0x03, 0x09, // off=0x0903 start=4 len=15 (1 cp: U+00F5)
    0x04, 0x0F, 0x81, 0x0B, 0x02, 0x00, 0x09, 0x03, 0x85, 0x02, 0x01, 0x03, 0x09, // off=0x0911 start=4 len=15 (2 cps: U+00F6, U+04E7)
    0x06, 0x0B, 0x81, 0x01, 0x04, 0x00, 0x00, 0x11, 0x00, 0x00, 0x81, 0x01, // off=0x091E start=6 len=11 (1 cp: U+00F7)
    0x08, 0x0B, 0x0A, 0xE0, 0x4F, 0x4B, 0x48, 0x40, 0x0C, 0x41, 0x30, 0x4D, 0xB1, 0xFC, // off=0x092A start=8 len=11 (1 cp: U+00F8)
    0x04, 0x0F, 0x03, 0x16, 0x0E, 0x01, 0x00, 0x87, 0x02, 0x01, 0x12, 0x1E, // off=0x0938 start=4 len=15 (2 cps: U+00F9, U+045D)
    0x04, 0x0F, 0x03, 0x10, 0x0F, 0x01, 0x00, 0x87, 0x02, 0x01, 0x12, 0x1E, // off=0x0944 start=4 len=15 (1 cp: U+00FA)
    0x04, 0x0F, 0x03, 0x01, 0x17, 0x0B, 0x00, 0x87, 0x02, 0x01, 0x12, 0x1E, // off=0x0950 start=4 len=15 (1 cp: U+00FB)
    0x04, 0x0F, 0x81, 0x0B, 0x00, 0x00, 0x87, 0x02, 0x01, 0x12, 0x1E, // off=0x095C start=4 len=15 (2 cps: U+00FC, U+04E5)
    0x04, 0x13, 0x03, 0x10, 0x0F, 0x01, 0x00, 0x87, 0x02, 0x05, 0x4F, 0x53, 0x08, 0x08, 0x04, 0x2A, // off=0x0967 start=4 len=19 (1 cp: U+00FD)
    0x04, 0x13, 0x82, 0x06, 0x01, 0x19, 0x13, 0x85, 0x02, 0x01, 0x13, 0x19, 0x82, 0x06, // off=0x0977 start=4 len=19 (1 cp: U+00FE)
    0x04, 0x13, 0x81, 0x0B, 0x00, 0x00, 0x87, 0x02, 0x05, 0x4F, 0x53, 0x08, 0x08, 0x04, 0x2A, // off=0x0985 start=4 len=19 (2 cps: U+00FF, U+04F1)
    0x01, 0x12, 0x04, 0x18, 0x00, 0x00, 0x09, 0x03, 0x84, 0x02, 0x00, 0x11, 0x84, 0x02, // off=0x0994 start=1 len=18 (1 cp: U+0100)
    0x05, 0x0E, 0x0D, 0x18, 0x00, 0x00, 0x2A, 0x04, 0x08, 0x08, 0x1E, 0x12, 0x02, 0x02, 0x02, 0x12, 0x1E, // off=0x09A2 start=5 len=14 (1 cp: U+0101)
    0x00, 0x13, 0x05, 0x03, 0x03, 0x09, 0x00, 0x09, 0x03, 0x84, 0x02, 0x00, 0x11, 0x84, 0x02, // off=0x09B3 start=0 len=19 (2 cps: U+0102, U+04D0)
    0x04, 0x0F, 0x0E, 0x03, 0x03, 0x09, 0x00, 0x2A, 0x04, 0x08, 0x08, 0x1E, 0x12, 0x02, 0x02, 0x02, 0x12, 0x1E, // off=0x09C2 start=4 len=15 (2 cps: U+0103, U+04D1)
    0x04, 0x13, 0x01, 0x09, 0x03, 0x84, 0x02, 0x00, 0x11, 0x84, 0x02, 0x03, 0x04, 0x10, 0x10, 0x81, // off=0x09D4 start=4 len=19 (1 cp: U+0104)
    0x08, 0x0F, 0x0E, 0x2A, 0x04, 0x08, 0x08, 0x1E, 0x12, 0x02, 0x02, 0x02, 0x12, 0x1E, 0x04, 0x10, 0x10, 0x81, // off=0x09E4 start=8 len=15 (1 cp: U+0105)
    0x00, 0x13, 0x07, 0x10, 0x0F, 0x01, 0x00, 0x09, 0x03, 0x02, 0x02, 0x85, 0x06, 0x03, 0x02, 0x02, 0x03, 0x09, // off=0x09F6 start=0 len=19 (1 cp: U+0106)
    0x04, 0x0F, 0x06, 0x10, 0x0F, 0x01, 0x00, 0x09, 0x03, 0x02, 0x83, 0x06, 0x02, 0x02, 0x03, 0x09, // off=0x0A08 start=4 len=15 (1 cp: U+0107)
    0x00, 0x13, 0x07, 0x01, 0x17, 0x0B, 0x00, 0x09, 0x03, 0x02, 0x02, 0x85, 0x06, 0x03, 0x02, 0x02, 0x03, 0x09, // off=0x0A18 start=0 len=19 (1 cp: U+0108)
    0x04, 0x0F, 0x06, 0x01, 0x17, 0x0B, 0x00, 0x09, 0x03, 0x02, 0x83, 0x06, 0x02, 0x02, 0x03, 0x09, // off=0x0A2A start=4 len=15 (1 cp: U+0109)
    0x00, 0x13, 0x81, 0x01, 0x04, 0x00, 0x09, 0x03, 0x02, 0x02, 0x85, 0x06, 0x03, 0x02, 0x02, 0x03, 0x09, // off=0x0A3A start=0 len=19 (1 cp: U+010A)
    0x04, 0x0F, 0x81, 0x01, 0x03, 0x00, 0x09, 0x03, 0x02, 0x83, 0x06, 0x02, 0x02, 0x03, 0x09, // off=0x0A4B start=4 len=15 (1 cp: U+010B)
    0x00, 0x13, 0x07, 0x0B, 0x17, 0x01, 0x00, 0x09, 0x03, 0x02, 0x02, 0x85, 0x06, 0x03, 0x02, 0x02, 0x03, 0x09, // off=0x0A5A start=0 len=19 (1 cp: U+010C)
    0x04, 0x0F, 0x06, 0x0B, 0x17, 0x01, 0x00, 0x09, 0x03, 0x02, 0x83, 0x06, 0x02, 0x02, 0x03, 0x09, // off=0x0A6C start=4 len=15 (1 cp: U+010D)
    0x00, 0x13, 0x05, 0x0B, 0x17, 0x01, 0x00, 0x19, 0x13, 0x89, 0x02, 0x01, 0x13, 0x19, // off=0x0A7C start=0 len=19 (1 cp: U+010E)
    0x00, 0x13, 0x03, 0x0B, 0x17, 0x01, 0x00, 0x82, 0x08, 0x01, 0x1E, 0x12, 0x85, 0x02, 0x01, 0x12, 0x1E, // off=0x0A8A start=0 len=19 (1 cp: U+010F)
    0x04, 0x0F, 0x05, 0x08, 0xC2, 0x08, 0x08, 0x1E, 0x12, 0x85, 0x02, 0x01, 0x12, 0x1E, // off=0x0A9B start=4 len=15 (1 cp: U+0111)
    0x01, 0x12, 0x03, 0x18, 0x00, 0x00, 0x11, 0x84, 0x06, 0x00, 0x19, 0x84, 0x06, 0x00, 0x11, // off=0x0AA9 start=1 len=18 (1 cp: U+0112)
    0x05, 0x0E, 0x0D, 0x18, 0x00, 0x00, 0x09, 0x03, 0x02, 0x02, 0x02, 0x11, 0x06, 0x06, 0x06, 0x12, 0x25, // off=0x0AB8 start=5 len=14 (1 cp: U+0113)
    0x00, 0x13, 0x04, 0x03, 0x03, 0x09, 0x00, 0x11, 0x84, 0x06, 0x00, 0x19, 0x84, 0x06, 0x00, 0x11, // off=0x0AC9 start=0 len=19 (2 cps: U+0114, U+04D6)
    0x04, 0x0F, 0x0E, 0x03, 0x03, 0x09, 0x00, 0x09, 0x03, 0x02, 0x02, 0x02, 0x11, 0x06, 0x06, 0x06, 0x12, 0x25, // off=0x0AD9 start=4 len=15 (2 cps: U+0115, U+04D7)
    0x00, 0x13, 0x81, 0x01, 0x01, 0x00, 0x11, 0x84, 0x06, 0x00, 0x19, 0x84, 0x06, 0x00, 0x11, // off=0x0AEB start=0 len=19 (1 cp: U+0116)
    0x04, 0x0F, 0x81, 0x01, 0x0B, 0x00, 0x09, 0x03, 0x02, 0x02, 0x02, 0x11, 0x06, 0x06, 0x06, 0x12, 0x25, // off=0x0AFA start=4 len=15 (1 cp: U+0117)
    0x04, 0x13, 0x00, 0x11, 0x84, 0x06, 0x00, 0x19, 0x84, 0x06, 0x04, 0x11, 0x04, 0x10, 0x10, 0x81, // off=0x0B0B start=4 len=19 (1 cp: U+0118)
    0x08, 0x0F, 0x0E, 0x09, 0x03, 0x02, 0x02, 0x02, 0x11, 0x06, 0x06, 0x06, 0x12, 0x25, 0x0F, 0x01, 0x01, 0x56, // off=0x0B1B start=8 len=15 (1 cp: U+0119)
    0x00, 0x13, 0x04, 0x0B, 0x17, 0x01, 0x00, 0x11, 0x84, 0x06, 0x00, 0x19, 0x84, 0x06, 0x00, 0x11, // off=0x0B2D start=0 len=19 (1 cp: U+011A)
    0x04, 0x0F, 0x0E, 0x0B, 0x17, 0x01, 0x00, 0x09, 0x03, 0x02, 0x02, 0x02, 0x11, 0x06, 0x06, 0x06, 0x12, 0x25, // off=0x0B3D start=4 len=15 (1 cp: U+011B)
    0x00, 0x13, 0x0B, 0x01, 0x17, 0x0B, 0x00, 0x09, 0x03, 0x02, 0x02, 0x06, 0x06, 0x06, 0x62, 0x83, 0x02, 0x01, 0x03, 0x09, // off=0x0B4F start=0 len=19 (1 cp: U+011C)
    0x04, 0x13, 0x05, 0x01, 0x17, 0x0B, 0x00, 0x1E, 0x12, 0x85, 0x02, 0x05, 0x4F, 0x53, 0x08, 0x08, 0x04, 0x2A, // off=0x0B63 start=4 len=19 (1 cp: U+011D)
    0x00, 0x13, 0x0B, 0x03, 0x03, 0x09, 0x00, 0x09, 0x03, 0x02, 0x02, 0x06, 0x06, 0x06, 0x62, 0x83, 0x02, 0x01, 0x03, 0x09, // off=0x0B75 start=0 len=19 (1 cp: U+011E)
    0x04, 0x13, 0x05, 0x03, 0x03, 0x09, 0x00, 0x1E, 0x12, 0x85, 0x02, 0x05, 0x4F, 0x53, 0x08, 0x08, 0x04, 0x2A, // off=0x0B89 start=4 len=19 (1 cp: U+011F)
    0x00, 0x13, 0x81, 0x01, 0x08, 0x00, 0x09, 0x03, 0x02, 0x02, 0x06, 0x06, 0x06, 0x62, 0x83, 0x02, 0x01, 0x03, 0x09, // off=0x0B9B start=0 len=19 (1 cp: U+0120)
    0x04, 0x13, 0x81, 0x0F, 0x02, 0x00, 0x1E, 0x12, 0x85, 0x02, 0x05, 0x4F, 0x53, 0x08, 0x08, 0x04, 0x2A, // off=0x0BAE start=4 len=19 (1 cp: U+0121)
    0x04, 0x14, 0x07, 0x09, 0x03, 0x02, 0x02, 0x06, 0x06, 0x06, 0x62, 0x83, 0x02, 0x06, 0x03, 0x09, 0x00, 0x01, 0x01, 0x01, 0x0E, // off=0x0BBF start=4 len=20 (1 cp: U+0122)
    0x03, 0x14, 0x06, 0x10, 0x0F, 0x0F, 0x0F, 0x00, 0x1E, 0x12, 0x85, 0x02, 0x05, 0x4F, 0x53, 0x08, 0x08, 0x04, 0x2A, // off=0x0BD4 start=3 len=20 (1 cp: U+0123)
    0x00, 0x13, 0x03, 0x01, 0x17, 0x0B, 0x00, 0x85, 0x02, 0x00, 0x11, 0x85, 0x02, // off=0x0BE7 start=0 len=19 (1 cp: U+0124)
    0x00, 0x13, 0x03, 0x01, 0x17, 0x0B, 0x00, 0x82, 0x06, 0x01, 0x19, 0x13, 0x87, 0x02, // off=0x0BF4 start=0 len=19 (1 cp: U+0125)
    0x04, 0x0F, 0x81, 0x02, 0x04, 0x2E, 0x02, 0x02, 0x02, 0x11, 0x85, 0x02, // off=0x0C02 start=4 len=15 (1 cp: U+0126)
    0x04, 0x0F, 0x05, 0x06, 0x15, 0x06, 0x06, 0x19, 0x13, 0x87, 0x02, // off=0x0C0E start=4 len=15 (3 cps: U+0127, U+045B, U+210F)
    0x00, 0x13, 0x04, 0x57, 0x24, 0x54, 0x00, 0x09, 0x8B, 0x01, 0x00, 0x09, // off=0x0C19 start=0 len=19 (1 cp: U+0128)
    0x04, 0x0F, 0x04, 0x57, 0x24, 0x54, 0x00, 0x3E, 0x87, 0x01, 0x00, 0x09, // off=0x0C25 start=4 len=15 (1 cp: U+0129)
    0x01, 0x12, 0x03, 0x18, 0x00, 0x00, 0x09, 0x8B, 0x01, 0x00, 0x09, // off=0x0C31 start=1 len=18 (1 cp: U+012A)
    0x05, 0x0E, 0x03, 0x18, 0x00, 0x00, 0x3E, 0x87, 0x01, 0x00, 0x09, // off=0x0C3C start=5 len=14 (1 cp: U+012B)
    0x00, 0x13, 0x04, 0x03, 0x03, 0x09, 0x00, 0x09, 0x8B, 0x01, 0x00, 0x09, // off=0x0C47 start=0 len=19 (1 cp: U+012C)
    0x04, 0x0F, 0x04, 0x03, 0x03, 0x09, 0x00, 0x3E, 0x87, 0x01, 0x00, 0x09, // off=0x0C53 start=4 len=15 (1 cp: U+012D)
    0x04, 0x13, 0x00, 0x09, 0x8B, 0x01, 0x04, 0x09, 0x01, 0x0E, 0x0E, 0x5F, // off=0x0C5F start=4 len=19 (1 cp: U+012E)
    0x04, 0x13, 0x81, 0x01, 0x01, 0x00, 0x3E, 0x87, 0x01, 0x04, 0x09, 0x01, 0x0E, 0x0E, 0x5F, // off=0x0C6B start=4 len=19 (1 cp: U+012F)
    0x00, 0x13, 0x81, 0x01, 0x01, 0x00, 0x09, 0x8B, 0x01, 0x00, 0x09, // off=0x0C7A start=0 len=19 (1 cp: U+0130)
    0x08, 0x0B, 0x00, 0x3E, 0x87, 0x01, 0x00, 0x09, // off=0x0C85 start=8 len=11 (1 cp: U+0131)
    0x04, 0x0F, 0x00, 0x7F, 0x87, 0x02, 0x82, 0x41, 0x00, 0xFF, 0x78, 0x0E, // off=0x0C8D start=4 len=15 (1 cp: U+0132)
    0x04, 0x13, 0x81, 0x28, 0x01, 0x00, 0x20, 0x87, 0x28, 0x04, 0xF6, 0x5C, 0x5C, 0x5C, 0x6D, // off=0x0C99 start=4 len=19 (1 cp: U+0133)
    0x00, 0x13, 0x04, 0x04, 0x72, 0x65, 0x00, 0xD7, 0x87, 0x04, 0x81, 0x13, 0x01, 0x43, 0x76, // off=0x0CA8 start=0 len=19 (1 cp: U+0134)
    0x04, 0x13, 0x04, 0x04, 0x72, 0x65, 0x00, 0x56, 0x88, 0x04, 0x03, 0x03, 0x03, 0x0B, 0x27, // off=0x0CB7 start=4 len=19 (1 cp: U+0135)
    0x04, 0x14, 0x13, 0x02, 0x13, 0x21, 0x44, 0x23, 0x3F, 0x38, 0x31, 0x38, 0x3F, 0x23, 0x44, 0x21, 0x13, 0x02, 0x00, 0x01, 0x01, 0x01, 0x0E, // off=0x0CC6 start=4 len=20 (1 cp: U+0136)
    0x04, 0x14, 0x82, 0x05, 0x0F, 0x12, 0x03, 0x43, 0x35, 0x50, 0x59, 0x50, 0x35, 0x43, 0x03, 0x12, 0x00, 0x01, 0x01, 0x01, 0x0E, // off=0x0CDD start=4 len=20 (1 cp: U+0137)
    0x08, 0x0B, 0x0A, 0x12, 0x03, 0x43, 0x35, 0x50, 0x59, 0x50, 0x35, 0x43, 0x03, 0x12, // off=0x0CF2 start=8 len=11 (3 cps: U+0138, U+03BA, U+043A)
    0x00, 0x13, 0x03, 0x16, 0x05, 0x06, 0x00, 0x8C, 0x06, 0x00, 0x11, // off=0x0D00 start=0 len=19 (1 cp: U+0139)
    0x00, 0x13, 0x04, 0x10, 0x0F, 0x01, 0x00, 0x3E, 0x8B, 0x01, 0x00, 0x09, // off=0x0D0B start=0 len=19 (1 cp: U+013A)
    0x04, 0x14, 0x8C, 0x06, 0x05, 0x11, 0x00, 0x01, 0x01, 0x01, 0x0E, // off=0x0D17 start=4 len=20 (1 cp: U+013B)
    0x04, 0x14, 0x00, 0x3E, 0x8B, 0x01, 0x05, 0x09, 0x00, 0x01, 0x01, 0x01, 0x0E, // off=0x0D22 start=4 len=20 (1 cp: U+013C)
    0x00, 0x13, 0x03, 0x0B, 0x17, 0x01, 0x00, 0x8C, 0x06, 0x00, 0x11, // off=0x0D2F start=0 len=19 (1 cp: U+013D)
    0x00, 0x13, 0x04, 0x0B, 0x17, 0x01, 0x00, 0x3E, 0x8B, 0x01, 0x00, 0x09, // off=0x0D3A start=0 len=19 (1 cp: U+013E)
    0x04, 0x0F, 0x84, 0x06, 0x81, 0x21, 0x83, 0x06, 0x00, 0x11, // off=0x0D46 start=4 len=15 (1 cp: U+013F)
    0x04, 0x0F, 0x00, 0x3E, 0x83, 0x01, 0x81, 0xC1, 0x83, 0x01, 0x00, 0x09, // off=0x0D50 start=4 len=15 (1 cp: U+0140)
    0x04, 0x0F, 0x83, 0x05, 0x04, 0x8D, 0x55, 0x05, 0x31, 0xFF, 0x00, 0x0A, 0x82, 0x05, 0x00, 0x78, // off=0x0D5C start=4 len=15 (1 cp: U+0141)
    0x04, 0x0F, 0x00, 0x3E, 0x82, 0x01, 0x04, 0x73, 0x07, 0x01, 0x1B, 0x6E, 0x82, 0x01, 0x00, 0x09, // off=0x0D6C start=4 len=15 (1 cp: U+0142)
    0x00, 0x13, 0x03, 0x10, 0x0F, 0x01, 0x00, 0x82, 0x02, 0x06, 0x4D, 0x30, 0x41, 0x0C, 0x40, 0x48, 0x4B, 0x82, 0x02, // off=0x0D7C start=0 len=19 (1 cp: U+0143)
    0x04, 0x0F, 0x05, 0x10, 0x0F, 0x01, 0x00, 0x19, 0x13, 0x87, 0x02, // off=0x0D8F start=4 len=15 (1 cp: U+0144)
    0x04, 0x14, 0x82, 0x02, 0x06, 0x4D, 0x30, 0x41, 0x0C, 0x40, 0x48, 0x4B, 0x82, 0x02, 0x04, 0x00, 0x01, 0x01, 0x01, 0x0E, // off=0x0D9A start=4 len=20 (1 cp: U+0145)
    0x08, 0x10, 0x01, 0x19, 0x13, 0x87, 0x02, 0x04, 0x00, 0x01, 0x01, 0x01, 0x0E, // off=0x0DAE start=8 len=16 (1 cp: U+0146)
    0x00, 0x13, 0x03, 0x0B, 0x17, 0x01, 0x00, 0x82, 0x02, 0x06, 0x4D, 0x30, 0x41, 0x0C, 0x40, 0x48, 0x4B, 0x82, 0x02, // off=0x0DBB start=0 len=19 (1 cp: U+0147)
    0x04, 0x0F, 0x05, 0x0B, 0x17, 0x01, 0x00, 0x19, 0x13, 0x87, 0x02, // off=0x0DCE start=4 len=15 (1 cp: U+0148)
    0x02, 0x11, 0x82, 0x06, 0x03, 0x26, 0x00, 0x19, 0x13, 0x87, 0x02, // off=0x0DD9 start=2 len=17 (1 cp: U+0149)
    0x04, 0x13, 0x82, 0x02, 0x06, 0x4D, 0x30, 0x41, 0x0C, 0x40, 0x48, 0x4B, 0x82, 0x02, 0x03, 0x08, 0x08, 0x04, 0x2F, // off=0x0DE4 start=4 len=19 (1 cp: U+014A)
    0x08, 0x0F, 0x01, 0x19, 0x13, 0x87, 0x02, 0x03, 0x08, 0x08, 0x04, 0x2F, // off=0x0DF7 start=8 len=15 (1 cp: U+014B)
    0x01, 0x12, 0x04, 0x18, 0x00, 0x00, 0x09, 0x03, 0x89, 0x02, 0x01, 0x03, 0x09, // off=0x0E03 start=1 len=18 (1 cp: U+014C)
    0x05, 0x0E, 0x04, 0x18, 0x00, 0x00, 0x09, 0x03, 0x85, 0x02, 0x01, 0x03, 0x09, // off=0x0E10 start=5 len=14 (1 cp: U+014D)
    0x00, 0x13, 0x05, 0x03, 0x03, 0x09, 0x00, 0x09, 0x03, 0x89, 0x02, 0x01, 0x03, 0x09, // off=0x0E1D start=0 len=19 (1 cp: U+014E)
    0x04, 0x0F, 0x05, 0x03, 0x03, 0x09, 0x00, 0x09, 0x03, 0x85, 0x02, 0x01, 0x03, 0x09, // off=0x0E2B start=4 len=15 (1 cp: U+014F)
    0x00, 0x13, 0x05, 0x29, 0x2D, 0x0B, 0x00, 0x09, 0x03, 0x89, 0x02, 0x01, 0x03, 0x09, // off=0x0E39 start=0 len=19 (1 cp: U+0150)
    0x04, 0x0F, 0x05, 0x29, 0x2D, 0x0B, 0x00, 0x09, 0x03, 0x85, 0x02, 0x01, 0x03, 0x09, // off=0x0E47 start=4 len=15 (1 cp: U+0151)
    0x04, 0x0F, 0x01, 0x78, 0x23, 0x83, 0x22, 0x00, 0xCC, 0x83, 0x22, 0x01, 0x23, 0x78, // off=0x0E55 start=4 len=15 (1 cp: U+0152)
    0x08, 0x0B, 0x0A, 0x18, 0x0C, 0x46, 0x46, 0x46, 0x8A, 0x22, 0x22, 0x22, 0x4C, 0x5A, // off=0x0E63 start=8 len=11 (1 cp: U+0153)
    0x00, 0x13, 0x05, 0x10, 0x0F, 0x01, 0x00, 0x19, 0x13, 0x82, 0x02, 0x08, 0x13, 0x19, 0x38, 0x3F, 0x23, 0x44, 0x21, 0x13, 0x02, // off=0x0E71 start=0 len=19 (1 cp: U+0154)
    0x04, 0x0F, 0x07, 0x10, 0x0F, 0x01, 0x00, 0x62, 0x3F, 0x38, 0x31, 0x85, 0x06, // off=0x0E86 start=4 len=15 (1 cp: U+0155)
    0x04, 0x14, 0x01, 0x19, 0x13, 0x82, 0x02, 0x0D, 0x13, 0x19, 0x38, 0x3F, 0x23, 0x44, 0x21, 0x13, 0x02, 0x00, 0x01, 0x01, 0x01, 0x0E, // off=0x0E93 start=4 len=20 (1 cp: U+0156)
    0x08, 0x10, 0x03, 0x62, 0x3F, 0x38, 0x31, 0x85, 0x06, 0x04, 0x00, 0x06, 0x06, 0x06, 0x26, // off=0x0EA9 start=8 len=16 (1 cp: U+0157)
    0x00, 0x13, 0x05, 0x0B, 0x17, 0x01, 0x00, 0x19, 0x13, 0x82, 0x02, 0x08, 0x13, 0x19, 0x38, 0x3F, 0x23, 0x44, 0x21, 0x13, 0x02, // off=0x0EB8 start=0 len=19 (1 cp: U+0158)
    0x04, 0x0F, 0x07, 0x0B, 0x17, 0x01, 0x00, 0x62, 0x3F, 0x38, 0x31, 0x85, 0x06, // off=0x0ECD start=4 len=15 (1 cp: U+0159)
    0x00, 0x13, 0x12, 0x10, 0x0F, 0x01, 0x00, 0x09, 0x03, 0x02, 0x06, 0x06, 0x06, 0x05, 0x09, 0x04, 0x08, 0x08, 0x08, 0x02, 0x03, 0x09, // off=0x0EDA start=0 len=19 (1 cp: U+015A)
    0x04, 0x0F, 0x0E, 0x10, 0x0F, 0x01, 0x00, 0x18, 0x02, 0x06, 0x06, 0x06, 0x18, 0x08, 0x08, 0x08, 0x02, 0x18, // off=0x0EF0 start=4 len=15 (1 cp: U+015B)
    0x00, 0x13, 0x12, 0x01, 0x17, 0x0B, 0x00, 0x09, 0x03, 0x02, 0x06, 0x06, 0x06, 0x05, 0x09, 0x04, 0x08, 0x08, 0x08, 0x02, 0x03, 0x09, // off=0x0F02 start=0 len=19 (1 cp: U+015C)
    0x04, 0x0F, 0x0E, 0x01, 0x17, 0x0B, 0x00, 0x18, 0x02, 0x06, 0x06, 0x06, 0x18, 0x08, 0x08, 0x08, 0x02, 0x18, // off=0x0F18 start=4 len=15 (1 cp: U+015D)
    0x04, 0x13, 0x12, 0x09, 0x03, 0x02, 0x06, 0x06, 0x06, 0x05, 0x09, 0x04, 0x08, 0x08, 0x08, 0x02, 0x03, 0x09, 0x01, 0x01, 0x01, 0x0E, // off=0x0F2A start=4 len=19 (1 cp: U+015E)
    0x08, 0x0F, 0x0E, 0x18, 0x02, 0x06, 0x06, 0x06, 0x18, 0x08, 0x08, 0x08, 0x02, 0x18, 0x01, 0x01, 0x01, 0x0E, // off=0x0F40 start=8 len=15 (1 cp: U+015F)
    0x00, 0x13, 0x12, 0x0B, 0x17, 0x01, 0x00, 0x09, 0x03, 0x02, 0x06, 0x06, 0x06, 0x05, 0x09, 0x04, 0x08, 0x08, 0x08, 0x02, 0x03, 0x09, // off=0x0F52 start=0 len=19 (1 cp: U+0160)
    0x04, 0x0F, 0x0E, 0x0B, 0x17, 0x01, 0x00, 0x18, 0x02, 0x06, 0x06, 0x06, 0x18, 0x08, 0x08, 0x08, 0x02, 0x18, // off=0x0F68 start=4 len=15 (1 cp: U+0161)
    0x04, 0x13, 0x00, 0x11, 0x8C, 0x01, 0x81, 0x0F, 0x00, 0x01, // off=0x0F7A start=4 len=19 (1 cp: U+0162)
    0x04, 0x13, 0x82, 0x01, 0x00, 0x18, 0x87, 0x01, 0x04, 0x6D, 0x10, 0x10, 0x10, 0x0F, // off=0x0F84 start=4 len=19 (1 cp: U+0163)
    0x00, 0x13, 0x04, 0x0B, 0x17, 0x01, 0x00, 0x11, 0x8C, 0x01, // off=0x0F92 start=0 len=19 (1 cp: U+0164)
    0x00, 0x13, 0x03, 0x0B, 0x17, 0x01, 0x00, 0x82, 0x01, 0x00, 0x18, 0x87, 0x01, 0x00, 0x6D, // off=0x0F9C start=0 len=19 (1 cp: U+0165)
    0x04, 0x0F, 0x00, 0x11, 0x84, 0x01, 0x00, 0x18, 0x85, 0x01, // off=0x0FAB start=4 len=15 (1 cp: U+0166)
    0x04, 0x0F, 0x82, 0x01, 0x03, 0x18, 0x01, 0x01, 0x09, 0x84, 0x01, 0x00, 0x6D, // off=0x0FB5 start=4 len=15 (1 cp: U+0167)
    0x00, 0x13, 0x03, 0x57, 0x24, 0x54, 0x00, 0x8B, 0x02, 0x01, 0x03, 0x09, // off=0x0FC2 start=0 len=19 (1 cp: U+0168)
    0x04, 0x0F, 0x03, 0x57, 0x24, 0x54, 0x00, 0x87, 0x02, 0x01, 0x12, 0x1E, // off=0x0FCE start=4 len=15 (1 cp: U+0169)
    0x01, 0x12, 0x02, 0x18, 0x00, 0x00, 0x8B, 0x02, 0x01, 0x03, 0x09, // off=0x0FDA start=1 len=18 (1 cp: U+016A)
    0x05, 0x0E, 0x02, 0x18, 0x00, 0x00, 0x87, 0x02, 0x01, 0x12, 0x1E, // off=0x0FE5 start=5 len=14 (2 cps: U+016B, U+04E3)
    0x00, 0x13, 0x03, 0x03, 0x03, 0x09, 0x00, 0x8B, 0x02, 0x01, 0x03, 0x09, // off=0x0FF0 start=0 len=19 (1 cp: U+016C)
    0x04, 0x0F, 0x03, 0x03, 0x03, 0x09, 0x00, 0x87, 0x02, 0x01, 0x12, 0x1E, // off=0x0FFC start=4 len=15 (2 cps: U+016D, U+0439)
    0x00, 0x13, 0x03, 0x27, 0x0B, 0x0B, 0x27, 0x8B, 0x02, 0x01, 0x03, 0x09, // off=0x1008 start=0 len=19 (1 cp: U+016E)
    0x04, 0x0F, 0x03, 0x27, 0x0B, 0x0B, 0x27, 0x87, 0x02, 0x01, 0x12, 0x1E, // off=0x1014 start=4 len=15 (1 cp: U+016F)
    0x00, 0x13, 0x03, 0x29, 0x2D, 0x0B, 0x00, 0x8B, 0x02, 0x01, 0x03, 0x09, // off=0x1020 start=0 len=19 (1 cp: U+0170)
    0x04, 0x0F, 0x03, 0x29, 0x2D, 0x0B, 0x00, 0x87, 0x02, 0x01, 0x12, 0x1E, // off=0x102C start=4 len=15 (1 cp: U+0171)
    0x04, 0x13, 0x8B, 0x02, 0x05, 0x03, 0x09, 0x01, 0x0E, 0x0E, 0x5F, // off=0x1038 start=4 len=19 (1 cp: U+0172)
    0x08, 0x0F, 0x87, 0x02, 0x05, 0x12, 0x1E, 0x04, 0x10, 0x10, 0x81, // off=0x1043 start=8 len=15 (1 cp: U+0173)
    0x00, 0x13, 0x03, 0x01, 0x17, 0x0B, 0x00, 0x86, 0x1C, 0x06, 0x6B, 0x6B, 0x51, 0x4E, 0x4E, 0x20, 0x1C, // off=0x104E start=0 len=19 (1 cp: U+0174)
    0x04, 0x0F, 0x03, 0x01, 0x17, 0x0B, 0x00, 0x82, 0x02, 0x84, 0x0C, 0x00, 0x18, // off=0x105F start=4 len=15 (1 cp: U+0175)
    0x00, 0x13, 0x0B, 0x01, 0x17, 0x0B, 0x00, 0x02, 0x02, 0x03, 0x03, 0x0B, 0x0B, 0x17, 0x17, 0x85, 0x01, // off=0x106C start=0 len=19 (1 cp: U+0176)
    0x04, 0x13, 0x03, 0x01, 0x17, 0x0B, 0x00, 0x87, 0x02, 0x05, 0x4F, 0x53, 0x08, 0x08, 0x04, 0x2A, // off=0x107D start=4 len=19 (1 cp: U+0177)
    0x00, 0x13, 0x81, 0x0B, 0x08, 0x00, 0x02, 0x02, 0x03, 0x03, 0x0B, 0x0B, 0x17, 0x17, 0x85, 0x01, // off=0x108D start=0 len=19 (2 cps: U+0178, U+03AB)
    0x00, 0x13, 0x12, 0x10, 0x0F, 0x01, 0x00, 0x11, 0x08, 0x08, 0x08, 0x04, 0x10, 0x0F, 0x01, 0x0E, 0x16, 0x05, 0x06, 0x06, 0x06, 0x11, // off=0x109D start=0 len=19 (1 cp: U+0179)
    0x04, 0x0F, 0x0E, 0x10, 0x0F, 0x01, 0x00, 0x11, 0x08, 0x04, 0x10, 0x0F, 0x01, 0x0E, 0x16, 0x05, 0x06, 0x11, // off=0x10B3 start=4 len=15 (1 cp: U+017A)
    0x00, 0x13, 0x81, 0x01, 0x0F, 0x00, 0x11, 0x08, 0x08, 0x08, 0x04, 0x10, 0x0F, 0x01, 0x0E, 0x16, 0x05, 0x06, 0x06, 0x06, 0x11, // off=0x10C5 start=0 len=19 (1 cp: U+017B)
    0x04, 0x0F, 0x81, 0x01, 0x0B, 0x00, 0x11, 0x08, 0x04, 0x10, 0x0F, 0x01, 0x0E, 0x16, 0x05, 0x06, 0x11, // off=0x10DA start=4 len=15 (1 cp: U+017C)
    0x00, 0x13, 0x12, 0x0B, 0x17, 0x01, 0x00, 0x11, 0x08, 0x08, 0x08, 0x04, 0x10, 0x0F, 0x01, 0x0E, 0x16, 0x05, 0x06, 0x06, 0x06, 0x11, // off=0x10EB start=0 len=19 (1 cp: U+017D)
    0x04, 0x0F, 0x0E, 0x0B, 0x17, 0x01, 0x00, 0x11, 0x08, 0x04, 0x10, 0x0F, 0x01, 0x0E, 0x16, 0x05, 0x06, 0x11, // off=0x1101 start=4 len=15 (1 cp: U+017E)
    0x04, 0x0F, 0x00, 0x6D, 0x8C, 0x01, // off=0x1113 start=4 len=15 (1 cp: U+017F)
    0x04, 0x0F, 0x03, 0x09, 0x03, 0x02, 0x02, 0x85, 0x08, 0x03, 0x02, 0x02, 0x03, 0x09, // off=0x1119 start=4 len=15 (1 cp: U+0186)
    0x04, 0x0F, 0x00, 0x11, 0x84, 0x08, 0x00, 0x1E, 0x84, 0x08, 0x00, 0x11, // off=0x1127 start=4 len=15 (1 cp: U+018E)
    0x04, 0x0F, 0x02, 0x09, 0x03, 0x02, 0x82, 0x08, 0x00, 0x11, 0x83, 0x02, 0x01, 0x03, 0x09, // off=0x1133 start=4 len=15 (2 cps: U+018F, U+04D8)
    0x04, 0x0F, 0x0E, 0x09, 0x03, 0x02, 0x06, 0x06, 0x06, 0x05, 0x76, 0x05, 0x06, 0x06, 0x06, 0x02, 0x03, 0x09, // off=0x1142 start=4 len=15 (1 cp: U+0190)
    0x04, 0x13, 0x06, 0x56, 0x29, 0x29, 0x01, 0x01, 0x01, 0x18, 0x87, 0x01, 0x02, 0x23, 0x23, 0x59, // off=0x1154 start=4 len=19 (1 cp: U+0192)
    0x04, 0x13, 0x82, 0x02, 0x06, 0x4D, 0x30, 0x41, 0x0C, 0x40, 0x48, 0x4B, 0x82, 0x02, 0x81, 0x06, 0x00, 0x26, // off=0x1164 start=4 len=19 (1 cp: U+019D)
    0x08, 0x0F, 0x01, 0x19, 0x13, 0x87, 0x02, 0x82, 0x08, // off=0x1176 start=8 len=15 (2 cps: U+019E, U+03B7)
    0x04, 0x0F, 0x0E, 0x11, 0x08, 0x08, 0x08, 0x04, 0x10, 0x0F, 0x11, 0x01, 0x0E, 0x16, 0x05, 0x06, 0x06, 0x11, // off=0x117F start=4 len=15 (1 cp: U+01B5)
    0x08, 0x0B, 0x0A, 0x11, 0x08, 0x04, 0x10, 0x0F, 0x11, 0x0E, 0x16, 0x05, 0x06, 0x11, // off=0x1191 start=8 len=11 (1 cp: U+01B6)
    0x04, 0x0F, 0x07, 0x11, 0x08, 0x04, 0x10, 0x0F, 0x01, 0x1F, 0x04, 0x82, 0x08, 0x02, 0x02, 0x03, 0x09, // off=0x119F start=4 len=15 (1 cp: U+01B7)
    0x00, 0x13, 0x05, 0x0B, 0x17, 0x01, 0x00, 0x09, 0x03, 0x84, 0x02, 0x00, 0x11, 0x84, 0x02, // off=0x11B0 start=0 len=19 (1 cp: U+01CD)
    0x04, 0x0F, 0x0E, 0x0B, 0x17, 0x01, 0x00, 0x2A, 0x04, 0x08, 0x08, 0x1E, 0x12, 0x02, 0x02, 0x02, 0x12, 0x1E, // off=0x11BF start=4 len=15 (1 cp: U+01CE)
    0x00, 0x13, 0x04, 0x0B, 0x17, 0x01, 0x00, 0x09, 0x8B, 0x01, 0x00, 0x09, // off=0x11D1 start=0 len=19 (1 cp: U+01CF)
    0x04, 0x0F, 0x04, 0x0B, 0x17, 0x01, 0x00, 0x3E, 0x87, 0x01, 0x00, 0x09, // off=0x11DD start=4 len=15 (1 cp: U+01D0)
    0x00, 0x13, 0x05, 0x0B, 0x17, 0x01, 0x00, 0x09, 0x03, 0x89, 0x02, 0x01, 0x03, 0x09, // off=0x11E9 start=0 len=19 (1 cp: U+01D1)
    0x04, 0x0F, 0x05, 0x0B, 0x17, 0x01, 0x00, 0x09, 0x03, 0x85, 0x02, 0x01, 0x03, 0x09, // off=0x11F7 start=4 len=15 (1 cp: U+01D2)
    0x00, 0x13, 0x03, 0x0B, 0x17, 0x01, 0x00, 0x8B, 0x02, 0x01, 0x03, 0x09, // off=0x1205 start=0 len=19 (1 cp: U+01D3)
    0x04, 0x0F, 0x03, 0x0B, 0x17, 0x01, 0x00, 0x87, 0x02, 0x01, 0x12, 0x1E, // off=0x1211 start=4 len=15 (1 cp: U+01D4)
    0x01, 0x12, 0x04, 0x5A, 0x00, 0x00, 0x78, 0x23, 0x83, 0x22, 0x00, 0x37, 0x84, 0x22, 0x00, 0x8A, // off=0x121D start=1 len=18 (1 cp: U+01E2)
    0x05, 0x0E, 0x0D, 0x5A, 0x00, 0x00, 0x89, 0x5C, 0x5C, 0x5C, 0x6C, 0x8A, 0x22, 0x22, 0x22, 0x46, 0x89, // off=0x122D start=5 len=14 (1 cp: U+01E3)
    0x04, 0x0F, 0x0E, 0x09, 0x03, 0x02, 0x02, 0x06, 0x06, 0x06, 0x62, 0x02, 0x02, 0xAD, 0x02, 0x02, 0x03, 0x09, // off=0x123E start=4 len=15 (1 cp: U+01E4)
    0x08, 0x0F, 0x0E, 0x1E, 0x12, 0x02, 0x02, 0x02, 0xAD, 0x02, 0x02, 0x02, 0x4F, 0x53, 0x08, 0x08, 0x04, 0x2A, // off=0x1250 start=8 len=15 (1 cp: U+01E5)
    0x00, 0x13, 0x0B, 0x0B, 0x17, 0x01, 0x00, 0x09, 0x03, 0x02, 0x02, 0x06, 0x06, 0x06, 0x62, 0x83, 0x02, 0x01, 0x03, 0x09, // off=0x1262 start=0 len=19 (1 cp: U+01E6)
    0x04, 0x13, 0x05, 0x0B, 0x17, 0x01, 0x00, 0x1E, 0x12, 0x85, 0x02, 0x05, 0x4F, 0x53, 0x08, 0x08, 0x04, 0x2A, // off=0x1276 start=4 len=19 (1 cp: U+01E7)
    0x00, 0x13, 0x12, 0x0B, 0x17, 0x01, 0x00, 0x02, 0x13, 0x21, 0x44, 0x23, 0x3F, 0x38, 0x31, 0x38, 0x3F, 0x23, 0x44, 0x21, 0x13, 0x02, // off=0x1288 start=0 len=19 (1 cp: U+01E8)
    0x00, 0x13, 0x03, 0x0B, 0x17, 0x01, 0x00, 0x82, 0x05, 0x0A, 0x12, 0x03, 0x43, 0x35, 0x50, 0x59, 0x50, 0x35, 0x43, 0x03, 0x12, // off=0x129E start=0 len=19 (1 cp: U+01E9)
    0x04, 0x13, 0x01, 0x09, 0x03, 0x89, 0x02, 0x05, 0x03, 0x09, 0x01, 0x0E, 0x0E, 0x5F, // off=0x12B3 start=4 len=19 (1 cp: U+01EA)
    0x08, 0x0F, 0x01, 0x09, 0x03, 0x85, 0x02, 0x05, 0x03, 0x09, 0x01, 0x0E, 0x0E, 0x5F, // off=0x12C1 start=8 len=15 (1 cp: U+01EB)
    0x01, 0x16, 0x04, 0x18, 0x00, 0x00, 0x09, 0x03, 0x89, 0x02, 0x05, 0x03, 0x09, 0x01, 0x0E, 0x0E, 0x5F, // off=0x12CF start=1 len=22 (1 cp: U+01EC)
    0x05, 0x12, 0x04, 0x18, 0x00, 0x00, 0x09, 0x03, 0x85, 0x02, 0x05, 0x03, 0x09, 0x01, 0x0E, 0x0E, 0x5F, // off=0x12E0 start=5 len=18 (1 cp: U+01ED)
    0x00, 0x13, 0x0B, 0x0B, 0x17, 0x01, 0x00, 0x11, 0x08, 0x04, 0x10, 0x0F, 0x01, 0x1F, 0x04, 0x82, 0x08, 0x02, 0x02, 0x03, 0x09, // off=0x12F1 start=0 len=19 (1 cp: U+01EE)
    0x04, 0x13, 0x0B, 0x0B, 0x17, 0x01, 0x00, 0x11, 0x08, 0x04, 0x10, 0x0F, 0x01, 0x1F, 0x04, 0x82, 0x08, 0x02, 0x02, 0x03, 0x09, // off=0x1306 start=4 len=19 (1 cp: U+01EF)
    0x04, 0x13, 0x04, 0x65, 0x72, 0x04, 0x00, 0x56, 0x88, 0x04, 0x03, 0x03, 0x03, 0x0B, 0x27, // off=0x131B start=4 len=19 (1 cp: U+01F0)
    0x00, 0x13, 0x0B, 0x10, 0x0F, 0x01, 0x00, 0x09, 0x03, 0x02, 0x02, 0x06, 0x06, 0x06, 0x62, 0x83, 0x02, 0x01, 0x03, 0x09, // off=0x132A start=0 len=19 (1 cp: U+01F4)
    0x04, 0x13, 0x05, 0x10, 0x0F, 0x01, 0x00, 0x1E, 0x12, 0x85, 0x02, 0x05, 0x4F, 0x53, 0x08, 0x08, 0x04, 0x2A, // off=0x133E start=4 len=19 (1 cp: U+01F5)
    0x00, 0x13, 0x05, 0x10, 0x0F, 0x01, 0x00, 0x78, 0x23, 0x83, 0x22, 0x00, 0x37, 0x84, 0x22, 0x00, 0x8A, // off=0x1350 start=0 len=19 (1 cp: U+01FC)
    0x04, 0x0F, 0x0E, 0x10, 0x0F, 0x01, 0x00, 0x89, 0x5C, 0x5C, 0x5C, 0x6C, 0x8A, 0x22, 0x22, 0x22, 0x46, 0x89, // off=0x1361 start=4 len=15 (1 cp: U+01FD)
    0x00, 0x13, 0x12, 0x10, 0x0F, 0x01, 0x00, 0x09, 0x03, 0x79, 0x02, 0x4B, 0x48, 0x40, 0x0C, 0x41, 0x30, 0x4D, 0x02, 0xCF, 0x03, 0x09, // off=0x1373 start=0 len=19 (1 cp: U+01FE)
    0x04, 0x0F, 0x0E, 0x10, 0x0F, 0x01, 0x00, 0xE0, 0x4F, 0x4B, 0x48, 0x40, 0x0C, 0x41, 0x30, 0x4D, 0xB1, 0xFC, // off=0x1389 start=4 len=15 (1 cp: U+01FF)
    0x04, 0x14, 0x13, 0x09, 0x03, 0x02, 0x06, 0x06, 0x06, 0x05, 0x09, 0x04, 0x08, 0x08, 0x08, 0x02, 0x03, 0x09, 0x00, 0x01, 0x01, 0x01, 0x0E, // off=0x139B start=4 len=20 (1 cp: U+0218)
    0x08, 0x10, 0x0F, 0x18, 0x02, 0x06, 0x06, 0x06, 0x18, 0x08, 0x08, 0x08, 0x02, 0x18, 0x00, 0x01, 0x01, 0x01, 0x0E, // off=0x13B2 start=8 len=16 (1 cp: U+0219)
    0x04, 0x14, 0x00, 0x11, 0x8C, 0x01, 0x04, 0x00, 0x01, 0x01, 0x01, 0x0E, // off=0x13C5 start=4 len=20 (1 cp: U+021A)
    0x04, 0x14, 0x82, 0x01, 0x00, 0x18, 0x87, 0x01, 0x05, 0x6D, 0x00, 0x10, 0x10, 0x10, 0x0F, // off=0x13D1 start=4 len=20 (1 cp: U+021B)
    0x01, 0x12, 0x0A, 0x18, 0x00, 0x00, 0x02, 0x02, 0x03, 0x03, 0x0B, 0x0B, 0x17, 0x17, 0x85, 0x01, // off=0x13E0 start=1 len=18 (1 cp: U+0232)
    0x05, 0x12, 0x02, 0x18, 0x00, 0x00, 0x87, 0x02, 0x05, 0x4F, 0x53, 0x08, 0x08, 0x04, 0x2A, // off=0x13F0 start=5 len=18 (2 cps: U+0233, U+04EF)
    0x08, 0x0F, 0x00, 0x56, 0x88, 0x04, 0x03, 0x03, 0x03, 0x0B, 0x27, // off=0x13FF start=8 len=15 (2 cps: U+0237, U+F6BE)
    0x08, 0x0B, 0x02, 0x09, 0x03, 0x02, 0x83, 0x08, 0x02, 0x02, 0x03, 0x09, // off=0x140A start=8 len=11 (1 cp: U+0254)
    0x08, 0x0B, 0x0A, 0x09, 0x03, 0x02, 0x02, 0x02, 0x11, 0x08, 0x08, 0x08, 0x13, 0x2A, // off=0x1416 start=8 len=11 (1 cp: U+0258)
    0x08, 0x0B, 0x0A, 0x2A, 0x13, 0x08, 0x08, 0x08, 0x11, 0x02, 0x02, 0x02, 0x03, 0x09, // off=0x1424 start=8 len=11 (2 cps: U+0259, U+04D9)
    0x08, 0x0B, 0x0A, 0x18, 0x02, 0x06, 0x06, 0x06, 0x86, 0x06, 0x06, 0x06, 0x02, 0x18, // off=0x1432 start=8 len=11 (2 cps: U+025B, U+03B5)
    0x08, 0x0F, 0x01, 0x19, 0x13, 0x87, 0x02, 0x81, 0x06, 0x00, 0x26, // off=0x1440 start=8 len=15 (1 cp: U+0272)
    0x08, 0x0F, 0x07, 0x11, 0x08, 0x04, 0x10, 0x0F, 0x01, 0x1F, 0x04, 0x82, 0x08, 0x02, 0x02, 0x03, 0x09, // off=0x144B start=8 len=15 (1 cp: U+0292)
    0x00, 0x04, 0x00, 0x0F, 0x81, 0x01, // off=0x145C start=0 len=4 (1 cp: U+02BB)
    0x00, 0x04, 0x81, 0x01, 0x00, 0x0E, // off=0x1462 start=0 len=4 (1 cp: U+02BC)
    0x00, 0x04, 0x81, 0x01, 0x00, 0x0F, // off=0x1468 start=0 len=4 (1 cp: U+02BD)
    0x00, 0x03, 0x02, 0x01, 0x17, 0x0B, // off=0x146E start=0 len=3 (2 cps: U+02C6, U+0302)
    0x00, 0x03, 0x02, 0x0B, 0x17, 0x01, // off=0x1474 start=0 len=3 (2 cps: U+02C7, U+030C)
    0x00, 0x03, 0x02, 0x03, 0x03, 0x09, // off=0x147A start=0 len=3 (2 cps: U+02D8, U+0306)
    0x00, 0x03, 0x81, 0x01, // off=0x1480 start=0 len=3 (2 cps: U+02D9, U+0307)
    0x13, 0x04, 0x03, 0x01, 0x0E, 0x0E, 0x5F, // off=0x1484 start=19 len=4 (1 cp: U+02DB)
    0x00, 0x03, 0x02, 0x57, 0x24, 0x54, // off=0x148B start=0 len=3 (2 cps: U+02DC, U+0303)
    0x00, 0x03, 0x02, 0x29, 0x2D, 0x0B, // off=0x1491 start=0 len=3 (2 cps: U+02DD, U+030B)
    0x00, 0x03, 0x02, 0x16, 0x0E, 0x01, // off=0x1497 start=0 len=3 (1 cp: U+0300)
    0x01, 0x01, 0x00, 0x11, // off=0x149D start=1 len=1 (2 cps: U+0305, U+203E)
    0x00, 0x04, 0x03, 0x27, 0x0B, 0x0B, 0x27, // off=0x14A1 start=0 len=4 (1 cp: U+030A)
    0x14, 0x03, 0x81, 0x01, // off=0x14A8 start=20 len=3 (1 cp: U+0329)
    0x01, 0x03, 0x02, 0x05, 0x06, 0x26, // off=0x14AC start=1 len=3 (1 cp: U+0384)
    0x00, 0x07, 0x03, 0x10, 0x0F, 0x01, 0x00, 0x81, 0x0B, // off=0x14B2 start=0 len=7 (1 cp: U+0385)
    0x01, 0x12, 0x04, 0x05, 0x06, 0x26, 0x09, 0x03, 0x84, 0x02, 0x00, 0x11, 0x84, 0x02, // off=0x14BB start=1 len=18 (1 cp: U+0386)
    0x08, 0x03, 0x81, 0x01, // off=0x14C9 start=8 len=3 (1 cp: U+0387)
    0x01, 0x12, 0x03, 0x05, 0x06, 0x26, 0x11, 0x84, 0x06, 0x00, 0x19, 0x84, 0x06, 0x00, 0x11, // off=0x14CD start=1 len=18 (1 cp: U+0388)
    0x01, 0x12, 0x02, 0x05, 0x06, 0x26, 0x85, 0x02, 0x00, 0x11, 0x85, 0x02, // off=0x14DC start=1 len=18 (1 cp: U+0389)
    0x01, 0x12, 0x03, 0x05, 0x06, 0x26, 0x09, 0x8B, 0x01, 0x00, 0x09, // off=0x14E8 start=1 len=18 (1 cp: U+038A)
    0x01, 0x12, 0x04, 0x05, 0x06, 0x26, 0x09, 0x03, 0x89, 0x02, 0x01, 0x03, 0x09, // off=0x14F3 start=1 len=18 (1 cp: U+038C)
    0x01, 0x12, 0x0A, 0x05, 0x06, 0x26, 0x28, 0x28, 0x3D, 0x3D, 0x2D, 0x2D, 0x73, 0x73, 0x85, 0x0F, // off=0x1500 start=1 len=18 (1 cp: U+038E)
    0x01, 0x12, 0x04, 0x05, 0x06, 0x26, 0x09, 0x03, 0x87, 0x02, 0x03, 0x03, 0x0B, 0x0B, 0xB5, // off=0x1510 start=1 len=18 (1 cp: U+038F)
    0x00, 0x13, 0x08, 0x10, 0x0F, 0x01, 0x00, 0x0B, 0x0B, 0x0B, 0x00, 0x3E, 0x87, 0x01, 0x00, 0x56, // off=0x151F start=0 len=19 (1 cp: U+0390)
    0x04, 0x0F, 0x00, 0x11, 0x8C, 0x06, // off=0x152F start=4 len=15 (2 cps: U+0393, U+0413)
    0x04, 0x0F, 0x81, 0x01, 0x81, 0x17, 0x81, 0x0B, 0x81, 0x03, 0x02, 0x02, 0x02, 0x11, // off=0x1535 start=4 len=15 (2 cps: U+0394, U+2206)
    0x04, 0x0F, 0x01, 0x09, 0x03, 0x83, 0x02, 0x00, 0xFF, 0xF4, 0x05, 0x83, 0x02, 0x01, 0x03, 0x09, // off=0x1543 start=4 len=15 (1 cp: U+0398)
    0x04, 0x0F, 0x81, 0x01, 0x81, 0x17, 0x81, 0x0B, 0x81, 0x03, 0x81, 0x02, // off=0x1553 start=4 len=15 (1 cp: U+039B)
    0x04, 0x0F, 0x00, 0x11, 0x84, 0x00, 0x00, 0x09, 0x84, 0x00, 0x00, 0x11, // off=0x155F start=4 len=15 (1 cp: U+039E)
    0x04, 0x0F, 0x00, 0x11, 0x8C, 0x02, // off=0x156B start=4 len=15 (2 cps: U+03A0, U+041F)
    0x04, 0x0F, 0x0E, 0x11, 0x06, 0x05, 0x16, 0x0E, 0x01, 0x0F, 0x10, 0x0F, 0x01, 0x0E, 0x16, 0x05, 0x06, 0x11, // off=0x1571 start=4 len=15 (1 cp: U+03A3)
    0x04, 0x0F, 0x02, 0x01, 0x09, 0x24, 0x87, 0x0C, 0x02, 0x24, 0x09, 0x01, // off=0x1583 start=4 len=15 (1 cp: U+03A6)
    0x04, 0x0F, 0x88, 0x0C, 0x01, 0x24, 0x09, 0x81, 0x01, // off=0x158F start=4 len=15 (1 cp: U+03A8)
    0x04, 0x0F, 0x01, 0x09, 0x03, 0x87, 0x02, 0x03, 0x03, 0x0B, 0x0B, 0xB5, // off=0x1598 start=4 len=15 (2 cps: U+03A9, U+2126)
    0x04, 0x0F, 0x05, 0x10, 0x0F, 0x01, 0x00, 0x8C, 0xA5, 0x85, 0x13, 0x01, 0xA5, 0x8C, // off=0x15A4 start=4 len=15 (1 cp: U+03AC)
    0x04, 0x0F, 0x0E, 0x10, 0x0F, 0x01, 0x00, 0x18, 0x02, 0x06, 0x06, 0x06, 0x86, 0x06, 0x06, 0x06, 0x02, 0x18, // off=0x15B2 start=4 len=15 (1 cp: U+03AD)
    0x04, 0x13, 0x05, 0x10, 0x0F, 0x01, 0x00, 0x19, 0x13, 0x87, 0x02, 0x82, 0x08, // off=0x15C4 start=4 len=19 (1 cp: U+03AE)
    0x04, 0x0F, 0x04, 0x10, 0x0F, 0x01, 0x00, 0x3E, 0x87, 0x01, 0x00, 0x56, // off=0x15D1 start=4 len=15 (1 cp: U+03AF)
    0x00, 0x13, 0x07, 0x10, 0x0F, 0x01, 0x00, 0x0B, 0x0B, 0x0B, 0x00, 0x87, 0x02, 0x01, 0x03, 0x09, // off=0x15DD start=0 len=19 (1 cp: U+03B0)
    0x08, 0x0B, 0x01, 0x8C, 0xA5, 0x85, 0x13, 0x01, 0xA5, 0x8C, // off=0x15ED start=8 len=11 (1 cp: U+03B1)
    0x04, 0x13, 0x07, 0x86, 0x21, 0x13, 0x13, 0x13, 0x21, 0x19, 0x13, 0x83, 0x02, 0x01, 0x13, 0x19, 0x82, 0x06, // off=0x15F7 start=4 len=19 (1 cp: U+03B2)
    0x08, 0x0F, 0x81, 0x02, 0x81, 0x03, 0x80, 0x0B, 0x80, 0x17, 0x83, 0x01, // off=0x1609 start=8 len=15 (2 cps: U+03B3, U+04AF)
    0x04, 0x0F, 0x05, 0x25, 0x0E, 0x01, 0x0F, 0x09, 0x03, 0x85, 0x02, 0x01, 0x03, 0x09, // off=0x1615 start=4 len=15 (1 cp: U+03B4)
    0x04, 0x13, 0x08, 0x11, 0x04, 0x10, 0x0F, 0x01, 0x0E, 0x16, 0x05, 0x05, 0x82, 0x06, 0x05, 0x05, 0x25, 0x08, 0x08, 0x08, 0x3C, // off=0x1623 start=4 len=19 (1 cp: U+03B6)
    0x04, 0x0F, 0x01, 0x1F, 0x14, 0x83, 0x12, 0x00, 0x5A, 0x83, 0x12, 0x01, 0x14, 0x1F, // off=0x1638 start=4 len=15 (1 cp: U+03B8)
    0x08, 0x0B, 0x00, 0x3E, 0x87, 0x01, 0x00, 0x56, // off=0x1646 start=8 len=11 (1 cp: U+03B9)
    0x04, 0x0F, 0x80, 0x16, 0x80, 0x0E, 0x80, 0x01, 0x80, 0x17, 0x80, 0x0B, 0x80, 0x03, 0x81, 0x02, // off=0x164E start=4 len=15 (1 cp: U+03BB)
    0x04, 0x13, 0x07, 0x1E, 0x05, 0x06, 0x06, 0x06, 0x05, 0x25, 0x05, 0x83, 0x06, 0x05, 0x05, 0x25, 0x08, 0x08, 0x08, 0x3C, // off=0x165E start=4 len=19 (1 cp: U+03BE)
    0x08, 0x0B, 0x00, 0x11, 0x88, 0x02, // off=0x1672 start=8 len=11 (2 cps: U+03C0, U+043F)
    0x08, 0x0F, 0x01, 0x09, 0x03, 0x85, 0x02, 0x01, 0xB1, 0xB0, 0x82, 0x06, // off=0x1678 start=8 len=15 (1 cp: U+03C1)
    0x08, 0x0F, 0x02, 0x09, 0x03, 0x02, 0x84, 0x06, 0x05, 0x05, 0x25, 0x08, 0x08, 0x08, 0x3C, // off=0x1684 start=8 len=15 (1 cp: U+03C2)
    0x08, 0x0B, 0x02, 0x77, 0x43, 0x13, 0x84, 0x02, 0x01, 0x03, 0x09, // off=0x1693 start=8 len=11 (1 cp: U+03C3)
    0x08, 0x0B, 0x00, 0x11, 0x87, 0x01, 0x00, 0x56, // off=0x169E start=8 len=11 (1 cp: U+03C4)
    0x08, 0x0B, 0x87, 0x02, 0x01, 0x03, 0x09, // off=0x16A6 start=8 len=11 (1 cp: U+03C5)
    0x08, 0x0F, 0x00, 0xFF, 0x38, 0x02, 0x86, 0x0C, 0x01, 0x24, 0x09, 0x82, 0x01, // off=0x16AD start=8 len=15 (1 cp: U+03C6)
    0x08, 0x0F, 0x0E, 0x02, 0x02, 0x03, 0x03, 0x0B, 0x0B, 0x17, 0x01, 0x17, 0x0B, 0x0B, 0x03, 0x03, 0x02, 0x02, // off=0x16BA start=8 len=15 (1 cp: U+03C7)
    0x08, 0x0F, 0x87, 0x0C, 0x01, 0x24, 0x09, 0x82, 0x01, // off=0x16CC start=8 len=15 (1 cp: U+03C8)
    0x08, 0x0B, 0x00, 0x03, 0x81, 0x02, 0x84, 0x0C, 0x00, 0xAA, // off=0x16D5 start=8 len=11 (1 cp: U+03C9)
    0x04, 0x0F, 0x81, 0x0B, 0x01, 0x00, 0x3E, 0x87, 0x01, 0x00, 0x56, // off=0x16DF start=4 len=15 (1 cp: U+03CA)
    0x04, 0x0F, 0x81, 0x0B, 0x00, 0x00, 0x87, 0x02, 0x01, 0x03, 0x09, // off=0x16EA start=4 len=15 (1 cp: U+03CB)
    0x04, 0x0F, 0x03, 0x10, 0x0F, 0x01, 0x00, 0x87, 0x02, 0x01, 0x03, 0x09, // off=0x16F5 start=4 len=15 (1 cp: U+03CD)
    0x04, 0x0F, 0x04, 0x10, 0x0F, 0x01, 0x00, 0x03, 0x81, 0x02, 0x84, 0x0C, 0x00, 0xAA, // off=0x1701 start=4 len=15 (1 cp: U+03CE)
    0x04, 0x0F, 0x0E, 0x1F, 0x14, 0x12, 0x12, 0x12, 0x3D, 0x9B, 0x08, 0x08, 0xFF, 0x04, 0x0E, 0x12, 0x12, 0x12, 0x14, 0x1F, // off=0x170F start=4 len=15 (1 cp: U+03D1)
    0x06, 0x0F, 0x03, 0x01, 0x01, 0x09, 0x24, 0x85, 0x0C, 0x03, 0x24, 0x09, 0x01, 0x01, // off=0x1723 start=6 len=15 (2 cps: U+03D5, U+0444)
    0x08, 0x0B, 0x0A, 0xF6, 0x52, 0x82, 0x73, 0x0F, 0x07, 0x01, 0x17, 0xA3, 0x43, 0xFF, 0x0E, 0x04, // off=0x1731 start=8 len=11 (1 cp: U+03F0)
    0x08, 0x0F, 0x01, 0x09, 0x03, 0x85, 0x02, 0x05, 0xB1, 0xB0, 0x06, 0x06, 0x05, 0x25, // off=0x1741 start=8 len=15 (1 cp: U+03F1)
    0x04, 0x0F, 0x01, 0x09, 0x03, 0x83, 0x02, 0x00, 0x11, 0x83, 0x02, 0x01, 0x03, 0x09, // off=0x174F start=4 len=15 (2 cps: U+03F4, U+04E8)
    0x08, 0x0B, 0x0A, 0x5D, 0x16, 0x05, 0x06, 0x06, 0x19, 0x06, 0x06, 0x05, 0x16, 0x5D, // off=0x175D start=8 len=11 (1 cp: U+03F5)
    0x08, 0x0B, 0x0A, 0x66, 0x10, 0x04, 0x08, 0x08, 0x1E, 0x08, 0x08, 0x04, 0x10, 0x66, // off=0x176B start=8 len=11 (1 cp: U+03F6)
    0x04, 0x0F, 0x00, 0xBD, 0x82, 0x05, 0x01, 0x2A, 0x03, 0x84, 0x12, 0x01, 0x03, 0x54, // off=0x1779 start=4 len=15 (1 cp: U+0402)
    0x00, 0x13, 0x04, 0x10, 0x0F, 0x01, 0x00, 0x11, 0x8C, 0x06, // off=0x1787 start=0 len=19 (1 cp: U+0403)
    0x04, 0x0F, 0x02, 0x09, 0x03, 0x02, 0x82, 0x06, 0x00, 0x66, 0x82, 0x06, 0x02, 0x02, 0x03, 0x09, // off=0x1791 start=4 len=15 (1 cp: U+0404)
    0x04, 0x0F, 0x01, 0x6F, 0x23, 0x82, 0x22, 0x01, 0x7B, 0x91, 0x83, 0x46, 0x01, 0x91, 0x7B, // off=0x17A1 start=4 len=15 (1 cp: U+0409)
    0x04, 0x0F, 0x84, 0x22, 0x01, 0x7B, 0xD3, 0x83, 0x46, 0x01, 0x91, 0x7B, // off=0x17B0 start=4 len=15 (1 cp: U+040A)
    0x04, 0x0F, 0x00, 0xBD, 0x82, 0x05, 0x01, 0x2A, 0x03, 0x86, 0x12, // off=0x17BC start=4 len=15 (1 cp: U+040B)
    0x00, 0x13, 0x12, 0x10, 0x0F, 0x01, 0x00, 0x02, 0x13, 0x21, 0x44, 0x23, 0x3F, 0x38, 0x31, 0x38, 0x3F, 0x23, 0x44, 0x21, 0x13, 0x02, // off=0x17C7 start=0 len=19 (1 cp: U+040C)
    0x00, 0x13, 0x03, 0x16, 0x0E, 0x01, 0x00, 0x82, 0x02, 0x06, 0x4B, 0x48, 0x40, 0x0C, 0x41, 0x30, 0x4D, 0x82, 0x02, // off=0x17DD start=0 len=19 (1 cp: U+040D)
    0x00, 0x13, 0x03, 0x03, 0x03, 0x09, 0x00, 0x85, 0x02, 0x01, 0x12, 0x1E, 0x82, 0x08, 0x01, 0x04, 0x2A, // off=0x17F0 start=0 len=19 (1 cp: U+040E)
    0x04, 0x12, 0x8C, 0x02, 0x00, 0x11, 0x81, 0x01, // off=0x1801 start=4 len=18 (1 cp: U+040F)
    0x04, 0x0F, 0x00, 0x7A, 0x83, 0x06, 0x01, 0x19, 0x13, 0x83, 0x02, 0x01, 0x13, 0x19, // off=0x1809 start=4 len=15 (1 cp: U+0411)
    0x04, 0x12, 0x01, 0x61, 0x52, 0x89, 0x3D, 0x01, 0x12, 0x5B, 0x81, 0x1C, // off=0x1817 start=4 len=18 (1 cp: U+0414)
    0x04, 0x0F, 0x83, 0x0C, 0x04, 0x24, 0x45, 0x27, 0x45, 0x24, 0x83, 0x0C, // off=0x1823 start=4 len=15 (1 cp: U+0416)
    0x04, 0x0F, 0x82, 0x02, 0x06, 0x4B, 0x48, 0x40, 0x0C, 0x41, 0x30, 0x4D, 0x82, 0x02, // off=0x182F start=4 len=15 (1 cp: U+0418)
    0x00, 0x13, 0x03, 0x03, 0x03, 0x09, 0x00, 0x82, 0x02, 0x06, 0x4B, 0x48, 0x40, 0x0C, 0x41, 0x30, 0x4D, 0x82, 0x02, // off=0x183D start=0 len=19 (1 cp: U+0419)
    0x04, 0x0F, 0x01, 0x5D, 0x3D, 0x89, 0x12, 0x01, 0x02, 0xB9, // off=0x1850 start=4 len=15 (1 cp: U+041B)
    0x04, 0x0F, 0x85, 0x02, 0x01, 0x12, 0x1E, 0x82, 0x08, 0x01, 0x04, 0x2A, // off=0x185A start=4 len=15 (1 cp: U+0423)
    0x03, 0x11, 0x02, 0x01, 0x09, 0x24, 0x89, 0x0C, 0x02, 0x24, 0x09, 0x01, // off=0x1866 start=3 len=17 (1 cp: U+0424)
    0x04, 0x12, 0x8B, 0x02, 0x01, 0x12, 0x77, 0x81, 0x1D, // off=0x1872 start=4 len=18 (1 cp: U+0426)
    0x04, 0x0F, 0x84, 0x02, 0x01, 0x12, 0x1E, 0x85, 0x08, // off=0x187B start=4 len=15 (1 cp: U+0427)
    0x04, 0x0F, 0x8B, 0x0C, 0x01, 0x84, 0x1E, // off=0x1884 start=4 len=15 (1 cp: U+0428)
    0x04, 0x12, 0x8B, 0x0C, 0x01, 0x84, 0x77, 0x81, 0x1D, // off=0x188B start=4 len=18 (1 cp: U+0429)
    0x04, 0x0F, 0x80, 0x68, 0x81, 0x06, 0x01, 0x19, 0x13, 0x84, 0x02, 0x01, 0x13, 0x19, // off=0x1894 start=4 len=15 (1 cp: U+042A)
    0x04, 0x0F, 0x83, 0x1C, 0x01, 0x6C, 0x9C, 0x84, 0x5E, 0x01, 0x9C, 0x6C, // off=0x18A2 start=4 len=15 (1 cp: U+042B)
    0x04, 0x0F, 0x83, 0x06, 0x01, 0x19, 0x13, 0x84, 0x02, 0x01, 0x13, 0x19, // off=0x18AE start=4 len=15 (1 cp: U+042C)
    0x04, 0x0F, 0x02, 0x09, 0x03, 0x02, 0x82, 0x08, 0x00, 0x5D, 0x82, 0x08, 0x02, 0x02, 0x03, 0x09, // off=0x18BA start=4 len=15 (1 cp: U+042D)
    0x04, 0x0F, 0x00, 0xAC, 0x84, 0x4C, 0x00, 0x6C, 0x84, 0x4C, 0x00, 0xAC, // off=0x18CA start=4 len=15 (1 cp: U+042E)
    0x04, 0x0F, 0x01, 0x1E, 0x12, 0x82, 0x02, 0x08, 0x12, 0x1E, 0x72, 0x96, 0x29, 0x52, 0x3D, 0x12, 0x02, // off=0x18D6 start=4 len=15 (1 cp: U+042F)
    0x04, 0x0F, 0x06, 0x25, 0x05, 0x06, 0x06, 0x06, 0x19, 0x13, 0x84, 0x02, 0x01, 0x13, 0x19, // off=0x18E7 start=4 len=15 (1 cp: U+0431)
    0x04, 0x0F, 0x07, 0x86, 0x21, 0x13, 0x13, 0x13, 0x21, 0x19, 0x13, 0x83, 0x02, 0x01, 0x13, 0x19, // off=0x18F6 start=4 len=15 (1 cp: U+0432)
    0x08, 0x0B, 0x00, 0x11, 0x88, 0x06, // off=0x1906 start=8 len=11 (1 cp: U+0433)
    0x08, 0x0B, 0x81, 0x0C, 0x04, 0x24, 0x45, 0x27, 0x45, 0x24, 0x81, 0x0C, // off=0x190C start=8 len=11 (1 cp: U+0436)
    0x08, 0x0B, 0x0A, 0x18, 0x02, 0x08, 0x08, 0x08, 0x6A, 0x08, 0x08, 0x08, 0x02, 0x18, // off=0x1918 start=8 len=11 (1 cp: U+0437)
    0x08, 0x0B, 0x01, 0x5D, 0x3D, 0x86, 0x12, 0x00, 0x02, // off=0x1926 start=8 len=11 (1 cp: U+043B)
    0x08, 0x0B, 0x04, 0x02, 0x39, 0xF1, 0xED, 0x0C, 0x84, 0x02, // off=0x192F start=8 len=11 (1 cp: U+043C)
    0x08, 0x0B, 0x83, 0x02, 0x00, 0x11, 0x83, 0x02, // off=0x1939 start=8 len=11 (1 cp: U+043D)
    0x08, 0x0B, 0x00, 0x11, 0x88, 0x01, // off=0x1941 start=8 len=11 (1 cp: U+0442)
    0x08, 0x0E, 0x87, 0x02, 0x01, 0x12, 0x77, 0x81, 0x1D, // off=0x1947 start=8 len=14 (1 cp: U+0446)
    0x08, 0x0B, 0x82, 0x02, 0x01, 0x12, 0x1E, 0x83, 0x08, // off=0x1950 start=8 len=11 (1 cp: U+0447)
    0x08, 0x0B, 0x87, 0x0C, 0x01, 0x84, 0x1E, // off=0x1959 start=8 len=11 (1 cp: U+0448)
    0x08, 0x0E, 0x87, 0x0C, 0x01, 0x84, 0x77, 0x81, 0x1D, // off=0x1960 start=8 len=14 (1 cp: U+0449)
    0x08, 0x0B, 0x04, 0x3A, 0x05, 0x05, 0x2A, 0x03, 0x82, 0x12, 0x01, 0x03, 0x2A, // off=0x1969 start=8 len=11 (1 cp: U+044A)
    0x08, 0x0B, 0x81, 0x02, 0x01, 0xB6, 0x0C, 0x82, 0x40, 0x01, 0x0C, 0xB6, // off=0x1976 start=8 len=11 (1 cp: U+044B)
    0x08, 0x0B, 0x81, 0x05, 0x01, 0x2A, 0x03, 0x82, 0x12, 0x01, 0x03, 0x2A, // off=0x1982 start=8 len=11 (1 cp: U+044C)
    0x08, 0x0B, 0x0A, 0x09, 0x03, 0x02, 0x08, 0x08, 0x5D, 0x08, 0x08, 0x02, 0x03, 0x09, // off=0x198E start=8 len=11 (1 cp: U+044D)
    0x08, 0x0B, 0x00, 0xAC, 0x82, 0x4C, 0x00, 0x6C, 0x82, 0x4C, 0x00, 0xAC, // off=0x199C start=8 len=11 (1 cp: U+044E)
    0x08, 0x0B, 0x00, 0x5A, 0x82, 0x02, 0x05, 0x5A, 0x96, 0x29, 0x52, 0x3D, 0x12, // off=0x19A8 start=8 len=11 (1 cp: U+044F)
    0x04, 0x13, 0x05, 0x06, 0x15, 0x06, 0x06, 0x19, 0x13, 0x87, 0x02, 0x03, 0x08, 0x08, 0x04, 0x2F, // off=0x19B5 start=4 len=19 (1 cp: U+0452)
    0x04, 0x0F, 0x04, 0x10, 0x0F, 0x01, 0x00, 0x11, 0x88, 0x06, // off=0x19C5 start=4 len=15 (1 cp: U+0453)
    0x08, 0x0B, 0x0A, 0x09, 0x03, 0x02, 0x06, 0x06, 0x66, 0x06, 0x06, 0x02, 0x03, 0x09, // off=0x19CF start=8 len=11 (1 cp: U+0454)
    0x08, 0x0B, 0x04, 0x6F, 0x23, 0x22, 0x7B, 0x91, 0x82, 0x46, 0x01, 0x91, 0x7B, // off=0x19DD start=8 len=11 (1 cp: U+0459)
    0x08, 0x0B, 0x82, 0x22, 0x06, 0x7B, 0xD3, 0x46, 0x46, 0x46, 0x91, 0x7B, // off=0x19EA start=8 len=11 (1 cp: U+045A)
    0x04, 0x0F, 0x0E, 0x10, 0x0F, 0x01, 0x00, 0x12, 0x03, 0x43, 0x35, 0x50, 0x59, 0x50, 0x35, 0x43, 0x03, 0x12, // off=0x19F6 start=4 len=15 (1 cp: U+045C)
    0x04, 0x13, 0x03, 0x03, 0x03, 0x09, 0x00, 0x87, 0x02, 0x05, 0x4F, 0x53, 0x08, 0x08, 0x04, 0x2A, // off=0x1A08 start=4 len=19 (1 cp: U+045E)
    0x08, 0x0E, 0x88, 0x02, 0x00, 0x11, 0x81, 0x01, // off=0x1A18 start=8 len=14 (1 cp: U+045F)
    0x04, 0x0F, 0x06, 0x06, 0x06, 0x15, 0x06, 0x06, 0x19, 0x13, 0x84, 0x02, 0x01, 0x13, 0x19, // off=0x1A20 start=4 len=15 (1 cp: U+0462)
    0x04, 0x0F, 0x81, 0x05, 0x05, 0x15, 0x05, 0x05, 0x05, 0x2A, 0x03, 0x82, 0x12, 0x01, 0x03, 0x2A, // off=0x1A2F start=4 len=15 (1 cp: U+0463)
    0x04, 0x0F, 0x09, 0x11, 0x02, 0x03, 0x03, 0x0B, 0x0B, 0x17, 0x27, 0x45, 0x24, 0x83, 0x0C, // off=0x1A3F start=4 len=15 (1 cp: U+046A)
    0x08, 0x0B, 0x07, 0x11, 0x02, 0x03, 0x0B, 0x17, 0x27, 0x45, 0x24, 0x81, 0x0C, // off=0x1A4E start=8 len=11 (1 cp: U+046B)
    0x01, 0x12, 0x81, 0x08, 0x00, 0x11, 0x8C, 0x06, // off=0x1A5B start=1 len=18 (1 cp: U+0490)
    0x05, 0x0E, 0x81, 0x08, 0x00, 0x11, 0x88, 0x06, // off=0x1A63 start=5 len=14 (1 cp: U+0491)
    0x04, 0x0F, 0x00, 0x11, 0x84, 0x06, 0x00, 0x15, 0x85, 0x06, // off=0x1A6B start=4 len=15 (1 cp: U+0492)
    0x08, 0x0B, 0x00, 0x11, 0x82, 0x06, 0x00, 0x15, 0x83, 0x06, // off=0x1A75 start=8 len=11 (1 cp: U+0493)
    0x04, 0x12, 0x00, 0x11, 0x84, 0x06, 0x01, 0x19, 0x13, 0x84, 0x02, 0x02, 0x08, 0x04, 0x10, // off=0x1A7F start=4 len=18 (1 cp: U+0494)
    0x08, 0x0E, 0x00, 0x11, 0x82, 0x06, 0x01, 0x66, 0x21, 0x82, 0x13, 0x02, 0x04, 0x10, 0x0F, // off=0x1A8E start=8 len=14 (1 cp: U+0495)
    0x04, 0x12, 0x83, 0x0C, 0x04, 0x24, 0x45, 0x27, 0x45, 0x24, 0x82, 0x0C, 0x00, 0xC6, 0x81, 0x1D, // off=0x1A9D start=4 len=18 (1 cp: U+0496)
    0x08, 0x0E, 0x81, 0x0C, 0x07, 0x24, 0x45, 0x27, 0x45, 0x24, 0x0C, 0x0C, 0xC6, 0x81, 0x1D, // off=0x1AAD start=8 len=14 (1 cp: U+0497)
    0x04, 0x13, 0x0E, 0x09, 0x03, 0x02, 0x08, 0x08, 0x08, 0x04, 0x1F, 0x04, 0x08, 0x08, 0x08, 0x02, 0x03, 0x09, 0x82, 0x01, // off=0x1ABC start=4 len=19 (1 cp: U+0498)
    0x08, 0x0F, 0x0A, 0x18, 0x02, 0x08, 0x08, 0x08, 0x6A, 0x08, 0x08, 0x08, 0x02, 0x18, 0x82, 0x01, // off=0x1AD0 start=8 len=15 (1 cp: U+0499)
    0x04, 0x12, 0x0E, 0x02, 0x13, 0x21, 0x44, 0x23, 0x3F, 0x38, 0x31, 0x38, 0x3F, 0x23, 0x44, 0x21, 0x13, 0x79, 0x81, 0x1D, // off=0x1AE0 start=4 len=18 (1 cp: U+049A)
    0x08, 0x0E, 0x0A, 0x12, 0x03, 0x43, 0x35, 0x50, 0x59, 0x50, 0x35, 0x43, 0x03, 0xFF, 0x06, 0x02, 0x81, 0x1D, // off=0x1AF4 start=8 len=14 (1 cp: U+049B)
    0x04, 0x0F, 0x0E, 0x02, 0x02, 0x13, 0x21, 0xAF, 0x8E, 0xF3, 0xB4, 0xF3, 0x8E, 0xAF, 0x21, 0x13, 0x02, 0x02, // off=0x1B06 start=4 len=15 (1 cp: U+049C)
    0x08, 0x0B, 0x0A, 0x02, 0x13, 0xF0, 0xAF, 0x8E, 0xC9, 0x8E, 0xAF, 0xF0, 0x13, 0x02, // off=0x1B18 start=8 len=11 (1 cp: U+049D)
    0x04, 0x0F, 0x0E, 0xCF, 0xFF, 0x08, 0x0C, 0x21, 0x44, 0x23, 0x3F, 0x38, 0x31, 0x38, 0x3F, 0x23, 0x44, 0x21, 0x13, 0x02, // off=0x1B26 start=4 len=15 (1 cp: U+04A0)
    0x08, 0x0B, 0x0A, 0xFF, 0x04, 0x0E, 0x03, 0x43, 0x35, 0x50, 0x59, 0x50, 0x35, 0x43, 0x03, 0x12, // off=0x1B3A start=8 len=11 (1 cp: U+04A1)
    0x04, 0x12, 0x85, 0x02, 0x00, 0x11, 0x84, 0x02, 0x00, 0x79, 0x81, 0x1D, // off=0x1B4A start=4 len=18 (1 cp: U+04A2)
    0x08, 0x0E, 0x83, 0x02, 0x00, 0x11, 0x82, 0x02, 0x00, 0x79, 0x81, 0x1D, // off=0x1B56 start=8 len=14 (1 cp: U+04A3)
    0x04, 0x0F, 0x00, 0xE7, 0x84, 0x21, 0x00, 0x19, 0x85, 0x21, // off=0x1B62 start=4 len=15 (1 cp: U+04A4)
    0x08, 0x0B, 0x00, 0xE7, 0x82, 0x21, 0x00, 0x19, 0x83, 0x21, // off=0x1B6C start=8 len=11 (1 cp: U+04A5)
    0x04, 0x13, 0x03, 0x09, 0x03, 0x02, 0x02, 0x85, 0x06, 0x03, 0x02, 0x02, 0x03, 0x09, 0x82, 0x01, // off=0x1B76 start=4 len=19 (1 cp: U+04AA)
    0x08, 0x0F, 0x02, 0x09, 0x03, 0x02, 0x83, 0x06, 0x02, 0x02, 0x03, 0x09, 0x82, 0x01, // off=0x1B86 start=8 len=15 (1 cp: U+04AB)
    0x04, 0x0F, 0x09, 0x02, 0x02, 0x03, 0x03, 0x0B, 0x0B, 0x17, 0x17, 0x01, 0x18, 0x83, 0x01, // off=0x1B94 start=4 len=15 (1 cp: U+04B0)
    0x08, 0x0F, 0x81, 0x02, 0x81, 0x03, 0x05, 0x0B, 0x0B, 0x17, 0x17, 0x01, 0x18, 0x81, 0x01, // off=0x1BA3 start=8 len=15 (1 cp: U+04B1)
    0x04, 0x12, 0x0E, 0x02, 0x02, 0x03, 0x03, 0x0B, 0x0B, 0x17, 0x01, 0x17, 0x0B, 0x0B, 0x03, 0x03, 0x02, 0x79, 0x81, 0x1D, // off=0x1BB2 start=4 len=18 (1 cp: U+04B2)
    0x08, 0x0E, 0x0A, 0x02, 0x02, 0x03, 0x0B, 0x17, 0x01, 0x17, 0x0B, 0x03, 0x02, 0x79, 0x81, 0x1D, // off=0x1BC6 start=8 len=14 (1 cp: U+04B3)
    0x04, 0x12, 0x84, 0x02, 0x01, 0x12, 0x1E, 0x84, 0x08, 0x00, 0x64, 0x81, 0x1D, // off=0x1BD6 start=4 len=18 (1 cp: U+04B6)
    0x08, 0x0E, 0x82, 0x02, 0x01, 0x12, 0x1E, 0x82, 0x08, 0x00, 0x64, 0x81, 0x1D, // off=0x1BE3 start=8 len=14 (1 cp: U+04B7)
    0x04, 0x0F, 0x82, 0x02, 0x03, 0x0C, 0x0C, 0x84, 0x1E, 0x81, 0x29, 0x82, 0x08, // off=0x1BF0 start=4 len=15 (1 cp: U+04B8)
    0x08, 0x0B, 0x05, 0x02, 0x02, 0x0C, 0x0C, 0x84, 0x1E, 0x81, 0x29, 0x80, 0x08, // off=0x1BFD start=8 len=11 (1 cp: U+04B9)
    0x04, 0x0F, 0x84, 0x06, 0x01, 0x19, 0x13, 0x85, 0x02, // off=0x1C0A start=4 len=15 (1 cp: U+04BA)
    0x08, 0x0B, 0x82, 0x06, 0x01, 0x19, 0x13, 0x83, 0x02, // off=0x1C13 start=8 len=11 (1 cp: U+04BB)
    0x00, 0x13, 0x03, 0x03, 0x03, 0x09, 0x00, 0x83, 0x0C, 0x04, 0x24, 0x45, 0x27, 0x45, 0x24, 0x83, 0x0C, // off=0x1C1C start=0 len=19 (1 cp: U+04C1)
    0x04, 0x0F, 0x0B, 0x03, 0x03, 0x09, 0x00, 0x0C, 0x0C, 0x0C, 0x24, 0x45, 0x27, 0x45, 0x24, 0x81, 0x0C, // off=0x1C2D start=4 len=15 (1 cp: U+04C2)
    0x00, 0x13, 0x81, 0x0B, 0x03, 0x00, 0x09, 0x03, 0x02, 0x82, 0x08, 0x00, 0x11, 0x83, 0x02, 0x01, 0x03, 0x09, // off=0x1C3E start=0 len=19 (1 cp: U+04DA)
    0x04, 0x0F, 0x81, 0x0B, 0x0B, 0x00, 0x2A, 0x13, 0x08, 0x08, 0x08, 0x11, 0x02, 0x02, 0x02, 0x03, 0x09, // off=0x1C50 start=4 len=15 (1 cp: U+04DB)
    0x00, 0x13, 0x81, 0x0B, 0x00, 0x00, 0x83, 0x0C, 0x04, 0x24, 0x45, 0x27, 0x45, 0x24, 0x83, 0x0C, // off=0x1C61 start=0 len=19 (1 cp: U+04DC)
    0x04, 0x0F, 0x81, 0x0B, 0x08, 0x00, 0x0C, 0x0C, 0x0C, 0x24, 0x45, 0x27, 0x45, 0x24, 0x81, 0x0C, // off=0x1C71 start=4 len=15 (1 cp: U+04DD)
    0x00, 0x13, 0x81, 0x0B, 0x0F, 0x00, 0x09, 0x03, 0x02, 0x08, 0x08, 0x08, 0x04, 0x1F, 0x04, 0x08, 0x08, 0x08, 0x02, 0x03, 0x09, // off=0x1C81 start=0 len=19 (1 cp: U+04DE)
    0x04, 0x0F, 0x81, 0x0B, 0x0B, 0x00, 0x18, 0x02, 0x08, 0x08, 0x08, 0x6A, 0x08, 0x08, 0x08, 0x02, 0x18, // off=0x1C96 start=4 len=15 (1 cp: U+04DF)
    0x01, 0x12, 0x02, 0x18, 0x00, 0x00, 0x82, 0x02, 0x06, 0x4B, 0x48, 0x40, 0x0C, 0x41, 0x30, 0x4D, 0x82, 0x02, // off=0x1CA7 start=1 len=18 (1 cp: U+04E2)
    0x00, 0x13, 0x81, 0x0B, 0x00, 0x00, 0x82, 0x02, 0x06, 0x4B, 0x48, 0x40, 0x0C, 0x41, 0x30, 0x4D, 0x82, 0x02, // off=0x1CB9 start=0 len=19 (1 cp: U+04E4)
    0x08, 0x0B, 0x0A, 0x09, 0x03, 0x02, 0x02, 0x02, 0x11, 0x02, 0x02, 0x02, 0x03, 0x09, // off=0x1CCB start=8 len=11 (1 cp: U+04E9)
    0x00, 0x13, 0x81, 0x0B, 0x02, 0x00, 0x09, 0x03, 0x83, 0x02, 0x00, 0x11, 0x83, 0x02, 0x01, 0x03, 0x09, // off=0x1CD9 start=0 len=19 (1 cp: U+04EA)
    0x04, 0x0F, 0x81, 0x0B, 0x0B, 0x00, 0x09, 0x03, 0x02, 0x02, 0x02, 0x11, 0x02, 0x02, 0x02, 0x03, 0x09, // off=0x1CEA start=4 len=15 (1 cp: U+04EB)
    0x00, 0x13, 0x81, 0x0B, 0x03, 0x00, 0x09, 0x03, 0x02, 0x82, 0x08, 0x00, 0x5D, 0x82, 0x08, 0x02, 0x02, 0x03, 0x09, // off=0x1CFB start=0 len=19 (1 cp: U+04EC)
    0x04, 0x0F, 0x81, 0x0B, 0x0B, 0x00, 0x09, 0x03, 0x02, 0x08, 0x08, 0x5D, 0x08, 0x08, 0x02, 0x03, 0x09, // off=0x1D0E start=4 len=15 (1 cp: U+04ED)
    0x01, 0x12, 0x02, 0x18, 0x00, 0x00, 0x85, 0x02, 0x01, 0x12, 0x1E, 0x82, 0x08, 0x01, 0x04, 0x2A, // off=0x1D1F start=1 len=18 (1 cp: U+04EE)
    0x00, 0x13, 0x81, 0x0B, 0x00, 0x00, 0x85, 0x02, 0x01, 0x12, 0x1E, 0x82, 0x08, 0x01, 0x04, 0x2A, // off=0x1D2F start=0 len=19 (1 cp: U+04F0)
    0x00, 0x13, 0x03, 0x29, 0x2D, 0x0B, 0x00, 0x85, 0x02, 0x01, 0x12, 0x1E, 0x82, 0x08, 0x01, 0x04, 0x2A, // off=0x1D3F start=0 len=19 (1 cp: U+04F2)
    0x04, 0x13, 0x03, 0x29, 0x2D, 0x0B, 0x00, 0x87, 0x02, 0x05, 0x4F, 0x53, 0x08, 0x08, 0x04, 0x2A, // off=0x1D50 start=4 len=19 (1 cp: U+04F3)
    0x00, 0x13, 0x81, 0x0B, 0x00, 0x00, 0x84, 0x02, 0x01, 0x12, 0x1E, 0x85, 0x08, // off=0x1D60 start=0 len=19 (1 cp: U+04F4)
    0x04, 0x0F, 0x81, 0x0B, 0x00, 0x00, 0x82, 0x02, 0x01, 0x12, 0x1E, 0x83, 0x08, // off=0x1D6D start=4 len=15 (1 cp: U+04F5)
    0x00, 0x13, 0x81, 0x0B, 0x00, 0x00, 0x83, 0x1C, 0x01, 0x6C, 0x9C, 0x84, 0x5E, 0x01, 0x9C, 0x6C, // off=0x1D7A start=0 len=19 (1 cp: U+04F8)
    0x04, 0x0F, 0x81, 0x0B, 0x05, 0x00, 0x02, 0x02, 0x02, 0xB6, 0x0C, 0x82, 0x40, 0x01, 0x0C, 0xB6, // off=0x1D8A start=4 len=15 (1 cp: U+04F9)
    0x04, 0x0F, 0x0E, 0x12, 0x12, 0x3D, 0x3D, 0x52, 0x52, 0xDC, 0x24, 0xE8, 0x44, 0x44, 0x21, 0x21, 0x13, 0x13, // off=0x1D9A start=4 len=15 (1 cp: U+05D0)
    0x04, 0x0F, 0x01, 0x2B, 0x10, 0x8A, 0x04, 0x00, 0x2E, // off=0x1DAC start=4 len=15 (1 cp: U+05D1)
    0x04, 0x0F, 0x01, 0x6F, 0x0F, 0x85, 0x10, 0x05, 0x2F, 0x73, 0x2D, 0x14, 0x12, 0x02, // off=0x1DB5 start=4 len=15 (1 cp: U+05D2)
    0x04, 0x0F, 0x00, 0x2E, 0x8C, 0x04, // off=0x1DC3 start=4 len=15 (1 cp: U+05D3)
    0x04, 0x0F, 0x03, 0x19, 0x04, 0x08, 0x08, 0x89, 0x02, // off=0x1DC9 start=4 len=15 (1 cp: U+05D4)
    0x04, 0x0F, 0x01, 0x55, 0x0E, 0x8B, 0x01, // off=0x1DD2 start=4 len=15 (1 cp: U+05D5)
    0x04, 0x0F, 0x02, 0x18, 0x10, 0x0F, 0x8A, 0x01, // off=0x1DD9 start=4 len=15 (1 cp: U+05D6)
    0x04, 0x0F, 0x01, 0x19, 0x13, 0x8B, 0x02, // off=0x1DE1 start=4 len=15 (1 cp: U+05D7)
    0x04, 0x0F, 0x01, 0xFF, 0x30, 0x04, 0x13, 0x89, 0x02, 0x01, 0x03, 0x09, // off=0x1DE8 start=4 len=15 (1 cp: U+05D8)
    0x04, 0x08, 0x01, 0x55, 0x0E, 0x84, 0x01, // off=0x1DF4 start=4 len=8 (1 cp: U+05D9)
    0x04, 0x13, 0x01, 0x19, 0x04, 0x8F, 0x08, // off=0x1DFB start=4 len=19 (1 cp: U+05DA)
    0x04, 0x0F, 0x01, 0x19, 0x04, 0x89, 0x08, 0x01, 0x04, 0x19, // off=0x1E02 start=4 len=15 (1 cp: U+05DB)
    0x01, 0x12, 0x81, 0x06, 0x00, 0x11, 0x83, 0x08, 0x03, 0x04, 0x10, 0x0F, 0x01, 0x83, 0x0E, // off=0x1E0C start=1 len=18 (1 cp: U+05DC)
    0x04, 0x0F, 0x01, 0x19, 0x13, 0x8A, 0x02, 0x00, 0x11, // off=0x1E1B start=4 len=15 (1 cp: U+05DD)
    0x04, 0x0F, 0x02, 0xFF, 0x78, 0x0C, 0xFF, 0x84, 0x02, 0xFF, 0x02, 0x03, 0x89, 0x28, 0x00, 0xFF, 0x1E, 0x02, // off=0x1E24 start=4 len=15 (1 cp: U+05DE)
    0x04, 0x13, 0x01, 0xC9, 0x01, 0x8F, 0x0F, // off=0x1E36 start=4 len=19 (1 cp: U+05DF)
    0x04, 0x0F, 0x01, 0x6F, 0x0F, 0x8A, 0x10, 0x00, 0x2A, // off=0x1E3D start=4 len=15 (1 cp: U+05E0)
    0x04, 0x0F, 0x01, 0x42, 0x12, 0x89, 0x28, 0x01, 0x3D, 0x6A, // off=0x1E46 start=4 len=15 (1 cp: U+05E1)
    0x04, 0x0F, 0x81, 0x02, 0x81, 0x12, 0x08, 0x3D, 0x14, 0x14, 0x0A, 0x0A, 0x07, 0x1B, 0x33, 0x31, // off=0x1E50 start=4 len=15 (1 cp: U+05E2)
    0x04, 0x13, 0x01, 0x19, 0x13, 0x82, 0x02, 0x01, 0x12, 0xDD, 0x89, 0x08, // off=0x1E60 start=4 len=19 (1 cp: U+05E3)
    0x04, 0x0F, 0x01, 0x19, 0x13, 0x82, 0x02, 0x01, 0x12, 0xDD, 0x83, 0x08, 0x01, 0x04, 0x19, // off=0x1E6C start=4 len=15 (1 cp: U+05E4)
    0x04, 0x13, 0x07, 0x02, 0x02, 0x12, 0x12, 0x3D, 0x14, 0x0A, 0x17, 0x89, 0x01, // off=0x1E7B start=4 len=19 (1 cp: U+05E5)
    0x04, 0x0F, 0x0E, 0x02, 0x02, 0x12, 0x12, 0x3D, 0x14, 0x0A, 0x17, 0x01, 0x0F, 0x0F, 0x10, 0x10, 0x04, 0x7A, // off=0x1E88 start=4 len=15 (1 cp: U+05E6)
    0x04, 0x13, 0x09, 0x11, 0x08, 0x08, 0x08, 0x02, 0x02, 0x13, 0x21, 0x44, 0x23, 0x83, 0x3F, 0x82, 0x06, // off=0x1E9A start=4 len=19 (1 cp: U+05E7)
    0x04, 0x0F, 0x01, 0x19, 0x04, 0x8B, 0x08, // off=0x1EAB start=4 len=15 (1 cp: U+05E8)
    0x04, 0x0F, 0x85, 0x0C, 0x01, 0x41, 0xFF, 0x04, 0x07, 0x82, 0x02, 0x01, 0x13, 0x19, // off=0x1EB2 start=4 len=15 (1 cp: U+05E9)
    0x04, 0x0F, 0x01, 0x42, 0x12, 0x8A, 0x28, 0x00, 0xFF, 0x02, 0x0C, // off=0x1EC0 start=4 len=15 (1 cp: U+05EA)
    0x04, 0x13, 0x01, 0x19, 0x13, 0x89, 0x02, 0x02, 0x13, 0x19, 0x00, 0x81, 0x0E, // off=0x1ECB start=4 len=19 (1 cp: U+1E0C)
    0x04, 0x13, 0x82, 0x08, 0x01, 0x1E, 0x12, 0x85, 0x02, 0x02, 0x12, 0x1E, 0x00, 0x81, 0x0F, // off=0x1ED8 start=4 len=19 (1 cp: U+1E0D)
    0x04, 0x12, 0x11, 0x02, 0x13, 0x21, 0x44, 0x23, 0x3F, 0x38, 0x31, 0x38, 0x3F, 0x23, 0x44, 0x21, 0x13, 0x02, 0x00, 0x00, 0x18, // off=0x1EE7 start=4 len=18 (1 cp: U+1E34)
    0x04, 0x12, 0x82, 0x05, 0x0D, 0x12, 0x03, 0x43, 0x35, 0x50, 0x59, 0x50, 0x35, 0x43, 0x03, 0x12, 0x00, 0x00, 0x25, // off=0x1EFC start=4 len=18 (1 cp: U+1E35)
    0x04, 0x13, 0x8C, 0x06, 0x01, 0x11, 0x00, 0x81, 0x01, // off=0x1F0F start=4 len=19 (1 cp: U+1E36)
    0x04, 0x13, 0x00, 0x3E, 0x8B, 0x01, 0x01, 0x09, 0x00, 0x81, 0x01, // off=0x1F18 start=4 len=19 (1 cp: U+1E37)
    0x00, 0x13, 0x81, 0x01, 0x07, 0x00, 0x1C, 0x20, 0x4E, 0x4E, 0x51, 0x6B, 0x6B, 0x86, 0x1C, // off=0x1F23 start=0 len=19 (1 cp: U+1E40)
    0x04, 0x0F, 0x81, 0x0E, 0x02, 0x00, 0x19, 0xAE, 0x87, 0x0C, // off=0x1F32 start=4 len=15 (1 cp: U+1E41)
    0x04, 0x13, 0x06, 0x1C, 0x20, 0x4E, 0x4E, 0x51, 0x6B, 0x6B, 0x86, 0x1C, 0x00, 0x00, 0x81, 0x01, // off=0x1F3C start=4 len=19 (1 cp: U+1E42)
    0x08, 0x0F, 0x01, 0x19, 0xAE, 0x87, 0x0C, 0x00, 0x00, 0x81, 0x01, // off=0x1F4C start=8 len=15 (1 cp: U+1E43)
    0x00, 0x13, 0x81, 0x01, 0x00, 0x00, 0x82, 0x02, 0x06, 0x4D, 0x30, 0x41, 0x0C, 0x40, 0x48, 0x4B, 0x82, 0x02, // off=0x1F57 start=0 len=19 (1 cp: U+1E44)
    0x04, 0x0F, 0x81, 0x0E, 0x02, 0x00, 0x19, 0x13, 0x87, 0x02, // off=0x1F69 start=4 len=15 (1 cp: U+1E45)
    0x04, 0x13, 0x82, 0x02, 0x06, 0x4D, 0x30, 0x41, 0x0C, 0x40, 0x48, 0x4B, 0x82, 0x02, 0x00, 0x00, 0x81, 0x01, // off=0x1F73 start=4 len=19 (1 cp: U+1E46)
    0x08, 0x0F, 0x01, 0x19, 0x13, 0x87, 0x02, 0x00, 0x00, 0x81, 0x01, // off=0x1F85 start=8 len=15 (1 cp: U+1E47)
    0x04, 0x13, 0x00, 0x11, 0x8C, 0x01, 0x00, 0x00, 0x81, 0x01, // off=0x1F90 start=4 len=19 (1 cp: U+1E6C)
    0x04, 0x13, 0x82, 0x01, 0x00, 0x18, 0x87, 0x01, 0x01, 0x6D, 0x00, 0x81, 0x10, // off=0x1F9A start=4 len=19 (1 cp: U+1E6D)
    0x04, 0x13, 0x00, 0x11, 0x84, 0x06, 0x00, 0x19, 0x84, 0x06, 0x01, 0x11, 0x00, 0x81, 0x01, // off=0x1FA7 start=4 len=19 (1 cp: U+1EB8)
    0x08, 0x0F, 0x0B, 0x09, 0x03, 0x02, 0x02, 0x02, 0x11, 0x06, 0x06, 0x06, 0x12, 0x25, 0x00, 0x81, 0x01, // off=0x1FB6 start=8 len=15 (1 cp: U+1EB9)
    0x00, 0x13, 0x04, 0x57, 0x24, 0x54, 0x00, 0x11, 0x84, 0x06, 0x00, 0x19, 0x84, 0x06, 0x00, 0x11, // off=0x1FC7 start=0 len=19 (1 cp: U+1EBC)
    0x04, 0x0F, 0x0E, 0x57, 0x24, 0x54, 0x00, 0x09, 0x03, 0x02, 0x02, 0x02, 0x11, 0x06, 0x06, 0x06, 0x12, 0x25, // off=0x1FD7 start=4 len=15 (1 cp: U+1EBD)
    0x04, 0x13, 0x00, 0x09, 0x8B, 0x01, 0x01, 0x09, 0x00, 0x81, 0x01, // off=0x1FE9 start=4 len=19 (1 cp: U+1ECA)
    0x04, 0x13, 0x81, 0x01, 0x01, 0x00, 0x3E, 0x87, 0x01, 0x01, 0x09, 0x00, 0x81, 0x01, // off=0x1FF4 start=4 len=19 (1 cp: U+1ECB)
    0x04, 0x13, 0x01, 0x09, 0x03, 0x89, 0x02, 0x02, 0x03, 0x09, 0x00, 0x81, 0x01, // off=0x2002 start=4 len=19 (1 cp: U+1ECC)
    0x08, 0x0F, 0x01, 0x09, 0x03, 0x85, 0x02, 0x02, 0x03, 0x09, 0x00, 0x81, 0x01, // off=0x200F start=8 len=15 (1 cp: U+1ECD)
    0x04, 0x13, 0x8B, 0x02, 0x02, 0x03, 0x09, 0x00, 0x81, 0x01, // off=0x201C start=4 len=19 (1 cp: U+1EE4)
    0x08, 0x0F, 0x87, 0x02, 0x02, 0x12, 0x1E, 0x00, 0x81, 0x0F, // off=0x2026 start=8 len=15 (1 cp: U+1EE5)
    0x00, 0x13, 0x0B, 0x57, 0x24, 0x54, 0x00, 0x02, 0x02, 0x03, 0x03, 0x0B, 0x0B, 0x17, 0x17, 0x85, 0x01, // off=0x2030 start=0 len=19 (1 cp: U+1EF8)
    0x04, 0x13, 0x03, 0x57, 0x24, 0x54, 0x00, 0x87, 0x02, 0x05, 0x4F, 0x53, 0x08, 0x08, 0x04, 0x2A, // off=0x2041 start=4 len=19 (1 cp: U+1EF9)
    0x0B, 0x01, 0x00, 0x5B, // off=0x2051 start=11 len=1 (2 cps: U+2014, U+2015)
    0x04, 0x0F, 0x8D, 0x0A, // off=0x2055 start=4 len=15 (2 cps: U+2016, U+2225)
    0x14, 0x04, 0x03, 0x11, 0x00, 0x00, 0x11, // off=0x2059 start=20 len=4 (1 cp: U+2017)
    0x02, 0x05, 0x00, 0x0F, 0x82, 0x01, // off=0x2060 start=2 len=5 (1 cp: U+2018)
    0x02, 0x05, 0x82, 0x01, 0x00, 0x0E, // off=0x2066 start=2 len=5 (1 cp: U+2019)
    0x02, 0x05, 0x82, 0x01, 0x00, 0x0F, // off=0x206C start=2 len=5 (1 cp: U+201B)
    0x02, 0x05, 0x00, 0x29, 0x82, 0x2D, // off=0x2072 start=2 len=5 (1 cp: U+201C)
    0x02, 0x05, 0x82, 0x0B, 0x00, 0x35, // off=0x2078 start=2 len=5 (1 cp: U+201D)
    0x0F, 0x05, 0x82, 0x2D, 0x00, 0x0B, // off=0x207E start=15 len=5 (1 cp: U+201E)
    0x02, 0x05, 0x82, 0x0B, 0x00, 0x2D, // off=0x2084 start=2 len=5 (1 cp: U+201F)
    0x04, 0x0F, 0x81, 0x01, 0x00, 0x11, 0x89, 0x01, // off=0x208A start=4 len=15 (1 cp: U+2020)
    0x04, 0x0F, 0x81, 0x01, 0x00, 0x11, 0x85, 0x01, 0x00, 0x11, 0x81, 0x01, // off=0x2092 start=4 len=15 (1 cp: U+2021)
    0x09, 0x06, 0x00, 0x1F, 0x82, 0x25, 0x00, 0x1F, // off=0x209E start=9 len=6 (2 cps: U+2022, U+25CF)
    0x10, 0x03, 0x81, 0x0C, // off=0x20A6 start=16 len=3 (1 cp: U+2026)
    0x05, 0x0E, 0x0D, 0xE3, 0xEC, 0xFF, 0xA0, 0x04, 0xFF, 0x20, 0x03, 0x01, 0x01, 0x0E, 0x0E, 0x16, 0x16, 0xFF, 0x6C, 0x02, 0xFF, 0x92, 0x02, 0x51, 0xFF, 0x6C, 0x04, // off=0x20AA start=5 len=14 (1 cp: U+2030)
    0x02, 0x06, 0x84, 0x01, // off=0x20C5 start=2 len=6 (1 cp: U+2032)
    0x02, 0x06, 0x84, 0x0B, // off=0x20C9 start=2 len=6 (1 cp: U+2033)
    0x08, 0x0B, 0x0A, 0x04, 0x10, 0x0F, 0x01, 0x0E, 0x16, 0x0E, 0x01, 0x0F, 0x10, 0x04, // off=0x20CD start=8 len=11 (1 cp: U+2039)
    0x08, 0x0B, 0x0A, 0x16, 0x0E, 0x01, 0x0F, 0x10, 0x04, 0x10, 0x0F, 0x01, 0x0E, 0x16, // off=0x20DB start=8 len=11 (1 cp: U+203A)
    0x04, 0x0F, 0x88, 0x0B, 0x80, 0x00, 0x81, 0x0B, // off=0x20E9 start=4 len=15 (1 cp: U+203C)
    0x02, 0x09, 0x00, 0x1F, 0x85, 0x14, 0x00, 0x1F, // off=0x20F1 start=2 len=9 (1 cp: U+2070)
    0x01, 0x0A, 0x03, 0x01, 0x01, 0x00, 0x1B, 0x83, 0x01, 0x00, 0x27, // off=0x20F9 start=1 len=10 (1 cp: U+2071)
    0x02, 0x09, 0x08, 0x04, 0x3C, 0xA2, 0x82, 0x2D, 0x14, 0x25, 0x04, 0x04, // off=0x2104 start=2 len=9 (1 cp: U+2074)
    0x02, 0x09, 0x08, 0x09, 0x16, 0x16, 0x16, 0x09, 0x04, 0x04, 0x04, 0x09, // off=0x2110 start=2 len=9 (1 cp: U+2075)
    0x02, 0x09, 0x08, 0x1F, 0x16, 0x16, 0x16, 0x09, 0x14, 0x14, 0x14, 0x1F, // off=0x211C start=2 len=9 (1 cp: U+2076)
    0x02, 0x09, 0x08, 0x25, 0x14, 0x04, 0x10, 0x10, 0x0F, 0x0F, 0x01, 0x01, // off=0x2128 start=2 len=9 (1 cp: U+2077)
    0x02, 0x09, 0x08, 0x1F, 0x14, 0x14, 0x14, 0x1F, 0x14, 0x14, 0x14, 0x1F, // off=0x2134 start=2 len=9 (1 cp: U+2078)
    0x02, 0x09, 0x08, 0x1F, 0x14, 0x14, 0x14, 0x6A, 0x04, 0x04, 0x04, 0x1F, // off=0x2140 start=2 len=9 (1 cp: U+2079)
    0x03, 0x07, 0x81, 0x01, 0x00, 0x18, 0x81, 0x01, // off=0x214C start=3 len=7 (1 cp: U+207A)
    0x06, 0x01, 0x00, 0x18, // off=0x2154 start=6 len=1 (1 cp: U+207B)
    0x04, 0x05, 0x04, 0x18, 0x00, 0x00, 0x00, 0x18, // off=0x2158 start=4 len=5 (1 cp: U+207C)
    0x02, 0x09, 0x01, 0x0F, 0x01, 0x83, 0x0E, 0x01, 0x01, 0x0F, // off=0x2160 start=2 len=9 (1 cp: U+207D)
    0x02, 0x09, 0x01, 0x0E, 0x01, 0x83, 0x0F, 0x01, 0x01, 0x0E, // off=0x216A start=2 len=9 (1 cp: U+207E)
    0x03, 0x08, 0x00, 0x09, 0x85, 0x14, // off=0x2174 start=3 len=8 (1 cp: U+207F)
    0x0C, 0x09, 0x00, 0x1F, 0x85, 0x14, 0x00, 0x1F, // off=0x217A start=12 len=9 (1 cp: U+2080)
    0x0C, 0x09, 0x02, 0x01, 0x1B, 0x6E, 0x83, 0x01, 0x00, 0x09, // off=0x2182 start=12 len=9 (1 cp: U+2081)
    0x0C, 0x09, 0x08, 0x1F, 0x14, 0x14, 0x04, 0x10, 0x0F, 0x01, 0x0E, 0x25, // off=0x218C start=12 len=9 (1 cp: U+2082)
    0x0C, 0x09, 0x08, 0x1F, 0x14, 0x04, 0x04, 0x5F, 0x04, 0x04, 0x14, 0x1F, // off=0x2198 start=12 len=9 (1 cp: U+2083)
    0x0C, 0x09, 0x08, 0x04, 0x3C, 0xA2, 0x82, 0x2D, 0x14, 0x25, 0x04, 0x04, // off=0x21A4 start=12 len=9 (1 cp: U+2084)
    0x0C, 0x09, 0x08, 0x09, 0x16, 0x16, 0x16, 0x09, 0x04, 0x04, 0x04, 0x09, // off=0x21B0 start=12 len=9 (1 cp: U+2085)
    0x0C, 0x09, 0x08, 0x1F, 0x16, 0x16, 0x16, 0x09, 0x14, 0x14, 0x14, 0x1F, // off=0x21BC start=12 len=9 (1 cp: U+2086)
    0x0C, 0x09, 0x08, 0x25, 0x14, 0x04, 0x10, 0x10, 0x0F, 0x0F, 0x01, 0x01, // off=0x21C8 start=12 len=9 (1 cp: U+2087)
    0x0C, 0x09, 0x08, 0x1F, 0x14, 0x14, 0x14, 0x1F, 0x14, 0x14, 0x14, 0x1F, // off=0x21D4 start=12 len=9 (1 cp: U+2088)
    0x0C, 0x09, 0x08, 0x1F, 0x14, 0x14, 0x14, 0x6A, 0x04, 0x04, 0x04, 0x1F, // off=0x21E0 start=12 len=9 (1 cp: U+2089)
    0x0D, 0x07, 0x81, 0x01, 0x00, 0x18, 0x81, 0x01, // off=0x21EC start=13 len=7 (1 cp: U+208A)
    0x10, 0x01, 0x00, 0x18, // off=0x21F4 start=16 len=1 (1 cp: U+208B)
    0x0E, 0x05, 0x04, 0x18, 0x00, 0x00, 0x00, 0x18, // off=0x21F8 start=14 len=5 (1 cp: U+208C)
    0x0C, 0x09, 0x01, 0x0F, 0x01, 0x83, 0x0E, 0x01, 0x01, 0x0F, // off=0x2200 start=12 len=9 (1 cp: U+208D)
    0x0C, 0x09, 0x01, 0x0E, 0x01, 0x83, 0x0F, 0x01, 0x01, 0x0E, // off=0x220A start=12 len=9 (1 cp: U+208E)
    0x0D, 0x08, 0x07, 0x1F, 0x04, 0x04, 0x6A, 0x14, 0x14, 0x14, 0x6A, // off=0x2214 start=13 len=8 (1 cp: U+2090)
    0x0D, 0x08, 0x07, 0x1F, 0x14, 0x14, 0x25, 0x16, 0x16, 0x14, 0x1F, // off=0x221F start=13 len=8 (1 cp: U+2091)
    0x0D, 0x08, 0x00, 0x1F, 0x84, 0x14, 0x00, 0x1F, // off=0x222A start=13 len=8 (1 cp: U+2092)
    0x0D, 0x08, 0x07, 0x14, 0x14, 0x0A, 0x07, 0x07, 0x0A, 0x14, 0x14, // off=0x2232 start=13 len=8 (1 cp: U+2093)
    0x0D, 0x08, 0x07, 0x1F, 0x14, 0x04, 0x04, 0x25, 0x14, 0x14, 0x1F, // off=0x223D start=13 len=8 (1 cp: U+2094)
    0x0A, 0x0B, 0x81, 0x16, 0x00, 0x09, 0x85, 0x14, // off=0x2248 start=10 len=11 (1 cp: U+2095)
    0x0A, 0x0B, 0x81, 0x16, 0x07, 0x14, 0x0B, 0xA3, 0x6E, 0x3E, 0xA3, 0x0B, 0x14, // off=0x2250 start=10 len=11 (1 cp: U+2096)
    0x0A, 0x0B, 0x00, 0x1B, 0x87, 0x01, 0x00, 0x27, // off=0x225D start=10 len=11 (1 cp: U+2097)
    0x0D, 0x08, 0x00, 0x7A, 0x85, 0x0C, // off=0x2265 start=13 len=8 (1 cp: U+2098)
    0x0D, 0x0B, 0x00, 0x09, 0x84, 0x14, 0x00, 0x09, 0x81, 0x16, // off=0x226B start=13 len=11 (1 cp: U+209A)
    0x04, 0x0F, 0x01, 0xB7, 0x44, 0x82, 0x21, 0x03, 0x44, 0xFF, 0xC8, 0x07, 0x13, 0xAD, 0x82, 0x13, 0x00, 0x79, // off=0x2275 start=4 len=15 (1 cp: U+20A7)
    0x04, 0x0F, 0x03, 0x6C, 0x9C, 0x5E, 0x5E, 0x85, 0x51, 0x03, 0x88, 0x88, 0x41, 0xFF, 0xF8, 0x04, // off=0x2287 start=4 len=15 (1 cp: U+20AA)
    0x05, 0x0E, 0x0D, 0x1F, 0x14, 0x12, 0x06, 0x06, 0x2B, 0x06, 0x06, 0x2B, 0x06, 0x06, 0x12, 0x14, 0x1F, // off=0x2297 start=5 len=14 (1 cp: U+20AC)
    0x04, 0x0F, 0x0A, 0x11, 0x01, 0x01, 0x01, 0xFF, 0x58, 0x00, 0x07, 0x1B, 0xE5, 0x07, 0x1B, 0xE4, 0x82, 0x01, // off=0x22A8 start=4 len=15 (1 cp: U+20AE)
    0x04, 0x0F, 0x03, 0x09, 0xA8, 0x30, 0x30, 0x85, 0x38, 0x03, 0x30, 0x30, 0xA8, 0x09, // off=0x22BA start=4 len=15 (1 cp: U+2102)
    0x04, 0x0F, 0x81, 0x02, 0x08, 0x4D, 0x30, 0xFF, 0x84, 0x06, 0xF2, 0xED, 0xE9, 0xFF, 0x2C, 0x04, 0x48, 0x4B, 0x81, 0x02, // off=0x22C8 start=4 len=15 (1 cp: U+2115)
    0x04, 0x0F, 0x01, 0x90, 0xFF, 0x26, 0x08, 0x80, 0xFF, 0x29, 0x0C, 0x0A, 0xFF, 0x26, 0x0A, 0xFF, 0x20, 0x0A, 0xFA, 0xFA, 0xFF, 0xA0, 0x08, 0xFF, 0xAF, 0x08, 0xF9, 0xF9, 0xFF, 0x2F, 0x08, 0x90, 0x90, // off=0x22DC start=4 len=15 (1 cp: U+2116)
    0x04, 0x11, 0x01, 0x09, 0xA8, 0x88, 0x30, 0x04, 0xF2, 0xFF, 0x28, 0x03, 0x09, 0x04, 0x08, // off=0x22FD start=4 len=17 (1 cp: U+211A)
    0x04, 0x0F, 0x01, 0x19, 0xC7, 0x82, 0x30, 0x08, 0xC7, 0xB0, 0x8E, 0xFF, 0xA0, 0x05, 0xFF, 0x50, 0x05, 0xFF, 0x28, 0x05, 0xF1, 0x4E, 0xC8, // off=0x230C start=4 len=15 (1 cp: U+211D)
    0x04, 0x06, 0x02, 0xFF, 0xA2, 0x0F, 0xFF, 0x36, 0x02, 0xFF, 0x2A, 0x02, 0x81, 0xC3, // off=0x2323 start=4 len=6 (1 cp: U+2122)
    0x04, 0x0F, 0x0E, 0x11, 0x08, 0x08, 0x60, 0x72, 0xA2, 0x73, 0x17, 0x6E, 0x8D, 0x38, 0x31, 0x06, 0x06, 0x11, // off=0x2331 start=4 len=15 (1 cp: U+2124)
    0x04, 0x0F, 0x0E, 0x43, 0x43, 0x14, 0x14, 0x52, 0x83, 0xDC, 0x24, 0xE8, 0x44, 0x44, 0x21, 0x21, 0x03, 0x14, // off=0x2343 start=4 len=15 (1 cp: U+2135)
    0x07, 0x09, 0x08, 0x0E, 0x16, 0x05, 0x06, 0x2E, 0x06, 0x05, 0x16, 0x0E, // off=0x2355 start=7 len=9 (1 cp: U+2190)
    0x04, 0x0F, 0x04, 0x01, 0x27, 0x45, 0x24, 0x0C, 0x88, 0x01, // off=0x2361 start=4 len=15 (1 cp: U+2191)
    0x07, 0x09, 0x08, 0x0F, 0x10, 0x04, 0x08, 0x2E, 0x08, 0x04, 0x10, 0x0F, // off=0x236B start=7 len=9 (1 cp: U+2192)
    0x04, 0x0F, 0x88, 0x01, 0x04, 0x0C, 0x24, 0x45, 0x27, 0x01, // off=0x2377 start=4 len=15 (1 cp: U+2193)
    0x07, 0x09, 0x08, 0x0A, 0x14, 0x12, 0x1C, 0x0D, 0x1C, 0x12, 0x14, 0x0A, // off=0x2381 start=7 len=9 (1 cp: U+2194)
    0x04, 0x0F, 0x04, 0x01, 0x27, 0x45, 0x24, 0x0C, 0x83, 0x01, 0x04, 0x0C, 0x24, 0x45, 0x27, 0x01, // off=0x238D start=4 len=15 (1 cp: U+2195)
    0x07, 0x09, 0x08, 0x83, 0x75, 0x28, 0x1C, 0x2E, 0x1C, 0x28, 0x75, 0x83, // off=0x239D start=7 len=9 (1 cp: U+21A4)
    0x07, 0x09, 0x08, 0x90, 0xCB, 0xCA, 0xB9, 0x2E, 0xB9, 0xCA, 0xCB, 0x90, // off=0x23A9 start=7 len=9 (1 cp: U+21A6)
    0x04, 0x0F, 0x04, 0x01, 0x27, 0x45, 0x24, 0x0C, 0x82, 0x01, 0x05, 0x0C, 0x24, 0x45, 0x27, 0x01, 0x11, // off=0x23B5 start=4 len=15 (1 cp: U+21A8)
    0x04, 0x0F, 0x84, 0x1D, 0x08, 0x83, 0x75, 0x28, 0x1C, 0x2E, 0x06, 0x05, 0x16, 0x0E, // off=0x23C6 start=4 len=15 (1 cp: U+21B2)
    0x04, 0x0F, 0x84, 0x26, 0x08, 0x90, 0xCB, 0xCA, 0xB9, 0x2E, 0x08, 0x04, 0x10, 0x0F, // off=0x23D4 start=4 len=15 (1 cp: U+21B3)
    0x06, 0x0D, 0x82, 0x1D, 0x08, 0x83, 0x75, 0x28, 0x1C, 0x2E, 0x06, 0x05, 0x16, 0x0E, // off=0x23E2 start=6 len=13 (1 cp: U+21B5)
    0x06, 0x0B, 0x04, 0xC9, 0x33, 0xFF, 0x88, 0x02, 0x41, 0x41, 0x82, 0x02, 0x01, 0x03, 0x09, // off=0x23F0 start=6 len=11 (1 cp: U+21BB)
    0x07, 0x0A, 0x09, 0x16, 0x05, 0x06, 0x2E, 0x00, 0x00, 0x2E, 0x08, 0x04, 0x10, // off=0x23FF start=7 len=10 (1 cp: U+21CB)
    0x07, 0x0A, 0x09, 0x10, 0x04, 0x08, 0x2E, 0x00, 0x00, 0x2E, 0x06, 0x05, 0x16, // off=0x240C start=7 len=10 (1 cp: U+21CC)
    0x07, 0x0A, 0x09, 0x0E, 0x16, 0x05, 0x5B, 0x68, 0x68, 0x5B, 0x05, 0x16, 0x0E, // off=0x2419 start=7 len=10 (1 cp: U+21D0)
    0x04, 0x0F, 0x04, 0x07, 0x1F, 0x58, 0xA6, 0x51, 0x88, 0x0A, // off=0x2426 start=4 len=15 (1 cp: U+21D1)
    0x07, 0x0A, 0x09, 0x0F, 0x10, 0x04, 0x37, 0x64, 0x64, 0x37, 0x04, 0x10, 0x0F, // off=0x2430 start=7 len=10 (1 cp: U+21D2)
    0x04, 0x0F, 0x88, 0x0A, 0x04, 0x51, 0xA6, 0x58, 0x1F, 0x07, // off=0x243D start=4 len=15 (1 cp: U+21D3)
    0x07, 0x0A, 0x03, 0x0A, 0x14, 0x12, 0x5B, 0x80, 0xFF, 0x03, 0x0C, 0x03, 0x5B, 0x12, 0x14, 0x0A, // off=0x2447 start=7 len=10 (1 cp: U+21D4)
    0x04, 0x0F, 0x04, 0x07, 0x1F, 0x58, 0xA6, 0x51, 0x83, 0x0A, 0x04, 0x51, 0xA6, 0x58, 0x1F, 0x07, // off=0x2457 start=4 len=15 (1 cp: U+21D5)
    0x04, 0x0F, 0x81, 0x02, 0x02, 0x03, 0x18, 0x03, 0x81, 0x0B, 0x81, 0x17, 0x81, 0x01, // off=0x2467 start=4 len=15 (1 cp: U+2200)
    0x04, 0x0F, 0x00, 0x11, 0x84, 0x08, 0x00, 0x11, 0x84, 0x08, 0x00, 0x11, // off=0x2475 start=4 len=15 (1 cp: U+2203)
    0x02, 0x13, 0x12, 0x08, 0x08, 0x11, 0x60, 0x72, 0x72, 0x96, 0x96, 0x29, 0x11, 0x29, 0x52, 0x52, 0x3D, 0x3D, 0x12, 0x11, 0x06, 0x06, // off=0x2481 start=2 len=19 (1 cp: U+2204)
    0x06, 0x0B, 0x0A, 0x1D, 0x53, 0x03, 0x48, 0x40, 0x0C, 0x41, 0x30, 0x03, 0xB0, 0x26, // off=0x2497 start=6 len=11 (2 cps: U+2205, U+2300)
    0x04, 0x0F, 0x02, 0x11, 0x02, 0x02, 0x81, 0x03, 0x81, 0x0B, 0x81, 0x17, 0x81, 0x01, // off=0x24A5 start=4 len=15 (1 cp: U+2207)
    0x04, 0x0F, 0x02, 0x5D, 0x16, 0x05, 0x82, 0x06, 0x00, 0x11, 0x82, 0x06, 0x02, 0x05, 0x16, 0x5D, // off=0x24B3 start=4 len=15 (1 cp: U+2208)
    0x02, 0x13, 0x12, 0x1D, 0x1D, 0x5D, 0x3D, 0x03, 0x13, 0x21, 0x21, 0x44, 0x11, 0x23, 0x3F, 0x3F, 0x38, 0x55, 0x55, 0xFF, 0xFC, 0x02, 0x06, 0x06, // off=0x24C3 start=2 len=19 (1 cp: U+2209)
    0x06, 0x0B, 0x0A, 0x5D, 0x16, 0x05, 0x06, 0x06, 0x11, 0x06, 0x06, 0x05, 0x16, 0x5D, // off=0x24DB start=6 len=11 (1 cp: U+220A)
    0x04, 0x0F, 0x02, 0x66, 0x10, 0x04, 0x82, 0x08, 0x00, 0x11, 0x82, 0x08, 0x02, 0x04, 0x10, 0x66, // off=0x24E9 start=4 len=15 (1 cp: U+220B)
    0x02, 0x13, 0x12, 0x06, 0x06, 0x2A, 0x03, 0x3D, 0x75, 0x83, 0x83, 0x5C, 0x78, 0x65, 0xC0, 0xC0, 0xD4, 0x60, 0x60, 0xFF, 0xF4, 0x03, 0x1D, 0x1D, // off=0x24F9 start=2 len=19 (1 cp: U+220C)
    0x06, 0x0B, 0x0A, 0x66, 0x10, 0x04, 0x08, 0x08, 0x11, 0x08, 0x08, 0x04, 0x10, 0x66, // off=0x2511 start=6 len=11 (1 cp: U+220D)
    0x07, 0x0C, 0x02, 0x11, 0x00, 0x00, 0x82, 0x01, 0x00, 0x11, 0x82, 0x01, // off=0x251F start=7 len=12 (1 cp: U+2213)
    0x05, 0x0E, 0x81, 0x01, 0x80, 0x00, 0x82, 0x01, 0x00, 0x11, 0x82, 0x01, // off=0x252B start=5 len=14 (1 cp: U+2214)
    0x07, 0x09, 0x08, 0x08, 0x04, 0x10, 0x0F, 0x01, 0x0E, 0x16, 0x05, 0x06, // off=0x2537 start=7 len=9 (1 cp: U+2215)
    0x07, 0x09, 0x08, 0x06, 0x05, 0x16, 0x0E, 0x01, 0x0F, 0x10, 0x04, 0x08, // off=0x2543 start=7 len=9 (1 cp: U+2216)
    0x0A, 0x04, 0x03, 0x07, 0x1F, 0x1F, 0x07, // off=0x254F start=10 len=4 (1 cp: U+2219)
    0x02, 0x11, 0x00, 0x81, 0x85, 0x04, 0x81, 0x13, 0x05, 0x03, 0x14, 0x2D, 0x82, 0xA2, 0x3C, // off=0x2556 start=2 len=17 (1 cp: U+221A)
    0x08, 0x07, 0x00, 0xAA, 0x83, 0x0C, 0x00, 0xAA, // off=0x2565 start=8 len=7 (1 cp: U+221E)
    0x07, 0x09, 0x86, 0x06, 0x00, 0x11, // off=0x256D start=7 len=9 (1 cp: U+221F)
    0x08, 0x0B, 0x80, 0x01, 0x80, 0x17, 0x80, 0x0B, 0x81, 0x03, 0x80, 0x02, // off=0x2573 start=8 len=11 (1 cp: U+2227)
    0x08, 0x0B, 0x80, 0x02, 0x81, 0x03, 0x80, 0x0B, 0x80, 0x17, 0x80, 0x01, // off=0x257F start=8 len=11 (1 cp: U+2228)
    0x07, 0x0C, 0x01, 0x09, 0x03, 0x88, 0x02, // off=0x258B start=7 len=12 (1 cp: U+2229)
    0x07, 0x0C, 0x88, 0x02, 0x01, 0x03, 0x09, // off=0x2592 start=7 len=12 (1 cp: U+222A)
    0x08, 0x07, 0x06, 0xC5, 0x0C, 0xAB, 0x00, 0xC5, 0x0C, 0xAB, // off=0x2599 start=8 len=7 (1 cp: U+2248)
    0x07, 0x09, 0x08, 0x08, 0x11, 0x10, 0x0F, 0x01, 0x0E, 0x16, 0x11, 0x06, // off=0x25A3 start=7 len=9 (1 cp: U+2260)
    0x06, 0x0B, 0x00, 0x11, 0x82, 0x00, 0x00, 0x11, 0x82, 0x00, 0x00, 0x11, // off=0x25AF start=6 len=11 (1 cp: U+2261)
    0x04, 0x0F, 0x0E, 0x04, 0x10, 0x0F, 0x01, 0x0E, 0x16, 0x05, 0x16, 0x0E, 0x01, 0x0F, 0x10, 0x04, 0x00, 0x11, // off=0x25BB start=4 len=15 (1 cp: U+2264)
    0x04, 0x0F, 0x0E, 0x05, 0x16, 0x0E, 0x01, 0x0F, 0x10, 0x04, 0x10, 0x0F, 0x01, 0x0E, 0x16, 0x05, 0x00, 0x11, // off=0x25CD start=4 len=15 (1 cp: U+2265)
    0x05, 0x0D, 0x0C, 0x65, 0x29, 0x2D, 0x0B, 0x35, 0x23, 0xCD, 0x23, 0x35, 0x0B, 0x2D, 0x29, 0x65, // off=0x25DF start=5 len=13 (1 cp: U+226A)
    0x05, 0x0D, 0x0C, 0xCD, 0x23, 0x35, 0x0B, 0x2D, 0x29, 0x65, 0x29, 0x2D, 0x0B, 0x35, 0x23, 0xCD, // off=0x25EF start=5 len=13 (1 cp: U+226B)
    0x06, 0x0B, 0x02, 0x9B, 0x16, 0x05, 0x83, 0x06, 0x02, 0x05, 0x16, 0x9B, // off=0x25FF start=6 len=11 (1 cp: U+2282)
    0x06, 0x0B, 0x02, 0x19, 0x04, 0x08, 0x83, 0x1D, 0x02, 0x08, 0x04, 0x19, // off=0x260B start=6 len=11 (1 cp: U+2283)
    0x05, 0x0E, 0x02, 0x9B, 0x16, 0x05, 0x83, 0x06, 0x05, 0x05, 0x16, 0x9B, 0x00, 0x00, 0x5B, // off=0x2617 start=5 len=14 (1 cp: U+2286)
    0x05, 0x0E, 0x02, 0x19, 0x04, 0x08, 0x83, 0x1D, 0x05, 0x08, 0x04, 0x19, 0x00, 0x00, 0x5B, // off=0x2626 start=5 len=14 (1 cp: U+2287)
    0x07, 0x0C, 0x89, 0x01, 0x00, 0x11, // off=0x2635 start=7 len=12 (1 cp: U+22A5)
    0x04, 0x0F, 0x01, 0x09, 0x03, 0x8B, 0x02, // off=0x263B start=4 len=15 (1 cp: U+22C2)
    0x07, 0x0C, 0x03, 0x07, 0x0A, 0x14, 0x12, 0x85, 0x1C, 0x00, 0x5B, // off=0x2642 start=7 len=12 (1 cp: U+2302)
    0x04, 0x0F, 0x00, 0x1F, 0x8C, 0x0E, // off=0x264D start=4 len=15 (1 cp: U+2308)
    0x04, 0x0F, 0x00, 0x1F, 0x8C, 0x10, // off=0x2653 start=4 len=15 (1 cp: U+2309)
    0x04, 0x0F, 0x8C, 0x0E, 0x00, 0x1F, // off=0x2659 start=4 len=15 (1 cp: U+230A)
    0x04, 0x0F, 0x8C, 0x10, 0x00, 0x1F, // off=0x265F start=4 len=15 (1 cp: U+230B)
    0x09, 0x06, 0x00, 0x11, 0x83, 0x06, // off=0x2665 start=9 len=6 (1 cp: U+2310)
    0x09, 0x06, 0x83, 0x06, 0x00, 0x11, // off=0x266B start=9 len=6 (1 cp: U+2319)
    0x04, 0x14, 0x02, 0x56, 0x29, 0x29, 0x8F, 0x01, // off=0x2671 start=4 len=20 (1 cp: U+2320)
    0x00, 0x13, 0x8E, 0x01, 0x02, 0x23, 0x23, 0x59, // off=0x2679 start=0 len=19 (1 cp: U+2321)
    0x00, 0x18, 0x06, 0x08, 0x04, 0x10, 0x0F, 0x0F, 0x01, 0x01, 0x81, 0x0E, 0x82, 0x16, 0x88, 0x05, // off=0x2681 start=0 len=24 (1 cp: U+239B)
    0x00, 0x18, 0x96, 0x05, // off=0x2691 start=0 len=24 (2 cps: U+239C, U+23A2)
    0x00, 0x18, 0x88, 0x05, 0x82, 0x16, 0x81, 0x0E, 0x06, 0x01, 0x01, 0x0F, 0x0F, 0x10, 0x04, 0x08, // off=0x2695 start=0 len=24 (1 cp: U+239D)
    0x00, 0x18, 0x06, 0x05, 0x16, 0x0E, 0x01, 0x01, 0x0F, 0x0F, 0x81, 0x10, 0x82, 0x04, 0x88, 0x08, // off=0x26A5 start=0 len=24 (1 cp: U+239E)
    0x00, 0x18, 0x96, 0x08, // off=0x26B5 start=0 len=24 (2 cps: U+239F, U+23A5)
    0x00, 0x18, 0x88, 0x08, 0x82, 0x04, 0x81, 0x10, 0x06, 0x0F, 0x0F, 0x01, 0x01, 0x0E, 0x16, 0x05, // off=0x26B9 start=0 len=24 (1 cp: U+23A0)
    0x00, 0x18, 0x00, 0x5A, 0x95, 0x05, // off=0x26C9 start=0 len=24 (1 cp: U+23A1)
    0x00, 0x18, 0x95, 0x05, 0x00, 0x5A, // off=0x26CF start=0 len=24 (1 cp: U+23A3)
    0x00, 0x18, 0x00, 0x5A, 0x95, 0x08, // off=0x26D5 start=0 len=24 (1 cp: U+23A4)
    0x00, 0x18, 0x95, 0x08, 0x00, 0x5A, // off=0x26DB start=0 len=24 (1 cp: U+23A6)
    0x00, 0x18, 0x02, 0xD5, 0x07, 0x01, 0x93, 0x0E, // off=0x26E1 start=0 len=24 (1 cp: U+23A7)
    0x00, 0x18, 0x88, 0x0E, 0x03, 0x16, 0x3A, 0x3A, 0x16, 0x88, 0x0E, // off=0x26E9 start=0 len=24 (1 cp: U+23A8)
    0x00, 0x18, 0x93, 0x0E, 0x02, 0x01, 0x07, 0xD5, // off=0x26F4 start=0 len=24 (1 cp: U+23A9)
    0x00, 0x18, 0x02, 0x3B, 0x1B, 0x01, 0x93, 0x0F, // off=0x26FC start=0 len=24 (1 cp: U+23AB)
    0x00, 0x18, 0x88, 0x0F, 0x03, 0x10, 0x81, 0x81, 0x10, 0x88, 0x0F, // off=0x2704 start=0 len=24 (1 cp: U+23AC)
    0x00, 0x18, 0x93, 0x0F, 0x02, 0x01, 0x1B, 0x3B, // off=0x270F start=0 len=24 (1 cp: U+23AD)
    0x00, 0x18, 0x96, 0x01, // off=0x2717 start=0 len=24 (3 cps: U+23AE, U+23D0, U+2502)
    0x0B, 0x01, 0x00, 0x0D, // off=0x271B start=11 len=1 (2 cps: U+23AF, U+2500)
    0x00, 0x01, 0x00, 0x0D, // off=0x271F start=0 len=1 (1 cp: U+23BA)
    0x06, 0x01, 0x00, 0x0D, // off=0x2723 start=6 len=1 (1 cp: U+23BB)
    0x11, 0x01, 0x00, 0x0D, // off=0x2727 start=17 len=1 (1 cp: U+23BC)
    0x17, 0x01, 0x00, 0x0D, // off=0x272B start=23 len=1 (1 cp: U+23BD)
    0x03, 0x10, 0x81, 0x23, 0x06, 0xB7, 0x23, 0x23, 0x23, 0x00, 0x00, 0x61, 0x84, 0x10, // off=0x272F start=3 len=16 (1 cp: U+2409)
    0x03, 0x10, 0x84, 0x06, 0x06, 0xB7, 0x00, 0x00, 0x61, 0x01, 0x01, 0x5F, 0x81, 0x01, // off=0x273D start=3 len=16 (1 cp: U+240A)
    0x03, 0x10, 0x81, 0x23, 0x06, 0x8D, 0x8D, 0x16, 0x16, 0x00, 0x00, 0x61, 0x84, 0x10, // off=0x274B start=3 len=16 (1 cp: U+240B)
    0x03, 0x10, 0x0C, 0xB7, 0x06, 0x06, 0xB4, 0x06, 0x06, 0x06, 0x00, 0x00, 0x61, 0x01, 0x01, 0x5F, 0x81, 0x01, // off=0x2759 start=3 len=16 (1 cp: U+240C)
    0x03, 0x10, 0x0F, 0x59, 0x23, 0x06, 0x06, 0x06, 0x23, 0x59, 0x00, 0x00, 0xD8, 0x29, 0x29, 0xD8, 0x73, 0x82, 0x29, // off=0x276B start=3 len=16 (1 cp: U+240D)
    0x03, 0x10, 0x08, 0x23, 0x23, 0xFF, 0x40, 0x06, 0x8E, 0xFF, 0xC0, 0x04, 0x23, 0x23, 0x00, 0x00, 0x84, 0x01, 0x00, 0x61, // off=0x277E start=3 len=16 (1 cp: U+2424)
    0x0B, 0x02, 0x80, 0x0D, // off=0x2792 start=11 len=2 (1 cp: U+2501)
    0x00, 0x18, 0x96, 0x07, // off=0x2796 start=0 len=24 (1 cp: U+2503)
    0x0B, 0x01, 0x00, 0x94, // off=0x279A start=11 len=1 (1 cp: U+2508)
    0x0B, 0x02, 0x80, 0x94, // off=0x279E start=11 len=2 (1 cp: U+2509)
    0x00, 0x17, 0x83, 0x01, 0x00, 0x00, 0x83, 0x01, 0x00, 0x00, 0x83, 0x01, 0x00, 0x00, 0x83, 0x01, // off=0x27A2 start=0 len=23 (1 cp: U+250A)
    0x00, 0x17, 0x83, 0x07, 0x00, 0x00, 0x83, 0x07, 0x00, 0x00, 0x83, 0x07, 0x00, 0x00, 0x83, 0x07, // off=0x27B2 start=0 len=23 (1 cp: U+250B)
    0x0B, 0x0D, 0x00, 0x2C, 0x8A, 0x01, // off=0x27C2 start=11 len=13 (1 cp: U+250C)
    0x0B, 0x0D, 0x80, 0x2C, 0x89, 0x01, // off=0x27C8 start=11 len=13 (1 cp: U+250D)
    0x0B, 0x0D, 0x00, 0x2C, 0x8A, 0x07, // off=0x27CE start=11 len=13 (1 cp: U+250E)
    0x0B, 0x0D, 0x80, 0x2C, 0x89, 0x07, // off=0x27D4 start=11 len=13 (1 cp: U+250F)
    0x0B, 0x0D, 0x00, 0x15, 0x8A, 0x01, // off=0x27DA start=11 len=13 (1 cp: U+2510)
    0x0B, 0x0D, 0x80, 0x15, 0x89, 0x01, // off=0x27E0 start=11 len=13 (1 cp: U+2511)
    0x0B, 0x0D, 0x00, 0x2B, 0x8A, 0x07, // off=0x27E6 start=11 len=13 (1 cp: U+2512)
    0x0B, 0x0D, 0x80, 0x2B, 0x89, 0x07, // off=0x27EC start=11 len=13 (1 cp: U+2513)
    0x00, 0x0C, 0x89, 0x01, 0x00, 0x2C, // off=0x27F2 start=0 len=12 (1 cp: U+2514)
    0x00, 0x0D, 0x89, 0x01, 0x80, 0x2C, // off=0x27F8 start=0 len=13 (1 cp: U+2515)
    0x00, 0x0C, 0x89, 0x07, 0x00, 0x2C, // off=0x27FE start=0 len=12 (1 cp: U+2516)
    0x00, 0x0D, 0x89, 0x07, 0x80, 0x2C, // off=0x2804 start=0 len=13 (1 cp: U+2517)
    0x00, 0x0C, 0x89, 0x01, 0x00, 0x15, // off=0x280A start=0 len=12 (1 cp: U+2518)
    0x00, 0x0D, 0x89, 0x01, 0x80, 0x15, // off=0x2810 start=0 len=13 (1 cp: U+2519)
    0x00, 0x0C, 0x89, 0x07, 0x00, 0x2B, // off=0x2816 start=0 len=12 (1 cp: U+251A)
    0x00, 0x0D, 0x89, 0x07, 0x80, 0x2B, // off=0x281C start=0 len=13 (1 cp: U+251B)
    0x00, 0x18, 0x89, 0x01, 0x00, 0x2C, 0x8A, 0x01, // off=0x2822 start=0 len=24 (1 cp: U+251C)
    0x00, 0x18, 0x89, 0x01, 0x80, 0x2C, 0x89, 0x01, // off=0x282A start=0 len=24 (1 cp: U+251D)
    0x00, 0x18, 0x89, 0x07, 0x00, 0x2C, 0x8A, 0x01, // off=0x2832 start=0 len=24 (1 cp: U+251E)
    0x00, 0x18, 0x89, 0x01, 0x00, 0x2C, 0x8A, 0x07, // off=0x283A start=0 len=24 (1 cp: U+251F)
    0x00, 0x18, 0x89, 0x07, 0x00, 0x2C, 0x8A, 0x07, // off=0x2842 start=0 len=24 (1 cp: U+2520)
    0x00, 0x18, 0x89, 0x07, 0x80, 0x2C, 0x89, 0x01, // off=0x284A start=0 len=24 (1 cp: U+2521)
    0x00, 0x18, 0x89, 0x01, 0x80, 0x2C, 0x89, 0x07, // off=0x2852 start=0 len=24 (1 cp: U+2522)
    0x00, 0x18, 0x89, 0x07, 0x80, 0x2C, 0x89, 0x07, // off=0x285A start=0 len=24 (1 cp: U+2523)
    0x00, 0x18, 0x89, 0x01, 0x00, 0x15, 0x8A, 0x01, // off=0x2862 start=0 len=24 (1 cp: U+2524)
    0x00, 0x18, 0x89, 0x01, 0x80, 0x15, 0x89, 0x01, // off=0x286A start=0 len=24 (1 cp: U+2525)
    0x00, 0x18, 0x89, 0x07, 0x00, 0x2B, 0x8A, 0x01, // off=0x2872 start=0 len=24 (1 cp: U+2526)
    0x00, 0x18, 0x89, 0x01, 0x00, 0x2B, 0x8A, 0x07, // off=0x287A start=0 len=24 (1 cp: U+2527)
    0x00, 0x18, 0x89, 0x07, 0x00, 0x2B, 0x8A, 0x07, // off=0x2882 start=0 len=24 (1 cp: U+2528)
    0x00, 0x18, 0x89, 0x07, 0x80, 0x2B, 0x89, 0x01, // off=0x288A start=0 len=24 (1 cp: U+2529)
    0x00, 0x18, 0x89, 0x01, 0x80, 0x2B, 0x89, 0x07, // off=0x2892 start=0 len=24 (1 cp: U+252A)
    0x00, 0x18, 0x89, 0x07, 0x80, 0x2B, 0x89, 0x07, // off=0x289A start=0 len=24 (1 cp: U+252B)
    0x0B, 0x0D, 0x00, 0x0D, 0x8A, 0x01, // off=0x28A2 start=11 len=13 (1 cp: U+252C)
    0x0B, 0x0D, 0x01, 0x0D, 0x15, 0x89, 0x01, // off=0x28A8 start=11 len=13 (1 cp: U+252D)
    0x0B, 0x0D, 0x01, 0x0D, 0x2C, 0x89, 0x01, // off=0x28AF start=11 len=13 (1 cp: U+252E)
    0x0B, 0x0D, 0x80, 0x0D, 0x89, 0x01, // off=0x28B6 start=11 len=13 (1 cp: U+252F)
    0x0B, 0x0D, 0x00, 0x0D, 0x8A, 0x07, // off=0x28BC start=11 len=13 (1 cp: U+2530)
    0x0B, 0x0D, 0x01, 0x0D, 0x2B, 0x89, 0x07, // off=0x28C2 start=11 len=13 (1 cp: U+2531)
    0x0B, 0x0D, 0x01, 0x0D, 0x2C, 0x89, 0x07, // off=0x28C9 start=11 len=13 (1 cp: U+2532)
    0x0B, 0x0D, 0x80, 0x0D, 0x89, 0x07, // off=0x28D0 start=11 len=13 (1 cp: U+2533)
    0x00, 0x0C, 0x89, 0x01, 0x00, 0x0D, // off=0x28D6 start=0 len=12 (1 cp: U+2534)
    0x00, 0x0D, 0x89, 0x01, 0x01, 0x0D, 0x15, // off=0x28DC start=0 len=13 (1 cp: U+2535)
    0x00, 0x0D, 0x89, 0x01, 0x01, 0x0D, 0x2C, // off=0x28E3 start=0 len=13 (1 cp: U+2536)
    0x00, 0x0D, 0x89, 0x01, 0x80, 0x0D, // off=0x28EA start=0 len=13 (1 cp: U+2537)
    0x00, 0x0C, 0x89, 0x07, 0x00, 0x0D, // off=0x28F0 start=0 len=12 (1 cp: U+2538)
    0x00, 0x0D, 0x89, 0x07, 0x01, 0x0D, 0x2B, // off=0x28F6 start=0 len=13 (1 cp: U+2539)
    0x00, 0x0D, 0x89, 0x07, 0x01, 0x0D, 0x2C, // off=0x28FD start=0 len=13 (1 cp: U+253A)
    0x00, 0x0D, 0x89, 0x07, 0x80, 0x0D, // off=0x2904 start=0 len=13 (1 cp: U+253B)
    0x00, 0x18, 0x89, 0x01, 0x00, 0x0D, 0x8A, 0x01, // off=0x290A start=0 len=24 (1 cp: U+253C)
    0x00, 0x18, 0x89, 0x01, 0x01, 0x0D, 0x15, 0x89, 0x01, // off=0x2912 start=0 len=24 (1 cp: U+253D)
    0x00, 0x18, 0x89, 0x01, 0x01, 0x0D, 0x2C, 0x89, 0x01, // off=0x291B start=0 len=24 (1 cp: U+253E)
    0x00, 0x18, 0x89, 0x01, 0x80, 0x0D, 0x89, 0x01, // off=0x2924 start=0 len=24 (1 cp: U+253F)
    0x00, 0x18, 0x89, 0x07, 0x00, 0x0D, 0x8A, 0x01, // off=0x292C start=0 len=24 (1 cp: U+2540)
    0x00, 0x18, 0x89, 0x01, 0x00, 0x0D, 0x8A, 0x07, // off=0x2934 start=0 len=24 (1 cp: U+2541)
    0x00, 0x18, 0x89, 0x07, 0x00, 0x0D, 0x8A, 0x07, // off=0x293C start=0 len=24 (1 cp: U+2542)
    0x00, 0x18, 0x89, 0x07, 0x01, 0x0D, 0x15, 0x89, 0x01, // off=0x2944 start=0 len=24 (1 cp: U+2543)
    0x00, 0x18, 0x89, 0x07, 0x01, 0x0D, 0x2C, 0x89, 0x01, // off=0x294D start=0 len=24 (1 cp: U+2544)
    0x00, 0x18, 0x89, 0x01, 0x01, 0x0D, 0x2B, 0x89, 0x07, // off=0x2956 start=0 len=24 (1 cp: U+2545)
    0x00, 0x18, 0x89, 0x01, 0x01, 0x0D, 0x2C, 0x89, 0x07, // off=0x295F start=0 len=24 (1 cp: U+2546)
    0x00, 0x18, 0x89, 0x07, 0x80, 0x0D, 0x89, 0x01, // off=0x2968 start=0 len=24 (1 cp: U+2547)
    0x00, 0x18, 0x89, 0x01, 0x80, 0x0D, 0x89, 0x07, // off=0x2970 start=0 len=24 (1 cp: U+2548)
    0x00, 0x18, 0x89, 0x07, 0x01, 0x0D, 0x2B, 0x89, 0x07, // off=0x2978 start=0 len=24 (1 cp: U+2549)
    0x00, 0x18, 0x89, 0x07, 0x01, 0x0D, 0x2C, 0x89, 0x07, // off=0x2981 start=0 len=24 (1 cp: U+254A)
    0x00, 0x18, 0x89, 0x07, 0x80, 0x0D, 0x89, 0x07, // off=0x298A start=0 len=24 (1 cp: U+254B)
    0x0A, 0x04, 0x03, 0x0D, 0x00, 0x00, 0x0D, // off=0x2992 start=10 len=4 (1 cp: U+2550)
    0x00, 0x18, 0x96, 0x0A, // off=0x2999 start=0 len=24 (1 cp: U+2551)
    0x0A, 0x0E, 0x03, 0x2C, 0x01, 0x01, 0x2C, 0x88, 0x01, // off=0x299D start=10 len=14 (1 cp: U+2552)
    0x0B, 0x0D, 0x00, 0x74, 0x8A, 0x0A, // off=0x29A6 start=11 len=13 (1 cp: U+2553)
    0x0A, 0x0E, 0x03, 0x74, 0x0E, 0x0E, 0x99, 0x88, 0x0A, // off=0x29AC start=10 len=14 (1 cp: U+2554)
    0x0A, 0x0E, 0x03, 0x15, 0x01, 0x01, 0x15, 0x88, 0x01, // off=0x29B5 start=10 len=14 (1 cp: U+2555)
    0x0B, 0x0D, 0x00, 0x80, 0x8A, 0x0A, // off=0x29BE start=11 len=13 (1 cp: U+2556)
    0x0A, 0x0E, 0x03, 0x80, 0x10, 0x10, 0x9E, 0x88, 0x0A, // off=0x29C4 start=10 len=14 (1 cp: U+2557)
    0x00, 0x0E, 0x88, 0x01, 0x03, 0x2C, 0x01, 0x01, 0x2C, // off=0x29CD start=0 len=14 (1 cp: U+2558)
    0x00, 0x0C, 0x89, 0x0A, 0x00, 0x74, // off=0x29D6 start=0 len=12 (1 cp: U+2559)
    0x00, 0x0E, 0x88, 0x0A, 0x03, 0x99, 0x0E, 0x0E, 0x74, // off=0x29DC start=0 len=14 (1 cp: U+255A)
    0x00, 0x0E, 0x88, 0x01, 0x03, 0x15, 0x01, 0x01, 0x15, // off=0x29E5 start=0 len=14 (1 cp: U+255B)
    0x00, 0x0C, 0x89, 0x0A, 0x00, 0x80, // off=0x29EE start=0 len=12 (1 cp: U+255C)
    0x00, 0x0E, 0x88, 0x0A, 0x03, 0x9E, 0x10, 0x10, 0x80, // off=0x29F4 start=0 len=14 (1 cp: U+255D)
    0x00, 0x18, 0x88, 0x01, 0x03, 0x2C, 0x01, 0x01, 0x2C, 0x88, 0x01, // off=0x29FD start=0 len=24 (1 cp: U+255E)
    0x00, 0x18, 0x89, 0x0A, 0x00, 0x99, 0x8A, 0x0A, // off=0x2A08 start=0 len=24 (1 cp: U+255F)
    0x00, 0x18, 0x88, 0x0A, 0x03, 0x99, 0x0E, 0x0E, 0x99, 0x88, 0x0A, // off=0x2A10 start=0 len=24 (1 cp: U+2560)
    0x00, 0x18, 0x88, 0x01, 0x03, 0x15, 0x01, 0x01, 0x15, 0x88, 0x01, // off=0x2A1B start=0 len=24 (1 cp: U+2561)
    0x00, 0x18, 0x89, 0x0A, 0x00, 0x9E, 0x8A, 0x0A, // off=0x2A26 start=0 len=24 (1 cp: U+2562)
    0x00, 0x18, 0x88, 0x0A, 0x03, 0x9E, 0x10, 0x10, 0x9E, 0x88, 0x0A, // off=0x2A2E start=0 len=24 (1 cp: U+2563)
    0x0A, 0x0E, 0x03, 0x0D, 0x00, 0x00, 0x0D, 0x88, 0x01, // off=0x2A39 start=10 len=14 (1 cp: U+2564)
    0x0B, 0x0D, 0x00, 0x0D, 0x8A, 0x0A, // off=0x2A42 start=11 len=13 (1 cp: U+2565)
    0x0A, 0x0E, 0x03, 0x0D, 0x00, 0x00, 0xBE, 0x88, 0x0A, // off=0x2A48 start=10 len=14 (1 cp: U+2566)
    0x00, 0x0E, 0x88, 0x01, 0x03, 0x0D, 0x00, 0x00, 0x0D, // off=0x2A51 start=0 len=14 (1 cp: U+2567)
    0x00, 0x0C, 0x89, 0x0A, 0x00, 0x0D, // off=0x2A5A start=0 len=12 (1 cp: U+2568)
    0x00, 0x0E, 0x88, 0x0A, 0x03, 0xBE, 0x00, 0x00, 0x0D, // off=0x2A60 start=0 len=14 (1 cp: U+2569)
    0x00, 0x18, 0x88, 0x01, 0x03, 0x0D, 0x01, 0x01, 0x0D, 0x88, 0x01, // off=0x2A69 start=0 len=24 (1 cp: U+256A)
    0x00, 0x18, 0x89, 0x0A, 0x00, 0x0D, 0x8A, 0x0A, // off=0x2A74 start=0 len=24 (1 cp: U+256B)
    0x00, 0x18, 0x88, 0x0A, 0x03, 0xBE, 0x00, 0x00, 0xBE, 0x88, 0x0A, // off=0x2A7C start=0 len=24 (1 cp: U+256C)
    0x0B, 0x0D, 0x03, 0xA0, 0x3C, 0x0F, 0x0F, 0x87, 0x01, // off=0x2A87 start=11 len=13 (1 cp: U+256D)
    0x0B, 0x0D, 0x03, 0x68, 0x55, 0x0E, 0x0E, 0x87, 0x01, // off=0x2A90 start=11 len=13 (1 cp: U+256E)
    0x00, 0x0C, 0x86, 0x01, 0x03, 0x0E, 0x0E, 0x55, 0x68, // off=0x2A99 start=0 len=12 (1 cp: U+256F)
    0x00, 0x0C, 0x86, 0x01, 0x03, 0x0F, 0x0F, 0x3C, 0xA0, // off=0x2AA2 start=0 len=12 (1 cp: U+2570)
    0x00, 0x18, 0x80, 0x69, 0x80, 0x1D, 0x80, 0x08, 0x80, 0x04, 0x80, 0x10, 0x80, 0x0F, 0x80, 0x01, 0x80, 0x0E, 0x80, 0x16, 0x80, 0x05, 0x80, 0x06, 0x80, 0x26, // off=0x2AAB start=0 len=24 (1 cp: U+2571)
    0x00, 0x18, 0x80, 0x26, 0x80, 0x06, 0x80, 0x05, 0x80, 0x16, 0x80, 0x0E, 0x80, 0x01, 0x80, 0x0F, 0x80, 0x10, 0x80, 0x04, 0x80, 0x08, 0x80, 0x1D, 0x80, 0x69, // off=0x2AC5 start=0 len=24 (1 cp: U+2572)
    0x00, 0x18, 0x80, 0xB8, 0x80, 0x1C, 0x80, 0x12, 0x80, 0x14, 0x80, 0x0A, 0x82, 0x07, 0x80, 0x0A, 0x80, 0x14, 0x80, 0x12, 0x80, 0x1C, 0x80, 0xB8, // off=0x2ADF start=0 len=24 (1 cp: U+2573)
    0x0B, 0x01, 0x00, 0x15, // off=0x2AF7 start=11 len=1 (1 cp: U+2574)
    0x00, 0x0C, 0x8A, 0x01, // off=0x2AFB start=0 len=12 (1 cp: U+2575)
    0x0B, 0x01, 0x00, 0x2C, // off=0x2AFF start=11 len=1 (1 cp: U+2576)
    0x0B, 0x0D, 0x8B, 0x01, // off=0x2B03 start=11 len=13 (1 cp: U+2577)
    0x0B, 0x02, 0x80, 0x15, // off=0x2B07 start=11 len=2 (1 cp: U+2578)
    0x00, 0x0C, 0x8A, 0x07, // off=0x2B0B start=0 len=12 (1 cp: U+2579)
    0x0B, 0x02, 0x80, 0x2C, // off=0x2B0F start=11 len=2 (1 cp: U+257A)
    0x0B, 0x0D, 0x8B, 0x07, // off=0x2B13 start=11 len=13 (1 cp: U+257B)
    0x0B, 0x02, 0x01, 0x0D, 0x2C, // off=0x2B17 start=11 len=2 (1 cp: U+257C)
    0x00, 0x18, 0x89, 0x01, 0x8B, 0x07, // off=0x2B1C start=0 len=24 (1 cp: U+257D)
    0x0B, 0x02, 0x01, 0x0D, 0x15, // off=0x2B22 start=11 len=2 (1 cp: U+257E)
    0x00, 0x18, 0x8A, 0x07, 0x8A, 0x01, // off=0x2B27 start=0 len=24 (1 cp: U+257F)
    0x00, 0x0C, 0x8A, 0x0D, // off=0x2B2D start=0 len=12 (1 cp: U+2580)
    0x15, 0x03, 0x81, 0x0D, // off=0x2B31 start=21 len=3 (1 cp: U+2581)
    0x12, 0x06, 0x84, 0x0D, // off=0x2B35 start=18 len=6 (1 cp: U+2582)
    0x0F, 0x09, 0x87, 0x0D, // off=0x2B39 start=15 len=9 (1 cp: U+2583)
    0x0C, 0x0C, 0x8A, 0x0D, // off=0x2B3D start=12 len=12 (1 cp: U+2584)
    0x09, 0x0F, 0x8D, 0x0D, // off=0x2B41 start=9 len=15 (1 cp: U+2585)
    0x06, 0x12, 0x90, 0x0D, // off=0x2B45 start=6 len=18 (1 cp: U+2586)
    0x03, 0x15, 0x93, 0x0D, // off=0x2B49 start=3 len=21 (1 cp: U+2587)
    0x00, 0x18, 0x96, 0x0D, // off=0x2B4D start=0 len=24 (1 cp: U+2588)
    0x00, 0x18, 0x96, 0x37, // off=0x2B51 start=0 len=24 (1 cp: U+2589)
    0x00, 0x18, 0x96, 0x42, // off=0x2B55 start=0 len=24 (1 cp: U+258A)
    0x00, 0x18, 0x96, 0x2B, // off=0x2B59 start=0 len=24 (1 cp: U+258B)
    0x00, 0x18, 0x96, 0x15, // off=0x2B5D start=0 len=24 (1 cp: U+258C)
    0x00, 0x18, 0x96, 0x3B, // off=0x2B61 start=0 len=24 (1 cp: U+258D)
    0x00, 0x18, 0x96, 0x3A, // off=0x2B65 start=0 len=24 (1 cp: U+258E)
    0x00, 0x18, 0x96, 0x26, // off=0x2B69 start=0 len=24 (1 cp: U+258F)
    0x00, 0x18, 0x96, 0x1A, // off=0x2B6D start=0 len=24 (1 cp: U+2590)
    0x00, 0x17, 0x16, 0x34, 0x00, 0x34, 0x00, 0x34, 0x00, 0x34, 0x00, 0x34, 0x00, 0x34, 0x00, 0x34, 0x00, 0x34, 0x00, 0x34, 0x00, 0x34, 0x00, 0x34, 0x00, 0x34, // off=0x2B71 start=0 len=23 (1 cp: U+2591)
    0x00, 0x18, 0x17, 0x34, 0x63, 0x34, 0x63, 0x34, 0x63, 0x34, 0x63, 0x34, 0x63, 0x34, 0x63, 0x34, 0x63, 0x34, 0x63, 0x34, 0x63, 0x34, 0x63, 0x34, 0x63, 0x34, 0x63, // off=0x2B8B start=0 len=24 (1 cp: U+2592)
    0x00, 0x18, 0x17, 0x0D, 0x34, 0x0D, 0x34, 0x0D, 0x34, 0x0D, 0x34, 0x0D, 0x34, 0x0D, 0x34, 0x0D, 0x34, 0x0D, 0x34, 0x0D, 0x34, 0x0D, 0x34, 0x0D, 0x34, 0x0D, 0x34, // off=0x2BA6 start=0 len=24 (1 cp: U+2593)
    0x0C, 0x0C, 0x8A, 0x15, // off=0x2BC1 start=12 len=12 (1 cp: U+2596)
    0x0C, 0x0C, 0x8A, 0x1A, // off=0x2BC5 start=12 len=12 (1 cp: U+2597)
    0x00, 0x0C, 0x8A, 0x15, // off=0x2BC9 start=0 len=12 (1 cp: U+2598)
    0x00, 0x18, 0x8A, 0x15, 0x8A, 0x0D, // off=0x2BCD start=0 len=24 (1 cp: U+2599)
    0x00, 0x18, 0x8A, 0x15, 0x8A, 0x1A, // off=0x2BD3 start=0 len=24 (1 cp: U+259A)
    0x00, 0x18, 0x8A, 0x0D, 0x8A, 0x15, // off=0x2BD9 start=0 len=24 (1 cp: U+259B)
    0x00, 0x18, 0x8A, 0x0D, 0x8A, 0x1A, // off=0x2BDF start=0 len=24 (1 cp: U+259C)
    0x00, 0x0C, 0x8A, 0x1A, // off=0x2BE5 start=0 len=12 (1 cp: U+259D)
    0x00, 0x18, 0x8A, 0x1A, 0x8A, 0x15, // off=0x2BE9 start=0 len=24 (1 cp: U+259E)
    0x00, 0x18, 0x8A, 0x1A, 0x8A, 0x0D, // off=0x2BEF start=0 len=24 (1 cp: U+259F)
    0x07, 0x0A, 0x88, 0x18, // off=0x2BF5 start=7 len=10 (1 cp: U+25A0)
    0x0D, 0x06, 0x84, 0x5B, // off=0x2BF9 start=13 len=6 (1 cp: U+25AC)
    0x04, 0x0F, 0x8D, 0x11, // off=0x2BFD start=4 len=15 (1 cp: U+25AE)
    0x06, 0x0C, 0x80, 0x01, 0x80, 0x27, 0x80, 0x09, 0x80, 0x18, 0x80, 0x11, 0x80, 0x2E, // off=0x2C01 start=6 len=12 (1 cp: U+25B2)
    0x06, 0x0B, 0x0A, 0x68, 0x3B, 0x15, 0x80, 0x37, 0x0D, 0x37, 0x80, 0x15, 0x3B, 0x68, // off=0x2C0F start=6 len=11 (2 cps: U+25B6, U+25BA)
    0x06, 0x0C, 0x80, 0x2E, 0x80, 0x11, 0x80, 0x18, 0x80, 0x09, 0x80, 0x27, 0x80, 0x01, // off=0x2C1D start=6 len=12 (1 cp: U+25BC)
    0x06, 0x0B, 0x0A, 0x9F, 0xA1, 0x1A, 0x74, 0x87, 0x0D, 0x87, 0x74, 0x1A, 0xA1, 0x9F, // off=0x2C2B start=6 len=11 (2 cps: U+25C0, U+25C4)
    0x06, 0x0B, 0x0A, 0x01, 0x27, 0x09, 0x18, 0x11, 0x2E, 0x11, 0x18, 0x09, 0x27, 0x01, // off=0x2C39 start=6 len=11 (2 cps: U+25C6, U+2666)
    0x06, 0x0B, 0x0A, 0x01, 0x17, 0x0B, 0x03, 0x02, 0x67, 0x02, 0x03, 0x0B, 0x17, 0x01, // off=0x2C47 start=6 len=11 (1 cp: U+25CA)
    0x09, 0x06, 0x00, 0x1F, 0x82, 0x14, 0x00, 0x1F, // off=0x2C55 start=9 len=6 (1 cp: U+25CB)
    0x00, 0x18, 0x87, 0x0D, 0x00, 0xBC, 0x82, 0xBA, 0x00, 0xBC, 0x87, 0x0D, // off=0x2C5D start=0 len=24 (1 cp: U+25D8)
    0x00, 0x18, 0x87, 0x0D, 0x00, 0xBC, 0x82, 0xBB, 0x00, 0xBC, 0x87, 0x0D, // off=0x2C69 start=0 len=24 (1 cp: U+25D9)
    0x04, 0x0F, 0x0E, 0x18, 0x02, 0x67, 0x67, 0xFB, 0xFB, 0x67, 0x67, 0x67, 0xCE, 0xFF, 0xE2, 0x08, 0x67, 0x67, 0x02, 0x18, // off=0x2C75 start=4 len=15 (1 cp: U+263A)
    0x04, 0x0F, 0x03, 0x18, 0x11, 0x2E, 0x2E, 0x80, 0xFF, 0x4E, 0x0E, 0x81, 0x2E, 0x05, 0x7F, 0x95, 0x2E, 0x2E, 0x11, 0x18, // off=0x2C89 start=4 len=15 (1 cp: U+263B)
    0x04, 0x0F, 0x0E, 0x01, 0x01, 0x46, 0x0C, 0x24, 0x45, 0x27, 0xFF, 0xBE, 0x0F, 0x27, 0x45, 0x24, 0x0C, 0x46, 0x01, 0x01, // off=0x2C9D start=4 len=15 (1 cp: U+263C)
    0x04, 0x0F, 0x01, 0x09, 0x03, 0x83, 0x02, 0x04, 0x03, 0x09, 0x01, 0x01, 0x11, 0x81, 0x01, // off=0x2CB1 start=4 len=15 (1 cp: U+2640)
    0x04, 0x0F, 0x07, 0xC2, 0x64, 0xD4, 0xC0, 0x65, 0x5C, 0x09, 0x03, 0x83, 0x02, 0x01, 0x03, 0x09, // off=0x2CC0 start=4 len=15 (1 cp: U+2642)
    0x04, 0x0F, 0x04, 0x01, 0x01, 0x27, 0x09, 0x18, 0x83, 0x11, 0x04, 0xE5, 0x01, 0x01, 0x01, 0x09, // off=0x2CD0 start=4 len=15 (1 cp: U+2660)
    0x04, 0x0F, 0x0E, 0x27, 0x09, 0x09, 0x27, 0x01, 0x01, 0xF7, 0x2E, 0x2E, 0x2E, 0xF7, 0x01, 0x01, 0x01, 0x09, // off=0x2CE0 start=4 len=15 (1 cp: U+2663)
    0x06, 0x0C, 0x01, 0x4A, 0x89, 0x83, 0x2E, 0x04, 0x11, 0x18, 0x09, 0x27, 0x01, // off=0x2CF2 start=6 len=12 (1 cp: U+2665)
    0x04, 0x0F, 0x04, 0x77, 0x75, 0x75, 0x75, 0x77, 0x87, 0x16, 0x00, 0x3A, // off=0x2CFF start=4 len=15 (1 cp: U+266A)
    0x04, 0x0F, 0x04, 0x11, 0x02, 0x02, 0x02, 0x11, 0x86, 0x02, 0x01, 0x13, 0x26, // off=0x2D0B start=4 len=15 (1 cp: U+266B)
    0x05, 0x0E, 0x80, 0x1D, 0x80, 0x08, 0x80, 0x04, 0x80, 0x21, 0x80, 0x35, 0x80, 0x6E, 0x80, 0x0E, // off=0x2D18 start=5 len=14 (1 cp: U+2713)
    0x05, 0x0E, 0x80, 0x64, 0x80, 0x60, 0x80, 0x3C, 0x80, 0x49, 0x80, 0x70, 0x80, 0x6F, 0x80, 0x33, // off=0x2D28 start=5 len=14 (1 cp: U+2714)
    0x05, 0x0E, 0x0D, 0x04, 0x04, 0x43, 0x0B, 0x17, 0x07, 0x07, 0x73, 0x2D, 0x52, 0x16, 0x16, 0x05, 0x05, // off=0x2D38 start=5 len=14 (1 cp: U+2717)
    0x05, 0x0E, 0x0D, 0x3C, 0x3C, 0xB3, 0x85, 0x76, 0x27, 0x27, 0x1F, 0x58, 0xDE, 0x55, 0x55, 0x31, 0x31, // off=0x2D49 start=5 len=14 (1 cp: U+2718)
    0x04, 0x0F, 0x80, 0x10, 0x80, 0x0F, 0x80, 0x01, 0x81, 0x0E, 0x80, 0x01, 0x80, 0x0F, 0x80, 0x10, // off=0x2D5A start=4 len=15 (1 cp: U+27E8)
    0x04, 0x0F, 0x80, 0x0E, 0x80, 0x01, 0x80, 0x0F, 0x81, 0x10, 0x80, 0x0F, 0x80, 0x01, 0x80, 0x0E, // off=0x2D6A start=4 len=15 (1 cp: U+27E9)
    0x04, 0x0F, 0x80, 0x29, 0x80, 0x2D, 0x80, 0x0B, 0x81, 0x35, 0x80, 0x0B, 0x80, 0x2D, 0x80, 0x29, // off=0x2D7A start=4 len=15 (1 cp: U+27EA)
    0x04, 0x0F, 0x80, 0x35, 0x80, 0x0B, 0x80, 0x2D, 0x81, 0x29, 0x80, 0x2D, 0x80, 0x0B, 0x80, 0x35, // off=0x2D8A start=4 len=15 (1 cp: U+27EB)
    0x01, 0x03, 0x81, 0x05, // off=0x2D9A start=1 len=3 (1 cp: U+2801)
    0x07, 0x03, 0x81, 0x05, // off=0x2D9E start=7 len=3 (1 cp: U+2802)
    0x01, 0x09, 0x81, 0x05, 0x81, 0x00, 0x81, 0x05, // off=0x2DA2 start=1 len=9 (1 cp: U+2803)
    0x0D, 0x03, 0x81, 0x05, // off=0x2DAA start=13 len=3 (1 cp: U+2804)
    0x01, 0x0F, 0x81, 0x05, 0x87, 0x00, 0x81, 0x05, // off=0x2DAE start=1 len=15 (1 cp: U+2805)
    0x07, 0x09, 0x81, 0x05, 0x81, 0x00, 0x81, 0x05, // off=0x2DB6 start=7 len=9 (1 cp: U+2806)
    0x01, 0x0F, 0x81, 0x05, 0x81, 0x00, 0x81, 0x05, 0x81, 0x00, 0x81, 0x05, // off=0x2DBE start=1 len=15 (1 cp: U+2807)
    0x01, 0x03, 0x81, 0x04, // off=0x2DCA start=1 len=3 (1 cp: U+2808)
    0x01, 0x03, 0x81, 0x03, // off=0x2DCE start=1 len=3 (1 cp: U+2809)
    0x01, 0x09, 0x81, 0x04, 0x81, 0x00, 0x81, 0x05, // off=0x2DD2 start=1 len=9 (1 cp: U+280A)
    0x01, 0x09, 0x81, 0x03, 0x81, 0x00, 0x81, 0x05, // off=0x2DDA start=1 len=9 (1 cp: U+280B)
    0x01, 0x0F, 0x81, 0x04, 0x87, 0x00, 0x81, 0x05, // off=0x2DE2 start=1 len=15 (1 cp: U+280C)
    0x01, 0x0F, 0x81, 0x03, 0x87, 0x00, 0x81, 0x05, // off=0x2DEA start=1 len=15 (1 cp: U+280D)
    0x01, 0x0F, 0x81, 0x04, 0x81, 0x00, 0x81, 0x05, 0x81, 0x00, 0x81, 0x05, // off=0x2DF2 start=1 len=15 (1 cp: U+280E)
    0x01, 0x0F, 0x81, 0x03, 0x81, 0x00, 0x81, 0x05, 0x81, 0x00, 0x81, 0x05, // off=0x2DFE start=1 len=15 (1 cp: U+280F)
    0x07, 0x03, 0x81, 0x04, // off=0x2E0A start=7 len=3 (1 cp: U+2810)
    0x01, 0x09, 0x81, 0x05, 0x81, 0x00, 0x81, 0x04, // off=0x2E0E start=1 len=9 (1 cp: U+2811)
    0x07, 0x03, 0x81, 0x03, // off=0x2E16 start=7 len=3 (1 cp: U+2812)
    0x01, 0x09, 0x81, 0x05, 0x81, 0x00, 0x81, 0x03, // off=0x2E1A start=1 len=9 (1 cp: U+2813)
    0x07, 0x09, 0x81, 0x04, 0x81, 0x00, 0x81, 0x05, // off=0x2E22 start=7 len=9 (1 cp: U+2814)
    0x01, 0x0F, 0x81, 0x05, 0x81, 0x00, 0x81, 0x04, 0x81, 0x00, 0x81, 0x05, // off=0x2E2A start=1 len=15 (1 cp: U+2815)
    0x07, 0x09, 0x81, 0x03, 0x81, 0x00, 0x81, 0x05, // off=0x2E36 start=7 len=9 (1 cp: U+2816)
    0x01, 0x0F, 0x81, 0x05, 0x81, 0x00, 0x81, 0x03, 0x81, 0x00, 0x81, 0x05, // off=0x2E3E start=1 len=15 (1 cp: U+2817)
    0x01, 0x09, 0x81, 0x04, 0x81, 0x00, 0x81, 0x04, // off=0x2E4A start=1 len=9 (1 cp: U+2818)
    0x01, 0x09, 0x81, 0x03, 0x81, 0x00, 0x81, 0x04, // off=0x2E52 start=1 len=9 (1 cp: U+2819)
    0x01, 0x09, 0x81, 0x04, 0x81, 0x00, 0x81, 0x03, // off=0x2E5A start=1 len=9 (1 cp: U+281A)
    0x01, 0x09, 0x81, 0x03, 0x81, 0x00, 0x81, 0x03, // off=0x2E62 start=1 len=9 (1 cp: U+281B)
    0x01, 0x0F, 0x81, 0x04, 0x81, 0x00, 0x81, 0x04, 0x81, 0x00, 0x81, 0x05, // off=0x2E6A start=1 len=15 (1 cp: U+281C)
    0x01, 0x0F, 0x81, 0x03, 0x81, 0x00, 0x81, 0x04, 0x81, 0x00, 0x81, 0x05, // off=0x2E76 start=1 len=15 (1 cp: U+281D)
    0x01, 0x0F, 0x81, 0x04, 0x81, 0x00, 0x81, 0x03, 0x81, 0x00, 0x81, 0x05, // off=0x2E82 start=1 len=15 (1 cp: U+281E)
    0x01, 0x0F, 0x81, 0x03, 0x81, 0x00, 0x81, 0x03, 0x81, 0x00, 0x81, 0x05, // off=0x2E8E start=1 len=15 (1 cp: U+281F)
    0x0D, 0x03, 0x81, 0x04, // off=0x2E9A start=13 len=3 (1 cp: U+2820)
    0x01, 0x0F, 0x81, 0x05, 0x87, 0x00, 0x81, 0x04, // off=0x2E9E start=1 len=15 (1 cp: U+2821)
    0x07, 0x09, 0x81, 0x05, 0x81, 0x00, 0x81, 0x04, // off=0x2EA6 start=7 len=9 (1 cp: U+2822)
    0x01, 0x0F, 0x81, 0x05, 0x81, 0x00, 0x81, 0x05, 0x81, 0x00, 0x81, 0x04, // off=0x2EAE start=1 len=15 (1 cp: U+2823)
    0x0D, 0x03, 0x81, 0x03, // off=0x2EBA start=13 len=3 (1 cp: U+2824)
    0x01, 0x0F, 0x81, 0x05, 0x87, 0x00, 0x81, 0x03, // off=0x2EBE start=1 len=15 (1 cp: U+2825)
    0x07, 0x09, 0x81, 0x05, 0x81, 0x00, 0x81, 0x03, // off=0x2EC6 start=7 len=9 (1 cp: U+2826)
    0x01, 0x0F, 0x81, 0x05, 0x81, 0x00, 0x81, 0x05, 0x81, 0x00, 0x81, 0x03, // off=0x2ECE start=1 len=15 (1 cp: U+2827)
    0x01, 0x0F, 0x81, 0x04, 0x87, 0x00, 0x81, 0x04, // off=0x2EDA start=1 len=15 (1 cp: U+2828)
    0x01, 0x0F, 0x81, 0x03, 0x87, 0x00, 0x81, 0x04, // off=0x2EE2 start=1 len=15 (1 cp: U+2829)
    0x01, 0x0F, 0x81, 0x04, 0x81, 0x00, 0x81, 0x05, 0x81, 0x00, 0x81, 0x04, // off=0x2EEA start=1 len=15 (1 cp: U+282A)
    0x01, 0x0F, 0x81, 0x03, 0x81, 0x00, 0x81, 0x05, 0x81, 0x00, 0x81, 0x04, // off=0x2EF6 start=1 len=15 (1 cp: U+282B)
    0x01, 0x0F, 0x81, 0x04, 0x87, 0x00, 0x81, 0x03, // off=0x2F02 start=1 len=15 (1 cp: U+282C)
    0x01, 0x0F, 0x81, 0x03, 0x87, 0x00, 0x81, 0x03, // off=0x2F0A start=1 len=15 (1 cp: U+282D)
    0x01, 0x0F, 0x81, 0x04, 0x81, 0x00, 0x81, 0x05, 0x81, 0x00, 0x81, 0x03, // off=0x2F12 start=1 len=15 (1 cp: U+282E)
    0x01, 0x0F, 0x81, 0x03, 0x81, 0x00, 0x81, 0x05, 0x81, 0x00, 0x81, 0x03, // off=0x2F1E start=1 len=15 (1 cp: U+282F)
    0x07, 0x09, 0x81, 0x04, 0x81, 0x00, 0x81, 0x04, // off=0x2F2A start=7 len=9 (1 cp: U+2830)
    0x01, 0x0F, 0x81, 0x05, 0x81, 0x00, 0x81, 0x04, 0x81, 0x00, 0x81, 0x04, // off=0x2F32 start=1 len=15 (1 cp: U+2831)
    0x07, 0x09, 0x81, 0x03, 0x81, 0x00, 0x81, 0x04, // off=0x2F3E start=7 len=9 (1 cp: U+2832)
    0x01, 0x0F, 0x81, 0x05, 0x81, 0x00, 0x81, 0x03, 0x81, 0x00, 0x81, 0x04, // off=0x2F46 start=1 len=15 (1 cp: U+2833)
    0x07, 0x09, 0x81, 0x04, 0x81, 0x00, 0x81, 0x03, // off=0x2F52 start=7 len=9 (1 cp: U+2834)
    0x01, 0x0F, 0x81, 0x05, 0x81, 0x00, 0x81, 0x04, 0x81, 0x00, 0x81, 0x03, // off=0x2F5A start=1 len=15 (1 cp: U+2835)
    0x07, 0x09, 0x81, 0x03, 0x81, 0x00, 0x81, 0x03, // off=0x2F66 start=7 len=9 (1 cp: U+2836)
    0x01, 0x0F, 0x81, 0x05, 0x81, 0x00, 0x81, 0x03, 0x81, 0x00, 0x81, 0x03, // off=0x2F6E start=1 len=15 (1 cp: U+2837)
    0x01, 0x0F, 0x81, 0x04, 0x81, 0x00, 0x81, 0x04, 0x81, 0x00, 0x81, 0x04, // off=0x2F7A start=1 len=15 (1 cp: U+2838)
    0x01, 0x0F, 0x81, 0x03, 0x81, 0x00, 0x81, 0x04, 0x81, 0x00, 0x81, 0x04, // off=0x2F86 start=1 len=15 (1 cp: U+2839)
    0x01, 0x0F, 0x81, 0x04, 0x81, 0x00, 0x81, 0x03, 0x81, 0x00, 0x81, 0x04, // off=0x2F92 start=1 len=15 (1 cp: U+283A)
    0x01, 0x0F, 0x81, 0x03, 0x81, 0x00, 0x81, 0x03, 0x81, 0x00, 0x81, 0x04, // off=0x2F9E start=1 len=15 (1 cp: U+283B)
    0x01, 0x0F, 0x81, 0x04, 0x81, 0x00, 0x81, 0x04, 0x81, 0x00, 0x81, 0x03, // off=0x2FAA start=1 len=15 (1 cp: U+283C)
    0x01, 0x0F, 0x81, 0x03, 0x81, 0x00, 0x81, 0x04, 0x81, 0x00, 0x81, 0x03, // off=0x2FB6 start=1 len=15 (1 cp: U+283D)
    0x01, 0x0F, 0x81, 0x04, 0x81, 0x00, 0x81, 0x03, 0x81, 0x00, 0x81, 0x03, // off=0x2FC2 start=1 len=15 (1 cp: U+283E)
    0x01, 0x0F, 0x81, 0x03, 0x81, 0x00, 0x81, 0x03, 0x81, 0x00, 0x81, 0x03, // off=0x2FCE start=1 len=15 (1 cp: U+283F)
    0x13, 0x03, 0x81, 0x05, // off=0x2FDA start=19 len=3 (1 cp: U+2840)
    0x01, 0x15, 0x81, 0x05, 0x8D, 0x00, 0x81, 0x05, // off=0x2FDE start=1 len=21 (1 cp: U+2841)
    0x07, 0x0F, 0x81, 0x05, 0x87, 0x00, 0x81, 0x05, // off=0x2FE6 start=7 len=15 (1 cp: U+2842)
    0x01, 0x15, 0x81, 0x05, 0x81, 0x00, 0x81, 0x05, 0x87, 0x00, 0x81, 0x05, // off=0x2FEE start=1 len=21 (1 cp: U+2843)
    0x0D, 0x09, 0x81, 0x05, 0x81, 0x00, 0x81, 0x05, // off=0x2FFA start=13 len=9 (1 cp: U+2844)
    0x01, 0x15, 0x81, 0x05, 0x87, 0x00, 0x81, 0x05, 0x81, 0x00, 0x81, 0x05, // off=0x3002 start=1 len=21 (1 cp: U+2845)
    0x07, 0x0F, 0x81, 0x05, 0x81, 0x00, 0x81, 0x05, 0x81, 0x00, 0x81, 0x05, // off=0x300E start=7 len=15 (1 cp: U+2846)
    0x01, 0x15, 0x81, 0x05, 0x81, 0x00, 0x81, 0x05, 0x81, 0x00, 0x81, 0x05, 0x81, 0x00, 0x81, 0x05, // off=0x301A start=1 len=21 (1 cp: U+2847)
    0x01, 0x15, 0x81, 0x04, 0x8D, 0x00, 0x81, 0x05, // off=0x302A start=1 len=21 (1 cp: U+2848)
    0x01, 0x15, 0x81, 0x03, 0x8D, 0x00, 0x81, 0x05, // off=0x3032 start=1 len=21 (1 cp: U+2849)
    0x01, 0x15, 0x81, 0x04, 0x81, 0x00, 0x81, 0x05, 0x87, 0x00, 0x81, 0x05, // off=0x303A start=1 len=21 (1 cp: U+284A)
    0x01, 0x15, 0x81, 0x03, 0x81, 0x00, 0x81, 0x05, 0x87, 0x00, 0x81, 0x05, // off=0x3046 start=1 len=21 (1 cp: U+284B)
    0x01, 0x15, 0x81, 0x04, 0x87, 0x00, 0x81, 0x05, 0x81, 0x00, 0x81, 0x05, // off=0x3052 start=1 len=21 (1 cp: U+284C)
    0x01, 0x15, 0x81, 0x03, 0x87, 0x00, 0x81, 0x05, 0x81, 0x00, 0x81, 0x05, // off=0x305E start=1 len=21 (1 cp: U+284D)
    0x01, 0x15, 0x81, 0x04, 0x81, 0x00, 0x81, 0x05, 0x81, 0x00, 0x81, 0x05, 0x81, 0x00, 0x81, 0x05, // off=0x306A start=1 len=21 (1 cp: U+284E)
    0x01, 0x15, 0x81, 0x03, 0x81, 0x00, 0x81, 0x05, 0x81, 0x00, 0x81, 0x05, 0x81, 0x00, 0x81, 0x05, // off=0x307A start=1 len=21 (1 cp: U+284F)
    0x07, 0x0F, 0x81, 0x04, 0x87, 0x00, 0x81, 0x05, // off=0x308A start=7 len=15 (1 cp: U+2850)
    0x01, 0x15, 0x81, 0x05, 0x81, 0x00, 0x81, 0x04, 0x87, 0x00, 0x81, 0x05, // off=0x3092 start=1 len=21 (1 cp: U+2851)
    0x07, 0x0F, 0x81, 0x03, 0x87, 0x00, 0x81, 0x05, // off=0x309E start=7 len=15 (1 cp: U+2852)
    0x01, 0x15, 0x81, 0x05, 0x81, 0x00, 0x81, 0x03, 0x87, 0x00, 0x81, 0x05, // off=0x30A6 start=1 len=21 (1 cp: U+2853)
    0x07, 0x0F, 0x81, 0x04, 0x81, 0x00, 0x81, 0x05, 0x81, 0x00, 0x81, 0x05, // off=0x30B2 start=7 len=15 (1 cp: U+2854)
    0x01, 0x15, 0x81, 0x05, 0x81, 0x00, 0x81, 0x04, 0x81, 0x00, 0x81, 0x05, 0x81, 0x00, 0x81, 0x05, // off=0x30BE start=1 len=21 (1 cp: U+2855)
    0x07, 0x0F, 0x81, 0x03, 0x81, 0x00, 0x81, 0x05, 0x81, 0x00, 0x81, 0x05, // off=0x30CE start=7 len=15 (1 cp: U+2856)
    0x01, 0x15, 0x81, 0x05, 0x81, 0x00, 0x81, 0x03, 0x81, 0x00, 0x81, 0x05, 0x81, 0x00, 0x81, 0x05, // off=0x30DA start=1 len=21 (1 cp: U+2857)
    0x01, 0x15, 0x81, 0x04, 0x81, 0x00, 0x81, 0x04, 0x87, 0x00, 0x81, 0x05, // off=0x30EA start=1 len=21 (1 cp: U+2858)
    0x01, 0x15, 0x81, 0x03, 0x81, 0x00, 0x81, 0x04, 0x87, 0x00, 0x81, 0x05, // off=0x30F6 start=1 len=21 (1 cp: U+2859)
    0x01, 0x15, 0x81, 0x04, 0x81, 0x00, 0x81, 0x03, 0x87, 0x00, 0x81, 0x05, // off=0x3102 start=1 len=21 (1 cp: U+285A)
    0x01, 0x15, 0x81, 0x03, 0x81, 0x00, 0x81, 0x03, 0x87, 0x00, 0x81, 0x05, // off=0x310E start=1 len=21 (1 cp: U+285B)
    0x01, 0x15, 0x81, 0x04, 0x81, 0x00, 0x81, 0x04, 0x81, 0x00, 0x81, 0x05, 0x81, 0x00, 0x81, 0x05, // off=0x311A start=1 len=21 (1 cp: U+285C)
    0x01, 0x15, 0x81, 0x03, 0x81, 0x00, 0x81, 0x04, 0x81, 0x00, 0x81, 0x05, 0x81, 0x00, 0x81, 0x05, // off=0x312A start=1 len=21 (1 cp: U+285D)
    0x01, 0x15, 0x81, 0x04, 0x81, 0x00, 0x81, 0x03, 0x81, 0x00, 0x81, 0x05, 0x81, 0x00, 0x81, 0x05, // off=0x313A start=1 len=21 (1 cp: U+285E)
    0x01, 0x15, 0x81, 0x03, 0x81, 0x00, 0x81, 0x03, 0x81, 0x00, 0x81, 0x05, 0x81, 0x00, 0x81, 0x05, // off=0x314A start=1 len=21 (1 cp: U+285F)
    0x0D, 0x09, 0x81, 0x04, 0x81, 0x00, 0x81, 0x05, // off=0x315A start=13 len=9 (1 cp: U+2860)
    0x01, 0x15, 0x81, 0x05, 0x87, 0x00, 0x81, 0x04, 0x81, 0x00, 0x81, 0x05, // off=0x3162 start=1 len=21 (1 cp: U+2861)
    0x07, 0x0F, 0x81, 0x05, 0x81, 0x00, 0x81, 0x04, 0x81, 0x00, 0x81, 0x05, // off=0x316E start=7 len=15 (1 cp: U+2862)
    0x01, 0x15, 0x81, 0x05, 0x81, 0x00, 0x81, 0x05, 0x81, 0x00, 0x81, 0x04, 0x81, 0x00, 0x81, 0x05, // off=0x317A start=1 len=21 (1 cp: U+2863)
    0x0D, 0x09, 0x81, 0x03, 0x81, 0x00, 0x81, 0x05, // off=0x318A start=13 len=9 (1 cp: U+2864)
    0x01, 0x15, 0x81, 0x05, 0x87, 0x00, 0x81, 0x03, 0x81, 0x00, 0x81, 0x05, // off=0x3192 start=1 len=21 (1 cp: U+2865)
    0x07, 0x0F, 0x81, 0x05, 0x81, 0x00, 0x81, 0x03, 0x81, 0x00, 0x81, 0x05, // off=0x319E start=7 len=15 (1 cp: U+2866)
    0x01, 0x15, 0x81, 0x05, 0x81, 0x00, 0x81, 0x05, 0x81, 0x00, 0x81, 0x03, 0x81, 0x00, 0x81, 0x05, // off=0x31AA start=1 len=21 (1 cp: U+2867)
    0x01, 0x15, 0x81, 0x04, 0x87, 0x00, 0x81, 0x04, 0x81, 0x00, 0x81, 0x05, // off=0x31BA start=1 len=21 (1 cp: U+2868)
    0x01, 0x15, 0x81, 0x03, 0x87, 0x00, 0x81, 0x04, 0x81, 0x00, 0x81, 0x05, // off=0x31C6 start=1 len=21 (1 cp: U+2869)
    0x01, 0x15, 0x81, 0x04, 0x81, 0x00, 0x81, 0x05, 0x81, 0x00, 0x81, 0x04, 0x81, 0x00, 0x81, 0x05, // off=0x31D2 start=1 len=21 (1 cp: U+286A)
    0x01, 0x15, 0x81, 0x03, 0x81, 0x00, 0x81, 0x05, 0x81, 0x00, 0x81, 0x04, 0x81, 0x00, 0x81, 0x05, // off=0x31E2 start=1 len=21 (1 cp: U+286B)
    0x01, 0x15, 0x81, 0x04, 0x87, 0x00, 0x81, 0x03, 0x81, 0x00, 0x81, 0x05, // off=0x31F2 start=1 len=21 (1 cp: U+286C)
    0x01, 0x15, 0x81, 0x03, 0x87, 0x00, 0x81, 0x03, 0x81, 0x00, 0x81, 0x05, // off=0x31FE start=1 len=21 (1 cp: U+286D)
    0x01, 0x15, 0x81, 0x04, 0x81, 0x00, 0x81, 0x05, 0x81, 0x00, 0x81, 0x03, 0x81, 0x00, 0x81, 0x05, // off=0x320A start=1 len=21 (1 cp: U+286E)
    0x01, 0x15, 0x81, 0x03, 0x81, 0x00, 0x81, 0x05, 0x81, 0x00, 0x81, 0x03, 0x81, 0x00, 0x81, 0x05, // off=0x321A start=1 len=21 (1 cp: U+286F)
    0x07, 0x0F, 0x81, 0x04, 0x81, 0x00, 0x81, 0x04, 0x81, 0x00, 0x81, 0x05, // off=0x322A start=7 len=15 (1 cp: U+2870)
    0x01, 0x15, 0x81, 0x05, 0x81, 0x00, 0x81, 0x04, 0x81, 0x00, 0x81, 0x04, 0x81, 0x00, 0x81, 0x05, // off=0x3236 start=1 len=21 (1 cp: U+2871)
    0x07, 0x0F, 0x81, 0x03, 0x81, 0x00, 0x81, 0x04, 0x81, 0x00, 0x81, 0x05, // off=0x3246 start=7 len=15 (1 cp: U+2872)
    0x01, 0x15, 0x81, 0x05, 0x81, 0x00, 0x81, 0x03, 0x81, 0x00, 0x81, 0x04, 0x81, 0x00, 0x81, 0x05, // off=0x3252 start=1 len=21 (1 cp: U+2873)
    0x07, 0x0F, 0x81, 0x04, 0x81, 0x00, 0x81, 0x03, 0x81, 0x00, 0x81, 0x05, // off=0x3262 start=7 len=15 (1 cp: U+2874)
    0x01, 0x15, 0x81, 0x05, 0x81, 0x00, 0x81, 0x04, 0x81, 0x00, 0x81, 0x03, 0x81, 0x00, 0x81, 0x05, // off=0x326E start=1 len=21 (1 cp: U+2875)
    0x07, 0x0F, 0x81, 0x03, 0x81, 0x00, 0x81, 0x03, 0x81, 0x00, 0x81, 0x05, // off=0x327E start=7 len=15 (1 cp: U+2876)
    0x01, 0x15, 0x81, 0x05, 0x81, 0x00, 0x81, 0x03, 0x81, 0x00, 0x81, 0x03, 0x81, 0x00, 0x81, 0x05, // off=0x328A start=1 len=21 (1 cp: U+2877)
    0x01, 0x15, 0x81, 0x04, 0x81, 0x00, 0x81, 0x04, 0x81, 0x00, 0x81, 0x04, 0x81, 0x00, 0x81, 0x05, // off=0x329A start=1 len=21 (1 cp: U+2878)
    0x01, 0x15, 0x81, 0x03, 0x81, 0x00, 0x81, 0x04, 0x81, 0x00, 0x81, 0x04, 0x81, 0x00, 0x81, 0x05, // off=0x32AA start=1 len=21 (1 cp: U+2879)
    0x01, 0x15, 0x81, 0x04, 0x81, 0x00, 0x81, 0x03, 0x81, 0x00, 0x81, 0x04, 0x81, 0x00, 0x81, 0x05, // off=0x32BA start=1 len=21 (1 cp: U+287A)
    0x01, 0x15, 0x81, 0x03, 0x81, 0x00, 0x81, 0x03, 0x81, 0x00, 0x81, 0x04, 0x81, 0x00, 0x81, 0x05, // off=0x32CA start=1 len=21 (1 cp: U+287B)
    0x01, 0x15, 0x81, 0x04, 0x81, 0x00, 0x81, 0x04, 0x81, 0x00, 0x81, 0x03, 0x81, 0x00, 0x81, 0x05, // off=0x32DA start=1 len=21 (1 cp: U+287C)
    0x01, 0x15, 0x81, 0x03, 0x81, 0x00, 0x81, 0x04, 0x81, 0x00, 0x81, 0x03, 0x81, 0x00, 0x81, 0x05, // off=0x32EA start=1 len=21 (1 cp: U+287D)
    0x01, 0x15, 0x81, 0x04, 0x81, 0x00, 0x81, 0x03, 0x81, 0x00, 0x81, 0x03, 0x81, 0x00, 0x81, 0x05, // off=0x32FA start=1 len=21 (1 cp: U+287E)
    0x01, 0x15, 0x81, 0x03, 0x81, 0x00, 0x81, 0x03, 0x81, 0x00, 0x81, 0x03, 0x81, 0x00, 0x81, 0x05, // off=0x330A start=1 len=21 (1 cp: U+287F)
    0x13, 0x03, 0x81, 0x04, // off=0x331A start=19 len=3 (1 cp: U+2880)
    0x01, 0x15, 0x81, 0x05, 0x8D, 0x00, 0x81, 0x04, // off=0x331E start=1 len=21 (1 cp: U+2881)
    0x07, 0x0F, 0x81, 0x05, 0x87, 0x00, 0x81, 0x04, // off=0x3326 start=7 len=15 (1 cp: U+2882)
    0x01, 0x15, 0x81, 0x05, 0x81, 0x00, 0x81, 0x05, 0x87, 0x00, 0x81, 0x04, // off=0x332E start=1 len=21 (1 cp: U+2883)
    0x0D, 0x09, 0x81, 0x05, 0x81, 0x00, 0x81, 0x04, // off=0x333A start=13 len=9 (1 cp: U+2884)
    0x01, 0x15, 0x81, 0x05, 0x87, 0x00, 0x81, 0x05, 0x81, 0x00, 0x81, 0x04, // off=0x3342 start=1 len=21 (1 cp: U+2885)
    0x07, 0x0F, 0x81, 0x05, 0x81, 0x00, 0x81, 0x05, 0x81, 0x00, 0x81, 0x04, // off=0x334E start=7 len=15 (1 cp: U+2886)
    0x01, 0x15, 0x81, 0x05, 0x81, 0x00, 0x81, 0x05, 0x81, 0x00, 0x81, 0x05, 0x81, 0x00, 0x81, 0x04, // off=0x335A start=1 len=21 (1 cp: U+2887)
    0x01, 0x15, 0x81, 0x04, 0x8D, 0x00, 0x81, 0x04, // off=0x336A start=1 len=21 (1 cp: U+2888)
    0x01, 0x15, 0x81, 0x03, 0x8D, 0x00, 0x81, 0x04, // off=0x3372 start=1 len=21 (1 cp: U+2889)
    0x01, 0x15, 0x81, 0x04, 0x81, 0x00, 0x81, 0x05, 0x87, 0x00, 0x81, 0x04, // off=0x337A start=1 len=21 (1 cp: U+288A)
    0x01, 0x15, 0x81, 0x03, 0x81, 0x00, 0x81, 0x05, 0x87, 0x00, 0x81, 0x04, // off=0x3386 start=1 len=21 (1 cp: U+288B)
    0x01, 0x15, 0x81, 0x04, 0x87, 0x00, 0x81, 0x05, 0x81, 0x00, 0x81, 0x04, // off=0x3392 start=1 len=21 (1 cp: U+288C)
    0x01, 0x15, 0x81, 0x03, 0x87, 0x00, 0x81, 0x05, 0x81, 0x00, 0x81, 0x04, // off=0x339E start=1 len=21 (1 cp: U+288D)
    0x01, 0x15, 0x81, 0x04, 0x81, 0x00, 0x81, 0x05, 0x81, 0x00, 0x81, 0x05, 0x81, 0x00, 0x81, 0x04, // off=0x33AA start=1 len=21 (1 cp: U+288E)
    0x01, 0x15, 0x81, 0x03, 0x81, 0x00, 0x81, 0x05, 0x81, 0x00, 0x81, 0x05, 0x81, 0x00, 0x81, 0x04, // off=0x33BA start=1 len=21 (1 cp: U+288F)
    0x07, 0x0F, 0x81, 0x04, 0x87, 0x00, 0x81, 0x04, // off=0x33CA start=7 len=15 (1 cp: U+2890)
    0x01, 0x15, 0x81, 0x05, 0x81, 0x00, 0x81, 0x04, 0x87, 0x00, 0x81, 0x04, // off=0x33D2 start=1 len=21 (1 cp: U+2891)
    0x07, 0x0F, 0x81, 0x03, 0x87, 0x00, 0x81, 0x04, // off=0x33DE start=7 len=15 (1 cp: U+2892)
    0x01, 0x15, 0x81, 0x05, 0x81, 0x00, 0x81, 0x03, 0x87, 0x00, 0x81, 0x04, // off=0x33E6 start=1 len=21 (1 cp: U+2893)
    0x07, 0x0F, 0x81, 0x04, 0x81, 0x00, 0x81, 0x05, 0x81, 0x00, 0x81, 0x04, // off=0x33F2 start=7 len=15 (1 cp: U+2894)
    0x01, 0x15, 0x81, 0x05, 0x81, 0x00, 0x81, 0x04, 0x81, 0x00, 0x81, 0x05, 0x81, 0x00, 0x81, 0x04, // off=0x33FE start=1 len=21 (1 cp: U+2895)
    0x07, 0x0F, 0x81, 0x03, 0x81, 0x00, 0x81, 0x05, 0x81, 0x00, 0x81, 0x04, // off=0x340E start=7 len=15 (1 cp: U+2896)
    0x01, 0x15, 0x81, 0x05, 0x81, 0x00, 0x81, 0x03, 0x81, 0x00, 0x81, 0x05, 0x81, 0x00, 0x81, 0x04, // off=0x341A start=1 len=21 (1 cp: U+2897)
    0x01, 0x15, 0x81, 0x04, 0x81, 0x00, 0x81, 0x04, 0x87, 0x00, 0x81, 0x04, // off=0x342A start=1 len=21 (1 cp: U+2898)
    0x01, 0x15, 0x81, 0x03, 0x81, 0x00, 0x81, 0x04, 0x87, 0x00, 0x81, 0x04, // off=0x3436 start=1 len=21 (1 cp: U+2899)
    0x01, 0x15, 0x81, 0x04, 0x81, 0x00, 0x81, 0x03, 0x87, 0x00, 0x81, 0x04, // off=0x3442 start=1 len=21 (1 cp: U+289A)
    0x01, 0x15, 0x81, 0x03, 0x81, 0x00, 0x81, 0x03, 0x87, 0x00, 0x81, 0x04, // off=0x344E start=1 len=21 (1 cp: U+289B)
    0x01, 0x15, 0x81, 0x04, 0x81, 0x00, 0x81, 0x04, 0x81, 0x00, 0x81, 0x05, 0x81, 0x00, 0x81, 0x04, // off=0x345A start=1 len=21 (1 cp: U+289C)
    0x01, 0x15, 0x81, 0x03, 0x81, 0x00, 0x81, 0x04, 0x81, 0x00, 0x81, 0x05, 0x81, 0x00, 0x81, 0x04, // off=0x346A start=1 len=21 (1 cp: U+289D)
    0x01, 0x15, 0x81, 0x04, 0x81, 0x00, 0x81, 0x03, 0x81, 0x00, 0x81, 0x05, 0x81, 0x00, 0x81, 0x04, // off=0x347A start=1 len=21 (1 cp: U+289E)
    0x01, 0x15, 0x81, 0x03, 0x81, 0x00, 0x81, 0x03, 0x81, 0x00, 0x81, 0x05, 0x81, 0x00, 0x81, 0x04, // off=0x348A start=1 len=21 (1 cp: U+289F)
    0x0D, 0x09, 0x81, 0x04, 0x81, 0x00, 0x81, 0x04, // off=0x349A start=13 len=9 (1 cp: U+28A0)
    0x01, 0x15, 0x81, 0x05, 0x87, 0x00, 0x81, 0x04, 0x81, 0x00, 0x81, 0x04, // off=0x34A2 start=1 len=21 (1 cp: U+28A1)
    0x07, 0x0F, 0x81, 0x05, 0x81, 0x00, 0x81, 0x04, 0x81, 0x00, 0x81, 0x04, // off=0x34AE start=7 len=15 (1 cp: U+28A2)
    0x01, 0x15, 0x81, 0x05, 0x81, 0x00, 0x81, 0x05, 0x81, 0x00, 0x81, 0x04, 0x81, 0x00, 0x81, 0x04, // off=0x34BA start=1 len=21 (1 cp: U+28A3)
    0x0D, 0x09, 0x81, 0x03, 0x81, 0x00, 0x81, 0x04, // off=0x34CA start=13 len=9 (1 cp: U+28A4)
    0x01, 0x15, 0x81, 0x05, 0x87, 0x00, 0x81, 0x03, 0x81, 0x00, 0x81, 0x04, // off=0x34D2 start=1 len=21 (1 cp: U+28A5)
    0x07, 0x0F, 0x81, 0x05, 0x81, 0x00, 0x81, 0x03, 0x81, 0x00, 0x81, 0x04, // off=0x34DE start=7 len=15 (1 cp: U+28A6)
    0x01, 0x15, 0x81, 0x05, 0x81, 0x00, 0x81, 0x05, 0x81, 0x00, 0x81, 0x03, 0x81, 0x00, 0x81, 0x04, // off=0x34EA start=1 len=21 (1 cp: U+28A7)
    0x01, 0x15, 0x81, 0x04, 0x87, 0x00, 0x81, 0x04, 0x81, 0x00, 0x81, 0x04, // off=0x34FA start=1 len=21 (1 cp: U+28A8)
    0x01, 0x15, 0x81, 0x03, 0x87, 0x00, 0x81, 0x04, 0x81, 0x00, 0x81, 0x04, // off=0x3506 start=1 len=21 (1 cp: U+28A9)
    0x01, 0x15, 0x81, 0x04, 0x81, 0x00, 0x81, 0x05, 0x81, 0x00, 0x81, 0x04, 0x81, 0x00, 0x81, 0x04, // off=0x3512 start=1 len=21 (1 cp: U+28AA)
    0x01, 0x15, 0x81, 0x03, 0x81, 0x00, 0x81, 0x05, 0x81, 0x00, 0x81, 0x04, 0x81, 0x00, 0x81, 0x04, // off=0x3522 start=1 len=21 (1 cp: U+28AB)
    0x01, 0x15, 0x81, 0x04, 0x87, 0x00, 0x81, 0x03, 0x81, 0x00, 0x81, 0x04, // off=0x3532 start=1 len=21 (1 cp: U+28AC)
    0x01, 0x15, 0x81, 0x03, 0x87, 0x00, 0x81, 0x03, 0x81, 0x00, 0x81, 0x04, // off=0x353E start=1 len=21 (1 cp: U+28AD)
    0x01, 0x15, 0x81, 0x04, 0x81, 0x00, 0x81, 0x05, 0x81, 0x00, 0x81, 0x03, 0x81, 0x00, 0x81, 0x04, // off=0x354A start=1 len=21 (1 cp: U+28AE)
    0x01, 0x15, 0x81, 0x03, 0x81, 0x00, 0x81, 0x05, 0x81, 0x00, 0x81, 0x03, 0x81, 0x00, 0x81, 0x04, // off=0x355A start=1 len=21 (1 cp: U+28AF)
    0x07, 0x0F, 0x81, 0x04, 0x81, 0x00, 0x81, 0x04, 0x81, 0x00, 0x81, 0x04, // off=0x356A start=7 len=15 (1 cp: U+28B0)
    0x01, 0x15, 0x81, 0x05, 0x81, 0x00, 0x81, 0x04, 0x81, 0x00, 0x81, 0x04, 0x81, 0x00, 0x81, 0x04, // off=0x3576 start=1 len=21 (1 cp: U+28B1)
    0x07, 0x0F, 0x81, 0x03, 0x81, 0x00, 0x81, 0x04, 0x81, 0x00, 0x81, 0x04, // off=0x3586 start=7 len=15 (1 cp: U+28B2)
    0x01, 0x15, 0x81, 0x05, 0x81, 0x00, 0x81, 0x03, 0x81, 0x00, 0x81, 0x04, 0x81, 0x00, 0x81, 0x04, // off=0x3592 start=1 len=21 (1 cp: U+28B3)
    0x07, 0x0F, 0x81, 0x04, 0x81, 0x00, 0x81, 0x03, 0x81, 0x00, 0x81, 0x04, // off=0x35A2 start=7 len=15 (1 cp: U+28B4)
    0x01, 0x15, 0x81, 0x05, 0x81, 0x00, 0x81, 0x04, 0x81, 0x00, 0x81, 0x03, 0x81, 0x00, 0x81, 0x04, // off=0x35AE start=1 len=21 (1 cp: U+28B5)
    0x07, 0x0F, 0x81, 0x03, 0x81, 0x00, 0x81, 0x03, 0x81, 0x00, 0x81, 0x04, // off=0x35BE start=7 len=15 (1 cp: U+28B6)
    0x01, 0x15, 0x81, 0x05, 0x81, 0x00, 0x81, 0x03, 0x81, 0x00, 0x81, 0x03, 0x81, 0x00, 0x81, 0x04, // off=0x35CA start=1 len=21 (1 cp: U+28B7)
    0x01, 0x15, 0x81, 0x04, 0x81, 0x00, 0x81, 0x04, 0x81, 0x00, 0x81, 0x04, 0x81, 0x00, 0x81, 0x04, // off=0x35DA start=1 len=21 (1 cp: U+28B8)
    0x01, 0x15, 0x81, 0x03, 0x81, 0x00, 0x81, 0x04, 0x81, 0x00, 0x81, 0x04, 0x81, 0x00, 0x81, 0x04, // off=0x35EA start=1 len=21 (1 cp: U+28B9)
    0x01, 0x15, 0x81, 0x04, 0x81, 0x00, 0x81, 0x03, 0x81, 0x00, 0x81, 0x04, 0x81, 0x00, 0x81, 0x04, // off=0x35FA start=1 len=21 (1 cp: U+28BA)
    0x01, 0x15, 0x81, 0x03, 0x81, 0x00, 0x81, 0x03, 0x81, 0x00, 0x81, 0x04, 0x81, 0x00, 0x81, 0x04, // off=0x360A start=1 len=21 (1 cp: U+28BB)
    0x01, 0x15, 0x81, 0x04, 0x81, 0x00, 0x81, 0x04, 0x81, 0x00, 0x81, 0x03, 0x81, 0x00, 0x81, 0x04, // off=0x361A start=1 len=21 (1 cp: U+28BC)
    0x01, 0x15, 0x81, 0x03, 0x81, 0x00, 0x81, 0x04, 0x81, 0x00, 0x81, 0x03, 0x81, 0x00, 0x81, 0x04, // off=0x362A start=1 len=21 (1 cp: U+28BD)
    0x01, 0x15, 0x81, 0x04, 0x81, 0x00, 0x81, 0x03, 0x81, 0x00, 0x81, 0x03, 0x81, 0x00, 0x81, 0x04, // off=0x363A start=1 len=21 (1 cp: U+28BE)
    0x01, 0x15, 0x81, 0x03, 0x81, 0x00, 0x81, 0x03, 0x81, 0x00, 0x81, 0x03, 0x81, 0x00, 0x81, 0x04, // off=0x364A start=1 len=21 (1 cp: U+28BF)
    0x13, 0x03, 0x81, 0x03, // off=0x365A start=19 len=3 (1 cp: U+28C0)
    0x01, 0x15, 0x81, 0x05, 0x8D, 0x00, 0x81, 0x03, // off=0x365E start=1 len=21 (1 cp: U+28C1)
    0x07, 0x0F, 0x81, 0x05, 0x87, 0x00, 0x81, 0x03, // off=0x3666 start=7 len=15 (1 cp: U+28C2)
    0x01, 0x15, 0x81, 0x05, 0x81, 0x00, 0x81, 0x05, 0x87, 0x00, 0x81, 0x03, // off=0x366E start=1 len=21 (1 cp: U+28C3)
    0x0D, 0x09, 0x81, 0x05, 0x81, 0x00, 0x81, 0x03, // off=0x367A start=13 len=9 (1 cp: U+28C4)
    0x01, 0x15, 0x81, 0x05, 0x87, 0x00, 0x81, 0x05, 0x81, 0x00, 0x81, 0x03, // off=0x3682 start=1 len=21 (1 cp: U+28C5)
    0x07, 0x0F, 0x81, 0x05, 0x81, 0x00, 0x81, 0x05, 0x81, 0x00, 0x81, 0x03, // off=0x368E start=7 len=15 (1 cp: U+28C6)
    0x01, 0x15, 0x81, 0x05, 0x81, 0x00, 0x81, 0x05, 0x81, 0x00, 0x81, 0x05, 0x81, 0x00, 0x81, 0x03, // off=0x369A start=1 len=21 (1 cp: U+28C7)
    0x01, 0x15, 0x81, 0x04, 0x8D, 0x00, 0x81, 0x03, // off=0x36AA start=1 len=21 (1 cp: U+28C8)
    0x01, 0x15, 0x81, 0x03, 0x8D, 0x00, 0x81, 0x03, // off=0x36B2 start=1 len=21 (1 cp: U+28C9)
    0x01, 0x15, 0x81, 0x04, 0x81, 0x00, 0x81, 0x05, 0x87, 0x00, 0x81, 0x03, // off=0x36BA start=1 len=21 (1 cp: U+28CA)
    0x01, 0x15, 0x81, 0x03, 0x81, 0x00, 0x81, 0x05, 0x87, 0x00, 0x81, 0x03, // off=0x36C6 start=1 len=21 (1 cp: U+28CB)
    0x01, 0x15, 0x81, 0x04, 0x87, 0x00, 0x81, 0x05, 0x81, 0x00, 0x81, 0x03, // off=0x36D2 start=1 len=21 (1 cp: U+28CC)
    0x01, 0x15, 0x81, 0x03, 0x87, 0x00, 0x81, 0x05, 0x81, 0x00, 0x81, 0x03, // off=0x36DE start=1 len=21 (1 cp: U+28CD)
    0x01, 0x15, 0x81, 0x04, 0x81, 0x00, 0x81, 0x05, 0x81, 0x00, 0x81, 0x05, 0x81, 0x00, 0x81, 0x03, // off=0x36EA start=1 len=21 (1 cp: U+28CE)
    0x01, 0x15, 0x81, 0x03, 0x81, 0x00, 0x81, 0x05, 0x81, 0x00, 0x81, 0x05, 0x81, 0x00, 0x81, 0x03, // off=0x36FA start=1 len=21 (1 cp: U+28CF)
    0x07, 0x0F, 0x81, 0x04, 0x87, 0x00, 0x81, 0x03, // off=0x370A start=7 len=15 (1 cp: U+28D0)
    0x01, 0x15, 0x81, 0x05, 0x81, 0x00, 0x81, 0x04, 0x87, 0x00, 0x81, 0x03, // off=0x3712 start=1 len=21 (1 cp: U+28D1)
    0x07, 0x0F, 0x81, 0x03, 0x87, 0x00, 0x81, 0x03, // off=0x371E start=7 len=15 (1 cp: U+28D2)
    0x01, 0x15, 0x81, 0x05, 0x81, 0x00, 0x81, 0x03, 0x87, 0x00, 0x81, 0x03, // off=0x3726 start=1 len=21 (1 cp: U+28D3)
    0x07, 0x0F, 0x81, 0x04, 0x81, 0x00, 0x81, 0x05, 0x81, 0x00, 0x81, 0x03, // off=0x3732 start=7 len=15 (1 cp: U+28D4)
    0x01, 0x15, 0x81, 0x05, 0x81, 0x00, 0x81, 0x04, 0x81, 0x00, 0x81, 0x05, 0x81, 0x00, 0x81, 0x03, // off=0x373E start=1 len=21 (1 cp: U+28D5)
    0x07, 0x0F, 0x81, 0x03, 0x81, 0x00, 0x81, 0x05, 0x81, 0x00, 0x81, 0x03, // off=0x374E start=7 len=15 (1 cp: U+28D6)
    0x01, 0x15, 0x81, 0x05, 0x81, 0x00, 0x81, 0x03, 0x81, 0x00, 0x81, 0x05, 0x81, 0x00, 0x81, 0x03, // off=0x375A start=1 len=21 (1 cp: U+28D7)
    0x01, 0x15, 0x81, 0x04, 0x81, 0x00, 0x81, 0x04, 0x87, 0x00, 0x81, 0x03, // off=0x376A start=1 len=21 (1 cp: U+28D8)
    0x01, 0x15, 0x81, 0x03, 0x81, 0x00, 0x81, 0x04, 0x87, 0x00, 0x81, 0x03, // off=0x3776 start=1 len=21 (1 cp: U+28D9)
    0x01, 0x15, 0x81, 0x04, 0x81, 0x00, 0x81, 0x03, 0x87, 0x00, 0x81, 0x03, // off=0x3782 start=1 len=21 (1 cp: U+28DA)
    0x01, 0x15, 0x81, 0x03, 0x81, 0x00, 0x81, 0x03, 0x87, 0x00, 0x81, 0x03, // off=0x378E start=1 len=21 (1 cp: U+28DB)
    0x01, 0x15, 0x81, 0x04, 0x81, 0x00, 0x81, 0x04, 0x81, 0x00, 0x81, 0x05, 0x81, 0x00, 0x81, 0x03, // off=0x379A start=1 len=21 (1 cp: U+28DC)
    0x01, 0x15, 0x81, 0x03, 0x81, 0x00, 0x81, 0x04, 0x81, 0x00, 0x81, 0x05, 0x81, 0x00, 0x81, 0x03, // off=0x37AA start=1 len=21 (1 cp: U+28DD)
    0x01, 0x15, 0x81, 0x04, 0x81, 0x00, 0x81, 0x03, 0x81, 0x00, 0x81, 0x05, 0x81, 0x00, 0x81, 0x03, // off=0x37BA start=1 len=21 (1 cp: U+28DE)
    0x01, 0x15, 0x81, 0x03, 0x81, 0x00, 0x81, 0x03, 0x81, 0x00, 0x81, 0x05, 0x81, 0x00, 0x81, 0x03, // off=0x37CA start=1 len=21 (1 cp: U+28DF)
    0x0D, 0x09, 0x81, 0x04, 0x81, 0x00, 0x81, 0x03, // off=0x37DA start=13 len=9 (1 cp: U+28E0)
    0x01, 0x15, 0x81, 0x05, 0x87, 0x00, 0x81, 0x04, 0x81, 0x00, 0x81, 0x03, // off=0x37E2 start=1 len=21 (1 cp: U+28E1)
    0x07, 0x0F, 0x81, 0x05, 0x81, 0x00, 0x81, 0x04, 0x81, 0x00, 0x81, 0x03, // off=0x37EE start=7 len=15 (1 cp: U+28E2)
    0x01, 0x15, 0x81, 0x05, 0x81, 0x00, 0x81, 0x05, 0x81, 0x00, 0x81, 0x04, 0x81, 0x00, 0x81, 0x03, // off=0x37FA start=1 len=21 (1 cp: U+28E3)
    0x0D, 0x09, 0x81, 0x03, 0x81, 0x00, 0x81, 0x03, // off=0x380A start=13 len=9 (1 cp: U+28E4)
    0x01, 0x15, 0x81, 0x05, 0x87, 0x00, 0x81, 0x03, 0x81, 0x00, 0x81, 0x03, // off=0x3812 start=1 len=21 (1 cp: U+28E5)
    0x07, 0x0F, 0x81, 0x05, 0x81, 0x00, 0x81, 0x03, 0x81, 0x00, 0x81, 0x03, // off=0x381E start=7 len=15 (1 cp: U+28E6)
    0x01, 0x15, 0x81, 0x05, 0x81, 0x00, 0x81, 0x05, 0x81, 0x00, 0x81, 0x03, 0x81, 0x00, 0x81, 0x03, // off=0x382A start=1 len=21 (1 cp: U+28E7)
    0x01, 0x15, 0x81, 0x04, 0x87, 0x00, 0x81, 0x04, 0x81, 0x00, 0x81, 0x03, // off=0x383A start=1 len=21 (1 cp: U+28E8)
    0x01, 0x15, 0x81, 0x03, 0x87, 0x00, 0x81, 0x04, 0x81, 0x00, 0x81, 0x03, // off=0x3846 start=1 len=21 (1 cp: U+28E9)
    0x01, 0x15, 0x81, 0x04, 0x81, 0x00, 0x81, 0x05, 0x81, 0x00, 0x81, 0x04, 0x81, 0x00, 0x81, 0x03, // off=0x3852 start=1 len=21 (1 cp: U+28EA)
    0x01, 0x15, 0x81, 0x03, 0x81, 0x00, 0x81, 0x05, 0x81, 0x00, 0x81, 0x04, 0x81, 0x00, 0x81, 0x03, // off=0x3862 start=1 len=21 (1 cp: U+28EB)
    0x01, 0x15, 0x81, 0x04, 0x87, 0x00, 0x81, 0x03, 0x81, 0x00, 0x81, 0x03, // off=0x3872 start=1 len=21 (1 cp: U+28EC)
    0x01, 0x15, 0x81, 0x03, 0x87, 0x00, 0x81, 0x03, 0x81, 0x00, 0x81, 0x03, // off=0x387E start=1 len=21 (1 cp: U+28ED)
    0x01, 0x15, 0x81, 0x04, 0x81, 0x00, 0x81, 0x05, 0x81, 0x00, 0x81, 0x03, 0x81, 0x00, 0x81, 0x03, // off=0x388A start=1 len=21 (1 cp: U+28EE)
    0x01, 0x15, 0x81, 0x03, 0x81, 0x00, 0x81, 0x05, 0x81, 0x00, 0x81, 0x03, 0x81, 0x00, 0x81, 0x03, // off=0x389A start=1 len=21 (1 cp: U+28EF)
    0x07, 0x0F, 0x81, 0x04, 0x81, 0x00, 0x81, 0x04, 0x81, 0x00, 0x81, 0x03, // off=0x38AA start=7 len=15 (1 cp: U+28F0)
    0x01, 0x15, 0x81, 0x05, 0x81, 0x00, 0x81, 0x04, 0x81, 0x00, 0x81, 0x04, 0x81, 0x00, 0x81, 0x03, // off=0x38B6 start=1 len=21 (1 cp: U+28F1)
    0x07, 0x0F, 0x81, 0x03, 0x81, 0x00, 0x81, 0x04, 0x81, 0x00, 0x81, 0x03, // off=0x38C6 start=7 len=15 (1 cp: U+28F2)
    0x01, 0x15, 0x81, 0x05, 0x81, 0x00, 0x81, 0x03, 0x81, 0x00, 0x81, 0x04, 0x81, 0x00, 0x81, 0x03, // off=0x38D2 start=1 len=21 (1 cp: U+28F3)
    0x07, 0x0F, 0x81, 0x04, 0x81, 0x00, 0x81, 0x03, 0x81, 0x00, 0x81, 0x03, // off=0x38E2 start=7 len=15 (1 cp: U+28F4)
    0x01, 0x15, 0x81, 0x05, 0x81, 0x00, 0x81, 0x04, 0x81, 0x00, 0x81, 0x03, 0x81, 0x00, 0x81, 0x03, // off=0x38EE start=1 len=21 (1 cp: U+28F5)
    0x07, 0x0F, 0x81, 0x03, 0x81, 0x00, 0x81, 0x03, 0x81, 0x00, 0x81, 0x03, // off=0x38FE start=7 len=15 (1 cp: U+28F6)
    0x01, 0x15, 0x81, 0x05, 0x81, 0x00, 0x81, 0x03, 0x81, 0x00, 0x81, 0x03, 0x81, 0x00, 0x81, 0x03, // off=0x390A start=1 len=21 (1 cp: U+28F7)
    0x01, 0x15, 0x81, 0x04, 0x81, 0x00, 0x81, 0x04, 0x81, 0x00, 0x81, 0x04, 0x81, 0x00, 0x81, 0x03, // off=0x391A start=1 len=21 (1 cp: U+28F8)
    0x01, 0x15, 0x81, 0x03, 0x81, 0x00, 0x81, 0x04, 0x81, 0x00, 0x81, 0x04, 0x81, 0x00, 0x81, 0x03, // off=0x392A start=1 len=21 (1 cp: U+28F9)
    0x01, 0x15, 0x81, 0x04, 0x81, 0x00, 0x81, 0x03, 0x81, 0x00, 0x81, 0x04, 0x81, 0x00, 0x81, 0x03, // off=0x393A start=1 len=21 (1 cp: U+28FA)
    0x01, 0x15, 0x81, 0x03, 0x81, 0x00, 0x81, 0x03, 0x81, 0x00, 0x81, 0x04, 0x81, 0x00, 0x81, 0x03, // off=0x394A start=1 len=21 (1 cp: U+28FB)
    0x01, 0x15, 0x81, 0x04, 0x81, 0x00, 0x81, 0x04, 0x81, 0x00, 0x81, 0x03, 0x81, 0x00, 0x81, 0x03, // off=0x395A start=1 len=21 (1 cp: U+28FC)
    0x01, 0x15, 0x81, 0x03, 0x81, 0x00, 0x81, 0x04, 0x81, 0x00, 0x81, 0x03, 0x81, 0x00, 0x81, 0x03, // off=0x396A start=1 len=21 (1 cp: U+28FD)
    0x01, 0x15, 0x81, 0x04, 0x81, 0x00, 0x81, 0x03, 0x81, 0x00, 0x81, 0x03, 0x81, 0x00, 0x81, 0x03, // off=0x397A start=1 len=21 (1 cp: U+28FE)
    0x01, 0x15, 0x81, 0x03, 0x81, 0x00, 0x81, 0x03, 0x81, 0x00, 0x81, 0x03, 0x81, 0x00, 0x81, 0x03, // off=0x398A start=1 len=21 (1 cp: U+28FF)
    0x08, 0x0A, 0x81, 0x02, 0x82, 0x00, 0x81, 0x02, // off=0x399A start=8 len=10 (1 cp: U+2E2C)
    0x00, 0x18, 0x05, 0x06, 0x06, 0x21, 0xAB, 0xE9, 0x51, 0x83, 0x21, 0x04, 0x44, 0x01, 0x0E, 0x16, 0x05, 0x86, 0x06, // off=0x39A2 start=0 len=24 (1 cp: U+E0A0)
    0x03, 0x12, 0x85, 0x06, 0x0A, 0x66, 0x00, 0x00, 0x52, 0x52, 0xFF, 0xC4, 0x00, 0xFF, 0xA4, 0x00, 0xFF, 0x94, 0x00, 0xFF, 0x8C, 0x00, 0x52, 0x52, // off=0x39B5 start=3 len=18 (1 cp: U+E0A1)
    0x03, 0x11, 0x00, 0x09, 0x84, 0x03, 0x06, 0x11, 0x2E, 0x2E, 0x95, 0x7F, 0x7F, 0x95, 0x81, 0x2E, // off=0x39CD start=3 len=17 (1 cp: U+E0A2)
    0x00, 0x18, 0x17, 0x26, 0x68, 0x3A, 0x3B, 0xBD, 0x15, 0x2B, 0x80, 0x42, 0x37, 0x2E, 0x0D, 0x0D, 0x2E, 0x37, 0x42, 0x80, 0x2B, 0x15, 0xBD, 0x3B, 0x3A, 0x68, 0x26, // off=0x39DD start=0 len=24 (1 cp: U+E0B0)
    0x00, 0x18, 0x17, 0x26, 0x06, 0x05, 0x16, 0x0E, 0x01, 0x0F, 0x10, 0x04, 0x08, 0x1D, 0x69, 0x69, 0x1D, 0x08, 0x04, 0x10, 0x0F, 0x01, 0x0E, 0x16, 0x05, 0x06, 0x26, // off=0x39F8 start=0 len=24 (1 cp: U+E0B1)
    0x00, 0x18, 0x17, 0x69, 0x9F, 0xA0, 0xA1, 0xD6, 0x1A, 0x2C, 0x74, 0xE1, 0x87, 0xF8, 0x0D, 0x0D, 0xF8, 0x87, 0xE1, 0x74, 0x2C, 0x1A, 0xD6, 0xA1, 0xA0, 0x9F, 0x69, // off=0x3A13 start=0 len=24 (1 cp: U+E0B2)
    0x00, 0x18, 0x17, 0x69, 0x1D, 0x08, 0x04, 0x10, 0x0F, 0x01, 0x0E, 0x16, 0x05, 0x06, 0x26, 0x26, 0x06, 0x05, 0x16, 0x0E, 0x01, 0x0F, 0x10, 0x04, 0x08, 0x1D, 0x69, // off=0x3A2E start=0 len=24 (1 cp: U+E0B3)
    0x04, 0x0F, 0x00, 0x11, 0x8B, 0x02, 0x00, 0x11, // off=0x3A49 start=4 len=15 (1 cp: U+FFFD)
};

const uint16_t terminus12x24_pool_bytes = 14929;

const uint16_t terminus12x24_palette[] = {
    0x0000, 0x0040, 0x0404, 0x0208, 0x0008, 0x0200, 0x0400, 0x0060, // idx 0x00
    0x0004, 0x01F0, 0x0090, 0x0110, 0x0444, 0x0FFF, 0x0080, 0x0020, // idx 0x08
    0x0010, 0x07FC, 0x0204, 0x0408, 0x0108, 0x0FC0, 0x0100, 0x00A0, // idx 0x10
    0x03F8, 0x07F0, 0x003F, 0x00C0, 0x0402, 0x0002, 0x01FC, 0x00F0, // idx 0x18
    0x0606, 0x0410, 0x0840, 0x0440, 0x0248, 0x01F8, 0x0800, 0x00E0, // idx 0x20
    0x0202, 0x0044, 0x03F0, 0x0FE0, 0x007F, 0x0088, 0x0FFE, 0x0030, // idx 0x28
    0x0504, 0x0600, 0x0C06, 0x0180, 0x0AAA, 0x0220, 0x030C, 0x0FFC, // idx 0x30
    0x0500, 0x060C, 0x0E00, 0x0F00, 0x0018, 0x0104, 0x01C0, 0x0480, // idx 0x38
    0x0424, 0x0484, 0x0FF8, 0x0210, 0x0420, 0x0150, 0x0842, 0x0CC6, // idx 0x40
    0x0414, 0x0C30, 0x0318, 0x040C, 0x0442, 0x0604, 0x050A, 0x020C, // idx 0x48
    0x0240, 0x0492, 0x0084, 0x01F4, 0x0230, 0x0300, 0x0038, 0x0188, // idx 0x50
    0x0198, 0x0380, 0x03FC, 0x07FE, 0x0042, 0x00FC, 0x0412, 0x0070, // idx 0x58
    0x000C, 0x007C, 0x047C, 0x0555, 0x0006, 0x0022, 0x07E0, 0x0802, // idx 0x60
    0x0C00, 0x0001, 0x00F8, 0x0462, 0x07C2, 0x003C, 0x0140, 0x03C0, // idx 0x68
    0x0660, 0x0C63, 0x0014, 0x0050, 0x00FF, 0x0102, 0x01E0, 0x01FE, // idx 0x70
    0x03FE, 0x0406, 0x07F8, 0x0878, 0x0B1A, 0x0C60, 0x0C66, 0x0E0E, // idx 0x78
    0x0FF0, 0x000E, 0x0048, 0x0082, 0x0244, 0x0330, 0x03E0, 0x03FF, // idx 0x80
    0x0482, 0x07BC, 0x087E, 0x00CC, 0x01E6, 0x0280, 0x0540, 0x0666, // idx 0x88
    0x0820, 0x0844, 0x0C36, 0x0C7C, 0x0DB6, 0x0F1E, 0x0024, 0x0063, // idx 0x90
    0x0066, 0x009F, 0x00C6, 0x00FE, 0x0422, 0x063E, 0x0F90, 0x0003, // idx 0x98
    0x0007, 0x000F, 0x0028, 0x0120, 0x01B0, 0x021C, 0x0294, 0x0306, // idx 0xA0
    0x0308, 0x0336, 0x03B8, 0x0438, 0x043C, 0x043E, 0x0448, 0x0520, // idx 0xA8
    0x05F0, 0x0608, 0x0618, 0x0630, 0x0700, 0x071C, 0x0784, 0x07C0, // idx 0xB0
    0x0801, 0x0804, 0x0E07, 0x0EF7, 0x0F0F, 0x0F80, 0x0F9F, 0x0FC6, // idx 0xB8
    0x0012, 0x0041, 0x007E, 0x0222, 0x0224, 0x0384, 0x0446, 0x0508, // idx 0xC0
    0x0706, 0x0780, 0x0808, 0x0810, 0x087C, 0x0880, 0x09F2, 0x0C04, // idx 0xC8
    0x0C46, 0x0CC0, 0x0CE6, 0x0FC4, 0x000A, 0x001E, 0x001F, 0x003E, // idx 0xD0
    0x0078, 0x00C2, 0x00CE, 0x0118, 0x0144, 0x0184, 0x018C, 0x019E, // idx 0xD8
    0x01F2, 0x01FF, 0x0228, 0x0310, 0x0340, 0x0358, 0x0360, 0x041F, // idx 0xE0
    0x0450, 0x0454, 0x047E, 0x0488, 0x0490, 0x04A4, 0x04F2, 0x0502, // idx 0xE8
    0x0510, 0x0514, 0x0544, 0x0580, 0x05F2, 0x061C, 0x0702, 0x075C, // idx 0xF0
    0x07FF, 0x0860, 0x0920, 0x09B2, 0x09F0, 0x0B02, 0x0BF2, // idx 0xF8
};

const uint16_t terminus12x24_palette_len = 255;

static const uint16_t font_idx_0000_0000[] = {
    0x0000, // U+0000
};

static const uint16_t font_idx_0020_007E[] = {
    0x0010, // U+0020
    0x0012, // U+0021
    0x001A, // U+0022
    0x001E, // U+0023
    0x002A, // U+0024
    0x003E, // U+0025
    0x0053, // U+0026
    0x0068, // U+0027
    0x006C, // U+0028
    0x007A, // U+0029
    0x0088, // U+002A
    0x0094, // U+002B
    0x009C, // U+002C
    0x00A2, // U+002D
    0x00A6, // U+002E
    0x00AA, // U+002F
    0x00BA, // U+0030
    0x00CC, // U+0031
    0x00D7, // U+0032
    0x00E9, // U+0033
    0x00FB, // U+0034
    0x010C, // U+0035
    0x011B, // U+0036
    0x012A, // U+0037
    0x0139, // U+0038
    0x0149, // U+0039
    0x0158, // U+003A
    0x0160, // U+003B
    0x016A, // U+003C
    0x017C, // U+003D
    0x0184, // U+003E
    0x0196, // U+003F
    0x01A7, // U+0040
    0x01B9, // U+0041
    0x01C4, // U+0042
    0x01D4, // U+0043
    0x01E2, // U+0044
    0x01EC, // U+0045
    0x01F8, // U+0046
    0x0202, // U+0047
    0x0212, // U+0048
    0x021A, // U+0049
    0x0222, // U+004A
    0x022D, // U+004B
    0x023F, // U+004C
    0x0245, // U+004D
    0x0251, // U+004E
    0x025F, // U+004F
    0x0269, // U+0050
    0x0275, // U+0051
    0x0282, // U+0052
    0x0293, // U+0053
    0x02A5, // U+0054
    0x02AB, // U+0055
    0x02B2, // U+0056
    0x02BE, // U+0057
    0x02CA, // U+0058
    0x02DC, // U+0059
    0x02E8, // U+005A
    0x02FA, // U+005B
    0x0302, // U+005C
    0x0312, // U+005D
    0x031A, // U+005E
    0x0322, // U+005F
    0x0326, // U+0060
    0x032C, // U+0061
    0x033A, // U+0062
    0x0346, // U+0063
    0x0352, // U+0064
    0x035E, // U+0065
    0x036C, // U+0066
    0x0376, // U+0067
    0x0384, // U+0068
    0x038D, // U+0069
    0x0398, // U+006A
    0x03A6, // U+006B
    0x03B6, // U+006C
    0x03BE, // U+006D
    0x03C5, // U+006E
    0x03CC, // U+006F
    0x03D6, // U+0070
    0x03E2, // U+0071
    0x03EE, // U+0072
    0x03F7, // U+0073
    0x0405, // U+0074
    0x040F, // U+0075
    0x0416, // U+0076
    0x0422, // U+0077
    0x042A, // U+0078
    0x0438, // U+0079
    0x0443, // U+007A
    0x0451, // U+007B
    0x045F, // U+007C
    0x0463, // U+007D
    0x0471, // U+007E
};

static const uint16_t font_idx_00A0_017F[] = {
    0x0010, // U+00A0
    0x0478, // U+00A1
    0x0480, // U+00A2
    0x0490, // U+00A3
    0x04A0, // U+00A4
    0x04AC, // U+00A5
    0x04BE, // U+00A6
    0x04C6, // U+00A7
    0x04D8, // U+00A8
    0x04DC, // U+00A9
    0x04EB, // U+00AA
    0x04F8, // U+00AB
    0x0506, // U+00AC
    0x050C, // U+00AD
    0x0510, // U+00AE
    0x0523, // U+00AF
    0x0527, // U+00B0
    0x052F, // U+00B1
    0x053B, // U+00B2
    0x0547, // U+00B3
    0x0553, // U+00B4
    0x0559, // U+00B5
    0x0565, // U+00B6
    0x0571, // U+00B7
    0x0575, // U+00B8
    0x057B, // U+00B9
    0x0585, // U+00BA
    0x0591, // U+00BB
    0x059F, // U+00BC
    0x05B3, // U+00BD
    0x05C9, // U+00BE
    0x05E3, // U+00BF
    0x05F4, // U+00C0
    0x0603, // U+00C1
    0x0612, // U+00C2
    0x0621, // U+00C3
    0x0630, // U+00C4
    0x063E, // U+00C5
    0x064D, // U+00C6
    0x065A, // U+00C7
    0x066C, // U+00C8
    0x067C, // U+00C9
    0x068C, // U+00CA
    0x069C, // U+00CB
    0x06AB, // U+00CC
    0x06B7, // U+00CD
    0x06C3, // U+00CE
    0x06CF, // U+00CF
    0x06DA, // U+00D0
    0x06E8, // U+00D1
    0x06FB, // U+00D2
    0x0709, // U+00D3
    0x0717, // U+00D4
    0x0725, // U+00D5
    0x0733, // U+00D6
    0x0740, // U+00D7
    0x074C, // U+00D8
    0x075E, // U+00D9
    0x076A, // U+00DA
    0x0776, // U+00DB
    0x0782, // U+00DC
    0x078D, // U+00DD
    0x079E, // U+00DE
    0x07AC, // U+00DF
    0x07BF, // U+00E0
    0x07D1, // U+00E1
    0x07E3, // U+00E2
    0x07F5, // U+00E3
    0x0807, // U+00E4
    0x0818, // U+00E5
    0x082A, // U+00E6
    0x0838, // U+00E7
    0x0848, // U+00E8
    0x085A, // U+00E9
    0x086C, // U+00EA
    0x087E, // U+00EB
    0x088F, // U+00EC
    0x089B, // U+00ED
    0x08A7, // U+00EE
    0x08B3, // U+00EF
    0x08BE, // U+00F0
    0x08CE, // U+00F1
    0x08D9, // U+00F2
    0x08E7, // U+00F3
    0x08F5, // U+00F4
    0x0903, // U+00F5
    0x0911, // U+00F6
    0x091E, // U+00F7
    0x092A, // U+00F8
    0x0938, // U+00F9
    0x0944, // U+00FA
    0x0950, // U+00FB
    0x095C, // U+00FC
    0x0967, // U+00FD
    0x0977, // U+00FE
    0x0985, // U+00FF
    0x0994, // U+0100
    0x09A2, // U+0101
    0x09B3, // U+0102
    0x09C2, // U+0103
    0x09D4, // U+0104
    0x09E4, // U+0105
    0x09F6, // U+0106
    0x0A08, // U+0107
    0x0A18, // U+0108
    0x0A2A, // U+0109
    0x0A3A, // U+010A
    0x0A4B, // U+010B
    0x0A5A, // U+010C
    0x0A6C, // U+010D
    0x0A7C, // U+010E
    0x0A8A, // U+010F
    0x06DA, // U+0110
    0x0A9B, // U+0111
    0x0AA9, // U+0112
    0x0AB8, // U+0113
    0x0AC9, // U+0114
    0x0AD9, // U+0115
    0x0AEB, // U+0116
    0x0AFA, // U+0117
    0x0B0B, // U+0118
    0x0B1B, // U+0119
    0x0B2D, // U+011A
    0x0B3D, // U+011B
    0x0B4F, // U+011C
    0x0B63, // U+011D
    0x0B75, // U+011E
    0x0B89, // U+011F
    0x0B9B, // U+0120
    0x0BAE, // U+0121
    0x0BBF, // U+0122
    0x0BD4, // U+0123
    0x0BE7, // U+0124
    0x0BF4, // U+0125
    0x0C02, // U+0126
    0x0C0E, // U+0127
    0x0C19, // U+0128
    0x0C25, // U+0129
    0x0C31, // U+012A
    0x0C3C, // U+012B
    0x0C47, // U+012C
    0x0C53, // U+012D
    0x0C5F, // U+012E
    0x0C6B, // U+012F
    0x0C7A, // U+0130
    0x0C85, // U+0131
    0x0C8D, // U+0132
    0x0C99, // U+0133
    0x0CA8, // U+0134
    0x0CB7, // U+0135
    0x0CC6, // U+0136
    0x0CDD, // U+0137
    0x0CF2, // U+0138
    0x0D00, // U+0139
    0x0D0B, // U+013A
    0x0D17, // U+013B
    0x0D22, // U+013C
    0x0D2F, // U+013D
    0x0D3A, // U+013E
    0x0D46, // U+013F
    0x0D50, // U+0140
    0x0D5C, // U+0141
    0x0D6C, // U+0142
    0x0D7C, // U+0143
    0x0D8F, // U+0144
    0x0D9A, // U+0145
    0x0DAE, // U+0146
    0x0DBB, // U+0147
    0x0DCE, // U+0148
    0x0DD9, // U+0149
    0x0DE4, // U+014A
    0x0DF7, // U+014B
    0x0E03, // U+014C
    0x0E10, // U+014D
    0x0E1D, // U+014E
    0x0E2B, // U+014F
    0x0E39, // U+0150
    0x0E47, // U+0151
    0x0E55, // U+0152
    0x0E63, // U+0153
    0x0E71, // U+0154
    0x0E86, // U+0155
    0x0E93, // U+0156
    0x0EA9, // U+0157
    0x0EB8, // U+0158
    0x0ECD, // U+0159
    0x0EDA, // U+015A
    0x0EF0, // U+015B
    0x0F02, // U+015C
    0x0F18, // U+015D
    0x0F2A, // U+015E
    0x0F40, // U+015F
    0x0F52, // U+0160
    0x0F68, // U+0161
    0x0F7A, // U+0162
    0x0F84, // U+0163
    0x0F92, // U+0164
    0x0F9C, // U+0165
    0x0FAB, // U+0166
    0x0FB5, // U+0167
    0x0FC2, // U+0168
    0x0FCE, // U+0169
    0x0FDA, // U+016A
    0x0FE5, // U+016B
    0x0FF0, // U+016C
    0x0FFC, // U+016D
    0x1008, // U+016E
    0x1014, // U+016F
    0x1020, // U+0170
    0x102C, // U+0171
    0x1038, // U+0172
    0x1043, // U+0173
    0x104E, // U+0174
    0x105F, // U+0175
    0x106C, // U+0176
    0x107D, // U+0177
    0x108D, // U+0178
    0x109D, // U+0179
    0x10B3, // U+017A
    0x10C5, // U+017B
    0x10DA, // U+017C
    0x10EB, // U+017D
    0x1101, // U+017E
    0x1113, // U+017F
};

static const uint16_t font_idx_0186_0186[] = {
    0x1119, // U+0186
};

static const uint16_t font_idx_018E_0192[] = {
    0x1127, // U+018E
    0x1133, // U+018F
    0x1142, // U+0190
    0x0196, // U+0191
    0x1154, // U+0192
};

static const uint16_t font_idx_019D_019E[] = {
    0x1164, // U+019D
    0x1176, // U+019E
};

static const uint16_t font_idx_01B5_01B7[] = {
    0x117F, // U+01B5
    0x1191, // U+01B6
    0x119F, // U+01B7
};

static const uint16_t font_idx_01CD_01D4[] = {
    0x11B0, // U+01CD
    0x11BF, // U+01CE
    0x11D1, // U+01CF
    0x11DD, // U+01D0
    0x11E9, // U+01D1
    0x11F7, // U+01D2
    0x1205, // U+01D3
    0x1211, // U+01D4
};

static const uint16_t font_idx_01E2_01F5[] = {
    0x121D, // U+01E2
    0x122D, // U+01E3
    0x123E, // U+01E4
    0x1250, // U+01E5
    0x1262, // U+01E6
    0x1276, // U+01E7
    0x1288, // U+01E8
    0x129E, // U+01E9
    0x12B3, // U+01EA
    0x12C1, // U+01EB
    0x12CF, // U+01EC
    0x12E0, // U+01ED
    0x12F1, // U+01EE
    0x1306, // U+01EF
    0x131B, // U+01F0
    0x0196, // U+01F1
    0x0196, // U+01F2
    0x0196, // U+01F3
    0x132A, // U+01F4
    0x133E, // U+01F5
};

static const uint16_t font_idx_01FC_01FF[] = {
    0x1350, // U+01FC
    0x1361, // U+01FD
    0x1373, // U+01FE
    0x1389, // U+01FF
};

static const uint16_t font_idx_0218_021B[] = {
    0x139B, // U+0218
    0x13B2, // U+0219
    0x13C5, // U+021A
    0x13D1, // U+021B
};

static const uint16_t font_idx_0232_0237[] = {
    0x13E0, // U+0232
    0x13F0, // U+0233
    0x0196, // U+0234
    0x0196, // U+0235
    0x0196, // U+0236
    0x13FF, // U+0237
};

static const uint16_t font_idx_0254_025B[] = {
    0x140A, // U+0254
    0x0196, // U+0255
    0x0196, // U+0256
    0x0196, // U+0257
    0x1416, // U+0258
    0x1424, // U+0259
    0x0196, // U+025A
    0x1432, // U+025B
};

static const uint16_t font_idx_0272_0272[] = {
    0x1440, // U+0272
};

static const uint16_t font_idx_0292_0292[] = {
    0x144B, // U+0292
};

static const uint16_t font_idx_02BB_02BD[] = {
    0x145C, // U+02BB
    0x1462, // U+02BC
    0x1468, // U+02BD
};

static const uint16_t font_idx_02C6_02C7[] = {
    0x146E, // U+02C6
    0x1474, // U+02C7
};

static const uint16_t font_idx_02D8_02DD[] = {
    0x147A, // U+02D8
    0x1480, // U+02D9
    0x0196, // U+02DA
    0x1484, // U+02DB
    0x148B, // U+02DC
    0x1491, // U+02DD
};

static const uint16_t font_idx_0300_030C[] = {
    0x1497, // U+0300
    0x0553, // U+0301
    0x146E, // U+0302
    0x148B, // U+0303
    0x0523, // U+0304
    0x149D, // U+0305
    0x147A, // U+0306
    0x1480, // U+0307
    0x04D8, // U+0308
    0x0196, // U+0309
    0x14A1, // U+030A
    0x1491, // U+030B
    0x1474, // U+030C
};

static const uint16_t font_idx_0329_0329[] = {
    0x14A8, // U+0329
};

static const uint16_t font_idx_0384_03D5[] = {
    0x14AC, // U+0384
    0x14B2, // U+0385
    0x14BB, // U+0386
    0x14C9, // U+0387
    0x14CD, // U+0388
    0x14DC, // U+0389
    0x14E8, // U+038A
    0x0196, // U+038B
    0x14F3, // U+038C
    0x0196, // U+038D
    0x1500, // U+038E
    0x1510, // U+038F
    0x151F, // U+0390
    0x01B9, // U+0391
    0x01C4, // U+0392
    0x152F, // U+0393
    0x1535, // U+0394
    0x01EC, // U+0395
    0x02E8, // U+0396
    0x0212, // U+0397
    0x1543, // U+0398
    0x021A, // U+0399
    0x022D, // U+039A
    0x1553, // U+039B
    0x0245, // U+039C
    0x0251, // U+039D
    0x155F, // U+039E
    0x025F, // U+039F
    0x156B, // U+03A0
    0x0269, // U+03A1
    0x0196, // U+03A2
    0x1571, // U+03A3
    0x02A5, // U+03A4
    0x02DC, // U+03A5
    0x1583, // U+03A6
    0x02CA, // U+03A7
    0x158F, // U+03A8
    0x1598, // U+03A9
    0x06CF, // U+03AA
    0x108D, // U+03AB
    0x15A4, // U+03AC
    0x15B2, // U+03AD
    0x15C4, // U+03AE
    0x15D1, // U+03AF
    0x15DD, // U+03B0
    0x15ED, // U+03B1
    0x15F7, // U+03B2
    0x1609, // U+03B3
    0x1615, // U+03B4
    0x1432, // U+03B5
    0x1623, // U+03B6
    0x1176, // U+03B7
    0x1638, // U+03B8
    0x1646, // U+03B9
    0x0CF2, // U+03BA
    0x164E, // U+03BB
    0x0559, // U+03BC
    0x0416, // U+03BD
    0x165E, // U+03BE
    0x03CC, // U+03BF
    0x1672, // U+03C0
    0x1678, // U+03C1
    0x1684, // U+03C2
    0x1693, // U+03C3
    0x169E, // U+03C4
    0x16A6, // U+03C5
    0x16AD, // U+03C6
    0x16BA, // U+03C7
    0x16CC, // U+03C8
    0x16D5, // U+03C9
    0x16DF, // U+03CA
    0x16EA, // U+03CB
    0x08E7, // U+03CC
    0x16F5, // U+03CD
    0x1701, // U+03CE
    0x0196, // U+03CF
    0x0196, // U+03D0
    0x170F, // U+03D1
    0x0196, // U+03D2
    0x0196, // U+03D3
    0x0196, // U+03D4
    0x1723, // U+03D5
};

static const uint16_t font_idx_03F0_03F6[] = {
    0x1731, // U+03F0
    0x1741, // U+03F1
    0x0346, // U+03F2
    0x0398, // U+03F3
    0x174F, // U+03F4
    0x175D, // U+03F5
    0x176B, // U+03F6
};

static const uint16_t font_idx_0400_0463[] = {
    0x066C, // U+0400
    0x069C, // U+0401
    0x1779, // U+0402
    0x1787, // U+0403
    0x1791, // U+0404
    0x0293, // U+0405
    0x021A, // U+0406
    0x06CF, // U+0407
    0x0222, // U+0408
    0x17A1, // U+0409
    0x17B0, // U+040A
    0x17BC, // U+040B
    0x17C7, // U+040C
    0x17DD, // U+040D
    0x17F0, // U+040E
    0x1801, // U+040F
    0x01B9, // U+0410
    0x1809, // U+0411
    0x01C4, // U+0412
    0x152F, // U+0413
    0x1817, // U+0414
    0x01EC, // U+0415
    0x1823, // U+0416
    0x00E9, // U+0417
    0x182F, // U+0418
    0x183D, // U+0419
    0x022D, // U+041A
    0x1850, // U+041B
    0x0245, // U+041C
    0x0212, // U+041D
    0x025F, // U+041E
    0x156B, // U+041F
    0x0269, // U+0420
    0x01D4, // U+0421
    0x02A5, // U+0422
    0x185A, // U+0423
    0x1866, // U+0424
    0x02CA, // U+0425
    0x1872, // U+0426
    0x187B, // U+0427
    0x1884, // U+0428
    0x188B, // U+0429
    0x1894, // U+042A
    0x18A2, // U+042B
    0x18AE, // U+042C
    0x18BA, // U+042D
    0x18CA, // U+042E
    0x18D6, // U+042F
    0x032C, // U+0430
    0x18E7, // U+0431
    0x18F6, // U+0432
    0x1906, // U+0433
    0x0376, // U+0434
    0x035E, // U+0435
    0x190C, // U+0436
    0x1918, // U+0437
    0x040F, // U+0438
    0x0FFC, // U+0439
    0x0CF2, // U+043A
    0x1926, // U+043B
    0x192F, // U+043C
    0x1939, // U+043D
    0x03CC, // U+043E
    0x1672, // U+043F
    0x03D6, // U+0440
    0x0346, // U+0441
    0x1941, // U+0442
    0x0438, // U+0443
    0x1723, // U+0444
    0x042A, // U+0445
    0x1947, // U+0446
    0x1950, // U+0447
    0x1959, // U+0448
    0x1960, // U+0449
    0x1969, // U+044A
    0x1976, // U+044B
    0x1982, // U+044C
    0x198E, // U+044D
    0x199C, // U+044E
    0x19A8, // U+044F
    0x0848, // U+0450
    0x087E, // U+0451
    0x19B5, // U+0452
    0x19C5, // U+0453
    0x19CF, // U+0454
    0x03F7, // U+0455
    0x038D, // U+0456
    0x08B3, // U+0457
    0x0398, // U+0458
    0x19DD, // U+0459
    0x19EA, // U+045A
    0x0C0E, // U+045B
    0x19F6, // U+045C
    0x0938, // U+045D
    0x1A08, // U+045E
    0x1A18, // U+045F
    0x0196, // U+0460
    0x0196, // U+0461
    0x1A20, // U+0462
    0x1A2F, // U+0463
};

static const uint16_t font_idx_046A_046B[] = {
    0x1A3F, // U+046A
    0x1A4E, // U+046B
};

static const uint16_t font_idx_0490_04A5[] = {
    0x1A5B, // U+0490
    0x1A63, // U+0491
    0x1A6B, // U+0492
    0x1A75, // U+0493
    0x1A7F, // U+0494
    0x1A8E, // U+0495
    0x1A9D, // U+0496
    0x1AAD, // U+0497
    0x1ABC, // U+0498
    0x1AD0, // U+0499
    0x1AE0, // U+049A
    0x1AF4, // U+049B
    0x1B06, // U+049C
    0x1B18, // U+049D
    0x0196, // U+049E
    0x0196, // U+049F
    0x1B26, // U+04A0
    0x1B3A, // U+04A1
    0x1B4A, // U+04A2
    0x1B56, // U+04A3
    0x1B62, // U+04A4
    0x1B6C, // U+04A5
};

static const uint16_t font_idx_04AA_04BB[] = {
    0x1B76, // U+04AA
    0x1B86, // U+04AB
    0x0196, // U+04AC
    0x0196, // U+04AD
    0x02DC, // U+04AE
    0x1609, // U+04AF
    0x1B94, // U+04B0
    0x1BA3, // U+04B1
    0x1BB2, // U+04B2
    0x1BC6, // U+04B3
    0x0196, // U+04B4
    0x0196, // U+04B5
    0x1BD6, // U+04B6
    0x1BE3, // U+04B7
    0x1BF0, // U+04B8
    0x1BFD, // U+04B9
    0x1C0A, // U+04BA
    0x1C13, // U+04BB
};

static const uint16_t font_idx_04C0_04C2[] = {
    0x021A, // U+04C0
    0x1C1C, // U+04C1
    0x1C2D, // U+04C2
};

static const uint16_t font_idx_04CF_04F9[] = {
    0x03B6, // U+04CF
    0x09B3, // U+04D0
    0x09C2, // U+04D1
    0x0630, // U+04D2
    0x0807, // U+04D3
    0x064D, // U+04D4
    0x082A, // U+04D5
    0x0AC9, // U+04D6
    0x0AD9, // U+04D7
    0x1133, // U+04D8
    0x1424, // U+04D9
    0x1C3E, // U+04DA
    0x1C50, // U+04DB
    0x1C61, // U+04DC
    0x1C71, // U+04DD
    0x1C81, // U+04DE
    0x1C96, // U+04DF
    0x0196, // U+04E0
    0x0196, // U+04E1
    0x1CA7, // U+04E2
    0x0FE5, // U+04E3
    0x1CB9, // U+04E4
    0x095C, // U+04E5
    0x0733, // U+04E6
    0x0911, // U+04E7
    0x174F, // U+04E8
    0x1CCB, // U+04E9
    0x1CD9, // U+04EA
    0x1CEA, // U+04EB
    0x1CFB, // U+04EC
    0x1D0E, // U+04ED
    0x1D1F, // U+04EE
    0x13F0, // U+04EF
    0x1D2F, // U+04F0
    0x0985, // U+04F1
    0x1D3F, // U+04F2
    0x1D50, // U+04F3
    0x1D60, // U+04F4
    0x1D6D, // U+04F5
    0x0196, // U+04F6
    0x0196, // U+04F7
    0x1D7A, // U+04F8
    0x1D8A, // U+04F9
};

static const uint16_t font_idx_05D0_05EA[] = {
    0x1D9A, // U+05D0
    0x1DAC, // U+05D1
    0x1DB5, // U+05D2
    0x1DC3, // U+05D3
    0x1DC9, // U+05D4
    0x1DD2, // U+05D5
    0x1DD9, // U+05D6
    0x1DE1, // U+05D7
    0x1DE8, // U+05D8
    0x1DF4, // U+05D9
    0x1DFB, // U+05DA
    0x1E02, // U+05DB
    0x1E0C, // U+05DC
    0x1E1B, // U+05DD
    0x1E24, // U+05DE
    0x1E36, // U+05DF
    0x1E3D, // U+05E0
    0x1E46, // U+05E1
    0x1E50, // U+05E2
    0x1E60, // U+05E3
    0x1E6C, // U+05E4
    0x1E7B, // U+05E5
    0x1E88, // U+05E6
    0x1E9A, // U+05E7
    0x1EAB, // U+05E8
    0x1EB2, // U+05E9
    0x1EC0, // U+05EA
};

static const uint16_t font_idx_1E0C_1E0D[] = {
    0x1ECB, // U+1E0C
    0x1ED8, // U+1E0D
};

static const uint16_t font_idx_1E34_1E37[] = {
    0x1EE7, // U+1E34
    0x1EFC, // U+1E35
    0x1F0F, // U+1E36
    0x1F18, // U+1E37
};

static const uint16_t font_idx_1E40_1E47[] = {
    0x1F23, // U+1E40
    0x1F32, // U+1E41
    0x1F3C, // U+1E42
    0x1F4C, // U+1E43
    0x1F57, // U+1E44
    0x1F69, // U+1E45
    0x1F73, // U+1E46
    0x1F85, // U+1E47
};

static const uint16_t font_idx_1E6C_1E6D[] = {
    0x1F90, // U+1E6C
    0x1F9A, // U+1E6D
};

static const uint16_t font_idx_1EB8_1EBD[] = {
    0x1FA7, // U+1EB8
    0x1FB6, // U+1EB9
    0x0196, // U+1EBA
    0x0196, // U+1EBB
    0x1FC7, // U+1EBC
    0x1FD7, // U+1EBD
};

static const uint16_t font_idx_1ECA_1ECD[] = {
    0x1FE9, // U+1ECA
    0x1FF4, // U+1ECB
    0x2002, // U+1ECC
    0x200F, // U+1ECD
};

static const uint16_t font_idx_1EE4_1EE5[] = {
    0x201C, // U+1EE4
    0x2026, // U+1EE5
};

static const uint16_t font_idx_1EF8_1EF9[] = {
    0x2030, // U+1EF8
    0x2041, // U+1EF9
};

static const uint16_t font_idx_2000_2026[] = {
    0x0010, // U+2000
    0x0010, // U+2001
    0x0010, // U+2002
    0x0010, // U+2003
    0x0010, // U+2004
    0x0010, // U+2005
    0x0010, // U+2006
    0x0010, // U+2007
    0x0010, // U+2008
    0x0010, // U+2009
    0x0010, // U+200A
    0x0010, // U+200B
    0x0010, // U+200C
    0x0010, // U+200D
    0x0010, // U+200E
    0x0010, // U+200F
    0x050C, // U+2010
    0x050C, // U+2011
    0x00A2, // U+2012
    0x00A2, // U+2013
    0x2051, // U+2014
    0x2051, // U+2015
    0x2055, // U+2016
    0x2059, // U+2017
    0x2060, // U+2018
    0x2066, // U+2019
    0x009C, // U+201A
    0x206C, // U+201B
    0x2072, // U+201C
    0x2078, // U+201D
    0x207E, // U+201E
    0x2084, // U+201F
    0x208A, // U+2020
    0x2092, // U+2021
    0x209E, // U+2022
    0x0196, // U+2023
    0x0196, // U+2024
    0x0196, // U+2025
    0x20A6, // U+2026
};

static const uint16_t font_idx_2030_2033[] = {
    0x20AA, // U+2030
    0x0196, // U+2031
    0x20C5, // U+2032
    0x20C9, // U+2033
};

static const uint16_t font_idx_2039_203E[] = {
    0x20CD, // U+2039
    0x20DB, // U+203A
    0x0196, // U+203B
    0x20E9, // U+203C
    0x0196, // U+203D
    0x149D, // U+203E
};

static const uint16_t font_idx_2070_209A[] = {
    0x20F1, // U+2070
    0x20F9, // U+2071
    0x0196, // U+2072
    0x0196, // U+2073
    0x2104, // U+2074
    0x2110, // U+2075
    0x211C, // U+2076
    0x2128, // U+2077
    0x2134, // U+2078
    0x2140, // U+2079
    0x214C, // U+207A
    0x2154, // U+207B
    0x2158, // U+207C
    0x2160, // U+207D
    0x216A, // U+207E
    0x2174, // U+207F
    0x217A, // U+2080
    0x2182, // U+2081
    0x218C, // U+2082
    0x2198, // U+2083
    0x21A4, // U+2084
    0x21B0, // U+2085
    0x21BC, // U+2086
    0x21C8, // U+2087
    0x21D4, // U+2088
    0x21E0, // U+2089
    0x21EC, // U+208A
    0x21F4, // U+208B
    0x21F8, // U+208C
    0x2200, // U+208D
    0x220A, // U+208E
    0x0196, // U+208F
    0x2214, // U+2090
    0x221F, // U+2091
    0x222A, // U+2092
    0x2232, // U+2093
    0x223D, // U+2094
    0x2248, // U+2095
    0x2250, // U+2096
    0x225D, // U+2097
    0x2265, // U+2098
    0x0196, // U+2099
    0x226B, // U+209A
};

static const uint16_t font_idx_20A7_20AE[] = {
    0x2275, // U+20A7
    0x0196, // U+20A8
    0x0196, // U+20A9
    0x2287, // U+20AA
    0x0196, // U+20AB
    0x2297, // U+20AC
    0x0196, // U+20AD
    0x22A8, // U+20AE
};

static const uint16_t font_idx_2102_2102[] = {
    0x22BA, // U+2102
};

static const uint16_t font_idx_210E_210F[] = {
    0x0384, // U+210E
    0x0C0E, // U+210F
};

static const uint16_t font_idx_2115_211D[] = {
    0x22C8, // U+2115
    0x22DC, // U+2116
    0x0196, // U+2117
    0x0196, // U+2118
    0x0196, // U+2119
    0x22FD, // U+211A
    0x0196, // U+211B
    0x0196, // U+211C
    0x230C, // U+211D
};

static const uint16_t font_idx_2122_2126[] = {
    0x2323, // U+2122
    0x0196, // U+2123
    0x2331, // U+2124
    0x0196, // U+2125
    0x1598, // U+2126
};

static const uint16_t font_idx_2135_2135[] = {
    0x2343, // U+2135
};

static const uint16_t font_idx_2190_2195[] = {
    0x2355, // U+2190
    0x2361, // U+2191
    0x236B, // U+2192
    0x2377, // U+2193
    0x2381, // U+2194
    0x238D, // U+2195
};

static const uint16_t font_idx_21A4_21A8[] = {
    0x239D, // U+21A4
    0x0196, // U+21A5
    0x23A9, // U+21A6
    0x0196, // U+21A7
    0x23B5, // U+21A8
};

static const uint16_t font_idx_21B2_21B5[] = {
    0x23C6, // U+21B2
    0x23D4, // U+21B3
    0x0196, // U+21B4
    0x23E2, // U+21B5
};

static const uint16_t font_idx_21BB_21BB[] = {
    0x23F0, // U+21BB
};

static const uint16_t font_idx_21CB_21D5[] = {
    0x23FF, // U+21CB
    0x240C, // U+21CC
    0x0196, // U+21CD
    0x0196, // U+21CE
    0x0196, // U+21CF
    0x2419, // U+21D0
    0x2426, // U+21D1
    0x2430, // U+21D2
    0x243D, // U+21D3
    0x2447, // U+21D4
    0x2457, // U+21D5
};

static const uint16_t font_idx_2200_220D[] = {
    0x2467, // U+2200
    0x0196, // U+2201
    0x0196, // U+2202
    0x2475, // U+2203
    0x2481, // U+2204
    0x2497, // U+2205
    0x1535, // U+2206
    0x24A5, // U+2207
    0x24B3, // U+2208
    0x24C3, // U+2209
    0x24DB, // U+220A
    0x24E9, // U+220B
    0x24F9, // U+220C
    0x2511, // U+220D
};

static const uint16_t font_idx_2212_221F[] = {
    0x00A2, // U+2212
    0x251F, // U+2213
    0x252B, // U+2214
    0x2537, // U+2215
    0x2543, // U+2216
    0x0196, // U+2217
    0x0196, // U+2218
    0x254F, // U+2219
    0x2556, // U+221A
    0x0196, // U+221B
    0x0196, // U+221C
    0x0196, // U+221D
    0x2565, // U+221E
    0x256D, // U+221F
};

static const uint16_t font_idx_2225_222A[] = {
    0x2055, // U+2225
    0x0196, // U+2226
    0x2573, // U+2227
    0x257F, // U+2228
    0x258B, // U+2229
    0x2592, // U+222A
};

static const uint16_t font_idx_2248_2248[] = {
    0x2599, // U+2248
};

static const uint16_t font_idx_2260_2265[] = {
    0x25A3, // U+2260
    0x25AF, // U+2261
    0x0196, // U+2262
    0x0196, // U+2263
    0x25BB, // U+2264
    0x25CD, // U+2265
};

static const uint16_t font_idx_226A_226B[] = {
    0x25DF, // U+226A
    0x25EF, // U+226B
};

static const uint16_t font_idx_2282_2287[] = {
    0x25FF, // U+2282
    0x260B, // U+2283
    0x0196, // U+2284
    0x0196, // U+2285
    0x2617, // U+2286
    0x2626, // U+2287
};

static const uint16_t font_idx_22A5_22A5[] = {
    0x2635, // U+22A5
};

static const uint16_t font_idx_22C2_22C3[] = {
    0x263B, // U+22C2
    0x02AB, // U+22C3
};

static const uint16_t font_idx_2300_2302[] = {
    0x2497, // U+2300
    0x0196, // U+2301
    0x2642, // U+2302
};

static const uint16_t font_idx_2308_230B[] = {
    0x264D, // U+2308
    0x2653, // U+2309
    0x2659, // U+230A
    0x265F, // U+230B
};

static const uint16_t font_idx_2310_2310[] = {
    0x2665, // U+2310
};

static const uint16_t font_idx_2319_2319[] = {
    0x266B, // U+2319
};

static const uint16_t font_idx_2320_2321[] = {
    0x2671, // U+2320
    0x2679, // U+2321
};

static const uint16_t font_idx_239B_23AF[] = {
    0x2681, // U+239B
    0x2691, // U+239C
    0x2695, // U+239D
    0x26A5, // U+239E
    0x26B5, // U+239F
    0x26B9, // U+23A0
    0x26C9, // U+23A1
    0x2691, // U+23A2
    0x26CF, // U+23A3
    0x26D5, // U+23A4
    0x26B5, // U+23A5
    0x26DB, // U+23A6
    0x26E1, // U+23A7
    0x26E9, // U+23A8
    0x26F4, // U+23A9
    0x0196, // U+23AA
    0x26FC, // U+23AB
    0x2704, // U+23AC
    0x270F, // U+23AD
    0x2717, // U+23AE
    0x271B, // U+23AF
};

static const uint16_t font_idx_23BA_23BD[] = {
    0x271F, // U+23BA
    0x2723, // U+23BB
    0x2727, // U+23BC
    0x272B, // U+23BD
};

static const uint16_t font_idx_23D0_23D0[] = {
    0x2717, // U+23D0
};

static const uint16_t font_idx_2409_240D[] = {
    0x272F, // U+2409
    0x273D, // U+240A
    0x274B, // U+240B
    0x2759, // U+240C
    0x276B, // U+240D
};

static const uint16_t font_idx_2424_2424[] = {
    0x277E, // U+2424
};

static const uint16_t font_idx_2500_2503[] = {
    0x271B, // U+2500
    0x2792, // U+2501
    0x2717, // U+2502
    0x2796, // U+2503
};

static const uint16_t font_idx_2508_254B[] = {
    0x279A, // U+2508
    0x279E, // U+2509
    0x27A2, // U+250A
    0x27B2, // U+250B
    0x27C2, // U+250C
    0x27C8, // U+250D
    0x27CE, // U+250E
    0x27D4, // U+250F
    0x27DA, // U+2510
    0x27E0, // U+2511
    0x27E6, // U+2512
    0x27EC, // U+2513
    0x27F2, // U+2514
    0x27F8, // U+2515
    0x27FE, // U+2516
    0x2804, // U+2517
    0x280A, // U+2518
    0x2810, // U+2519
    0x2816, // U+251A
    0x281C, // U+251B
    0x2822, // U+251C
    0x282A, // U+251D
    0x2832, // U+251E
    0x283A, // U+251F
    0x2842, // U+2520
    0x284A, // U+2521
    0x2852, // U+2522
    0x285A, // U+2523
    0x2862, // U+2524
    0x286A, // U+2525
    0x2872, // U+2526
    0x287A, // U+2527
    0x2882, // U+2528
    0x288A, // U+2529
    0x2892, // U+252A
    0x289A, // U+252B
    0x28A2, // U+252C
    0x28A8, // U+252D
    0x28AF, // U+252E
    0x28B6, // U+252F
    0x28BC, // U+2530
    0x28C2, // U+2531
    0x28C9, // U+2532
    0x28D0, // U+2533
    0x28D6, // U+2534
    0x28DC, // U+2535
    0x28E3, // U+2536
    0x28EA, // U+2537
    0x28F0, // U+2538
    0x28F6, // U+2539
    0x28FD, // U+253A
    0x2904, // U+253B
    0x290A, // U+253C
    0x2912, // U+253D
    0x291B, // U+253E
    0x2924, // U+253F
    0x292C, // U+2540
    0x2934, // U+2541
    0x293C, // U+2542
    0x2944, // U+2543
    0x294D, // U+2544
    0x2956, // U+2545
    0x295F, // U+2546
    0x2968, // U+2547
    0x2970, // U+2548
    0x2978, // U+2549
    0x2981, // U+254A
    0x298A, // U+254B
};

static const uint16_t font_idx_2550_25A0[] = {
    0x2992, // U+2550
    0x2999, // U+2551
    0x299D, // U+2552
    0x29A6, // U+2553
    0x29AC, // U+2554
    0x29B5, // U+2555
    0x29BE, // U+2556
    0x29C4, // U+2557
    0x29CD, // U+2558
    0x29D6, // U+2559
    0x29DC, // U+255A
    0x29E5, // U+255B
    0x29EE, // U+255C
    0x29F4, // U+255D
    0x29FD, // U+255E
    0x2A08, // U+255F
    0x2A10, // U+2560
    0x2A1B, // U+2561
    0x2A26, // U+2562
    0x2A2E, // U+2563
    0x2A39, // U+2564
    0x2A42, // U+2565
    0x2A48, // U+2566
    0x2A51, // U+2567
    0x2A5A, // U+2568
    0x2A60, // U+2569
    0x2A69, // U+256A
    0x2A74, // U+256B
    0x2A7C, // U+256C
    0x2A87, // U+256D
    0x2A90, // U+256E
    0x2A99, // U+256F
    0x2AA2, // U+2570
    0x2AAB, // U+2571
    0x2AC5, // U+2572
    0x2ADF, // U+2573
    0x2AF7, // U+2574
    0x2AFB, // U+2575
    0x2AFF, // U+2576
    0x2B03, // U+2577
    0x2B07, // U+2578
    0x2B0B, // U+2579
    0x2B0F, // U+257A
    0x2B13, // U+257B
    0x2B17, // U+257C
    0x2B1C, // U+257D
    0x2B22, // U+257E
    0x2B27, // U+257F
    0x2B2D, // U+2580
    0x2B31, // U+2581
    0x2B35, // U+2582
    0x2B39, // U+2583
    0x2B3D, // U+2584
    0x2B41, // U+2585
    0x2B45, // U+2586
    0x2B49, // U+2587
    0x2B4D, // U+2588
    0x2B51, // U+2589
    0x2B55, // U+258A
    0x2B59, // U+258B
    0x2B5D, // U+258C
    0x2B61, // U+258D
    0x2B65, // U+258E
    0x2B69, // U+258F
    0x2B6D, // U+2590
    0x2B71, // U+2591
    0x2B8B, // U+2592
    0x2BA6, // U+2593
    0x0196, // U+2594
    0x0196, // U+2595
    0x2BC1, // U+2596
    0x2BC5, // U+2597
    0x2BC9, // U+2598
    0x2BCD, // U+2599
    0x2BD3, // U+259A
    0x2BD9, // U+259B
    0x2BDF, // U+259C
    0x2BE5, // U+259D
    0x2BE9, // U+259E
    0x2BEF, // U+259F
    0x2BF5, // U+25A0
};

static const uint16_t font_idx_25AC_25CF[] = {
    0x2BF9, // U+25AC
    0x0196, // U+25AD
    0x2BFD, // U+25AE
    0x0196, // U+25AF
    0x0196, // U+25B0
    0x0196, // U+25B1
    0x2C01, // U+25B2
    0x0196, // U+25B3
    0x0196, // U+25B4
    0x0196, // U+25B5
    0x2C0F, // U+25B6
    0x0196, // U+25B7
    0x0196, // U+25B8
    0x0196, // U+25B9
    0x2C0F, // U+25BA
    0x0196, // U+25BB
    0x2C1D, // U+25BC
    0x0196, // U+25BD
    0x0196, // U+25BE
    0x0196, // U+25BF
    0x2C2B, // U+25C0
    0x0196, // U+25C1
    0x0196, // U+25C2
    0x0196, // U+25C3
    0x2C2B, // U+25C4
    0x0196, // U+25C5
    0x2C39, // U+25C6
    0x0196, // U+25C7
    0x0196, // U+25C8
    0x0196, // U+25C9
    0x2C47, // U+25CA
    0x2C55, // U+25CB
    0x0196, // U+25CC
    0x0196, // U+25CD
    0x0196, // U+25CE
    0x209E, // U+25CF
};

static const uint16_t font_idx_25D8_25D9[] = {
    0x2C5D, // U+25D8
    0x2C69, // U+25D9
};

static const uint16_t font_idx_263A_2642[] = {
    0x2C75, // U+263A
    0x2C89, // U+263B
    0x2C9D, // U+263C
    0x0196, // U+263D
    0x0196, // U+263E
    0x0196, // U+263F
    0x2CB1, // U+2640
    0x0196, // U+2641
    0x2CC0, // U+2642
};

static const uint16_t font_idx_2660_266B[] = {
    0x2CD0, // U+2660
    0x0196, // U+2661
    0x0196, // U+2662
    0x2CE0, // U+2663
    0x0196, // U+2664
    0x2CF2, // U+2665
    0x2C39, // U+2666
    0x0196, // U+2667
    0x0196, // U+2668
    0x0196, // U+2669
    0x2CFF, // U+266A
    0x2D0B, // U+266B
};

static const uint16_t font_idx_2713_2718[] = {
    0x2D18, // U+2713
    0x2D28, // U+2714
    0x0196, // U+2715
    0x0196, // U+2716
    0x2D38, // U+2717
    0x2D49, // U+2718
};

static const uint16_t font_idx_27E8_27EB[] = {
    0x2D5A, // U+27E8
    0x2D6A, // U+27E9
    0x2D7A, // U+27EA
    0x2D8A, // U+27EB
};

static const uint16_t font_idx_2800_28FF[] = {
    0x0010, // U+2800
    0x2D9A, // U+2801
    0x2D9E, // U+2802
    0x2DA2, // U+2803
    0x2DAA, // U+2804
    0x2DAE, // U+2805
    0x2DB6, // U+2806
    0x2DBE, // U+2807
    0x2DCA, // U+2808
    0x2DCE, // U+2809
    0x2DD2, // U+280A
    0x2DDA, // U+280B
    0x2DE2, // U+280C
    0x2DEA, // U+280D
    0x2DF2, // U+280E
    0x2DFE, // U+280F
    0x2E0A, // U+2810
    0x2E0E, // U+2811
    0x2E16, // U+2812
    0x2E1A, // U+2813
    0x2E22, // U+2814
    0x2E2A, // U+2815
    0x2E36, // U+2816
    0x2E3E, // U+2817
    0x2E4A, // U+2818
    0x2E52, // U+2819
    0x2E5A, // U+281A
    0x2E62, // U+281B
    0x2E6A, // U+281C
    0x2E76, // U+281D
    0x2E82, // U+281E
    0x2E8E, // U+281F
    0x2E9A, // U+2820
    0x2E9E, // U+2821
    0x2EA6, // U+2822
    0x2EAE, // U+2823
    0x2EBA, // U+2824
    0x2EBE, // U+2825
    0x2EC6, // U+2826
    0x2ECE, // U+2827
    0x2EDA, // U+2828
    0x2EE2, // U+2829
    0x2EEA, // U+282A
    0x2EF6, // U+282B
    0x2F02, // U+282C
    0x2F0A, // U+282D
    0x2F12, // U+282E
    0x2F1E, // U+282F
    0x2F2A, // U+2830
    0x2F32, // U+2831
    0x2F3E, // U+2832
    0x2F46, // U+2833
    0x2F52, // U+2834
    0x2F5A, // U+2835
    0x2F66, // U+2836
    0x2F6E, // U+2837
    0x2F7A, // U+2838
    0x2F86, // U+2839
    0x2F92, // U+283A
    0x2F9E, // U+283B
    0x2FAA, // U+283C
    0x2FB6, // U+283D
    0x2FC2, // U+283E
    0x2FCE, // U+283F
    0x2FDA, // U+2840
    0x2FDE, // U+2841
    0x2FE6, // U+2842
    0x2FEE, // U+2843
    0x2FFA, // U+2844
    0x3002, // U+2845
    0x300E, // U+2846
    0x301A, // U+2847
    0x302A, // U+2848
    0x3032, // U+2849
    0x303A, // U+284A
    0x3046, // U+284B
    0x3052, // U+284C
    0x305E, // U+284D
    0x306A, // U+284E
    0x307A, // U+284F
    0x308A, // U+2850
    0x3092, // U+2851
    0x309E, // U+2852
    0x30A6, // U+2853
    0x30B2, // U+2854
    0x30BE, // U+2855
    0x30CE, // U+2856
    0x30DA, // U+2857
    0x30EA, // U+2858
    0x30F6, // U+2859
    0x3102, // U+285A
    0x310E, // U+285B
    0x311A, // U+285C
    0x312A, // U+285D
    0x313A, // U+285E
    0x314A, // U+285F
    0x315A, // U+2860
    0x3162, // U+2861
    0x316E, // U+2862
    0x317A, // U+2863
    0x318A, // U+2864
    0x3192, // U+2865
    0x319E, // U+2866
    0x31AA, // U+2867
    0x31BA, // U+2868
    0x31C6, // U+2869
    0x31D2, // U+286A
    0x31E2, // U+286B
    0x31F2, // U+286C
    0x31FE, // U+286D
    0x320A, // U+286E
    0x321A, // U+286F
    0x322A, // U+2870
    0x3236, // U+2871
    0x3246, // U+2872
    0x3252, // U+2873
    0x3262, // U+2874
    0x326E, // U+2875
    0x327E, // U+2876
    0x328A, // U+2877
    0x329A, // U+2878
    0x32AA, // U+2879
    0x32BA, // U+287A
    0x32CA, // U+287B
    0x32DA, // U+287C
    0x32EA, // U+287D
    0x32FA, // U+287E
    0x330A, // U+287F
    0x331A, // U+2880
    0x331E, // U+2881
    0x3326, // U+2882
    0x332E, // U+2883
    0x333A, // U+2884
    0x3342, // U+2885
    0x334E, // U+2886
    0x335A, // U+2887
    0x336A, // U+2888
    0x3372, // U+2889
    0x337A, // U+288A
    0x3386, // U+288B
    0x3392, // U+288C
    0x339E, // U+288D
    0x33AA, // U+288E
    0x33BA, // U+288F
    0x33CA, // U+2890
    0x33D2, // U+2891
    0x33DE, // U+2892
    0x33E6, // U+2893
    0x33F2, // U+2894
    0x33FE, // U+2895
    0x340E, // U+2896
    0x341A, // U+2897
    0x342A, // U+2898
    0x3436, // U+2899
    0x3442, // U+289A
    0x344E, // U+289B
    0x345A, // U+289C
    0x346A, // U+289D
    0x347A, // U+289E
    0x348A, // U+289F
    0x349A, // U+28A0
    0x34A2, // U+28A1
    0x34AE, // U+28A2
    0x34BA, // U+28A3
    0x34CA, // U+28A4
    0x34D2, // U+28A5
    0x34DE, // U+28A6
    0x34EA, // U+28A7
    0x34FA, // U+28A8
    0x3506, // U+28A9
    0x3512, // U+28AA
    0x3522, // U+28AB
    0x3532, // U+28AC
    0x353E, // U+28AD
    0x354A, // U+28AE
    0x355A, // U+28AF
    0x356A, // U+28B0
    0x3576, // U+28B1
    0x3586, // U+28B2
    0x3592, // U+28B3
    0x35A2, // U+28B4
    0x35AE, // U+28B5
    0x35BE, // U+28B6
    0x35CA, // U+28B7
    0x35DA, // U+28B8
    0x35EA, // U+28B9
    0x35FA, // U+28BA
    0x360A, // U+28BB
    0x361A, // U+28BC
    0x362A, // U+28BD
    0x363A, // U+28BE
    0x364A, // U+28BF
    0x365A, // U+28C0
    0x365E, // U+28C1
    0x3666, // U+28C2
    0x366E, // U+28C3
    0x367A, // U+28C4
    0x3682, // U+28C5
    0x368E, // U+28C6
    0x369A, // U+28C7
    0x36AA, // U+28C8
    0x36B2, // U+28C9
    0x36BA, // U+28CA
    0x36C6, // U+28CB
    0x36D2, // U+28CC
    0x36DE, // U+28CD
    0x36EA, // U+28CE
    0x36FA, // U+28CF
    0x370A, // U+28D0
    0x3712, // U+28D1
    0x371E, // U+28D2
    0x3726, // U+28D3
    0x3732, // U+28D4
    0x373E, // U+28D5
    0x374E, // U+28D6
    0x375A, // U+28D7
    0x376A, // U+28D8
    0x3776, // U+28D9
    0x3782, // U+28DA
    0x378E, // U+28DB
    0x379A, // U+28DC
    0x37AA, // U+28DD
    0x37BA, // U+28DE
    0x37CA, // U+28DF
    0x37DA, // U+28E0
    0x37E2, // U+28E1
    0x37EE, // U+28E2
    0x37FA, // U+28E3
    0x380A, // U+28E4
    0x3812, // U+28E5
    0x381E, // U+28E6
    0x382A, // U+28E7
    0x383A, // U+28E8
    0x3846, // U+28E9
    0x3852, // U+28EA
    0x3862, // U+28EB
    0x3872, // U+28EC
    0x387E, // U+28ED
    0x388A, // U+28EE
    0x389A, // U+28EF
    0x38AA, // U+28F0
    0x38B6, // U+28F1
    0x38C6, // U+28F2
    0x38D2, // U+28F3
    0x38E2, // U+28F4
    0x38EE, // U+28F5
    0x38FE, // U+28F6
    0x390A, // U+28F7
    0x391A, // U+28F8
    0x392A, // U+28F9
    0x393A, // U+28FA
    0x394A, // U+28FB
    0x395A, // U+28FC
    0x396A, // U+28FD
    0x397A, // U+28FE
    0x398A, // U+28FF
};

static const uint16_t font_idx_2E2C_2E2C[] = {
    0x399A, // U+2E2C
};

static const uint16_t font_idx_E0A0_E0A2[] = {
    0x39A2, // U+E0A0
    0x39B5, // U+E0A1
    0x39CD, // U+E0A2
};

static const uint16_t font_idx_E0B0_E0B3[] = {
    0x39DD, // U+E0B0
    0x39F8, // U+E0B1
    0x3A13, // U+E0B2
    0x3A2E, // U+E0B3
};

static const uint16_t font_idx_F6BE_F6BE[] = {
    0x13FF, // U+F6BE
};

static const uint16_t font_idx_FFFD_FFFD[] = {
    0x3A49, // U+FFFD
};

const FontRange terminus12x24_ranges[] = {
    {0x0000, 0x0000, font_idx_0000_0000},
    {0x0020, 0x007E, font_idx_0020_007E},
    {0x00A0, 0x017F, font_idx_00A0_017F},
    {0x0186, 0x0186, font_idx_0186_0186},
    {0x018E, 0x0192, font_idx_018E_0192},
    {0x019D, 0x019E, font_idx_019D_019E},
    {0x01B5, 0x01B7, font_idx_01B5_01B7},
    {0x01CD, 0x01D4, font_idx_01CD_01D4},
    {0x01E2, 0x01F5, font_idx_01E2_01F5},
    {0x01FC, 0x01FF, font_idx_01FC_01FF},
    {0x0218, 0x021B, font_idx_0218_021B},
    {0x0232, 0x0237, font_idx_0232_0237},
    {0x0254, 0x025B, font_idx_0254_025B},
    {0x0272, 0x0272, font_idx_0272_0272},
    {0x0292, 0x0292, font_idx_0292_0292},
    {0x02BB, 0x02BD, font_idx_02BB_02BD},
    {0x02C6, 0x02C7, font_idx_02C6_02C7},
    {0x02D8, 0x02DD, font_idx_02D8_02DD},
    {0x0300, 0x030C, font_idx_0300_030C},
    {0x0329, 0x0329, font_idx_0329_0329},
    {0x0384, 0x03D5, font_idx_0384_03D5},
    {0x03F0, 0x03F6, font_idx_03F0_03F6},
    {0x0400, 0x0463, font_idx_0400_0463},
    {0x046A, 0x046B, font_idx_046A_046B},
    {0x0490, 0x04A5, font_idx_0490_04A5},
    {0x04AA, 0x04BB, font_idx_04AA_04BB},
    {0x04C0, 0x04C2, font_idx_04C0_04C2},
    {0x04CF, 0x04F9, font_idx_04CF_04F9},
    {0x05D0, 0x05EA, font_idx_05D0_05EA},
    {0x1E0C, 0x1E0D, font_idx_1E0C_1E0D},
    {0x1E34, 0x1E37, font_idx_1E34_1E37},
    {0x1E40, 0x1E47, font_idx_1E40_1E47},
    {0x1E6C, 0x1E6D, font_idx_1E6C_1E6D},
    {0x1EB8, 0x1EBD, font_idx_1EB8_1EBD},
    {0x1ECA, 0x1ECD, font_idx_1ECA_1ECD},
    {0x1EE4, 0x1EE5, font_idx_1EE4_1EE5},
    {0x1EF8, 0x1EF9, font_idx_1EF8_1EF9},
    {0x2000, 0x2026, font_idx_2000_2026},
    {0x2030, 0x2033, font_idx_2030_2033},
    {0x2039, 0x203E, font_idx_2039_203E},
    {0x2070, 0x209A, font_idx_2070_209A},
    {0x20A7, 0x20AE, font_idx_20A7_20AE},
    {0x2102, 0x2102, font_idx_2102_2102},
    {0x210E, 0x210F, font_idx_210E_210F},
    {0x2115, 0x211D, font_idx_2115_211D},
    {0x2122, 0x2126, font_idx_2122_2126},
    {0x2135, 0x2135, font_idx_2135_2135},
    {0x2190, 0x2195, font_idx_2190_2195},
    {0x21A4, 0x21A8, font_idx_21A4_21A8},
    {0x21B2, 0x21B5, font_idx_21B2_21B5},
    {0x21BB, 0x21BB, font_idx_21BB_21BB},
    {0x21CB, 0x21D5, font_idx_21CB_21D5},
    {0x2200, 0x220D, font_idx_2200_220D},
    {0x2212, 0x221F, font_idx_2212_221F},
    {0x2225, 0x222A, font_idx_2225_222A},
    {0x2248, 0x2248, font_idx_2248_2248},
    {0x2260, 0x2265, font_idx_2260_2265},
    {0x226A, 0x226B, font_idx_226A_226B},
    {0x2282, 0x2287, font_idx_2282_2287},
    {0x22A5, 0x22A5, font_idx_22A5_22A5},
    {0x22C2, 0x22C3, font_idx_22C2_22C3},
    {0x2300, 0x2302, font_idx_2300_2302},
    {0x2308, 0x230B, font_idx_2308_230B},
    {0x2310, 0x2310, font_idx_2310_2310},
    {0x2319, 0x2319, font_idx_2319_2319},
    {0x2320, 0x2321, font_idx_2320_2321},
    {0x239B, 0x23AF, font_idx_239B_23AF},
    {0x23BA, 0x23BD, font_idx_23BA_23BD},
    {0x23D0, 0x23D0, font_idx_23D0_23D0},
    {0x2409, 0x240D, font_idx_2409_240D},
    {0x2424, 0x2424, font_idx_2424_2424},
    {0x2500, 0x2503, font_idx_2500_2503},
    {0x2508, 0x254B, font_idx_2508_254B},
    {0x2550, 0x25A0, font_idx_2550_25A0},
    {0x25AC, 0x25CF, font_idx_25AC_25CF},
    {0x25D8, 0x25D9, font_idx_25D8_25D9},
    {0x263A, 0x2642, font_idx_263A_2642},
    {0x2660, 0x266B, font_idx_2660_266B},
    {0x2713, 0x2718, font_idx_2713_2718},
    {0x27E8, 0x27EB, font_idx_27E8_27EB},
    {0x2800, 0x28FF, font_idx_2800_28FF},
    {0x2E2C, 0x2E2C, font_idx_2E2C_2E2C},
    {0xE0A0, 0xE0A2, font_idx_E0A0_E0A2},
    {0xE0B0, 0xE0B3, font_idx_E0B0_E0B3},
    {0xF6BE, 0xF6BE, font_idx_F6BE_F6BE},
    {0xFFFD, 0xFFFD, font_idx_FFFD_FFFD},
};

const int terminus12x24_num_ranges = 86;

#endif /* FONT_RT_12X24 */
