/*
 * 10x20 bitmap glyph data derived from the Terminus Font (terminus10x20.c).
 *
 * Compressed glyph pool ("format v1" -- see tools/gen_terminus.py and
 * components/font/terminus_font.h for the record/PackBits layout). Each
 * pool line is one deduplicated, row-cropped glyph record: header byte(s)
 * followed by a PackBits stream. idx[] holds one uint16_t byte-offset per
 * codepoint into the pool (rb==2: index into terminusN_palette[]; 0xFF escapes to 2 raw LE bytes).
 *
 * Copyright (c) 2020 Dimitar Zhekov <dimitar.zhekov@gmail.com>,
 * with Reserved Font Name "Terminus Font".
 *
 * Licensed under the SIL Open Font License, Version 1.1 -- see the full text
 * in components/font/LICENSE. This file is NOT covered by the repository's
 * MIT license.
 *
 * Generated by tools/gen_terminus.py -- do not edit by hand.
 */
#include "terminus_font.h"
#include <stddef.h>

#if FONT_RT_10X20

const uint8_t terminus10x20_pool[] = {
    0x03, 0x0D, 0x0C, 0x25, 0x01, 0x01, 0x00, 0x00, 0x01, 0x01, 0x01, 0x00, 0x00, 0x01, 0x01, 0x25, // off=0x0000 start=3 len=13 (1 cp: U+0000)
    0x00, 0x00, // off=0x0010 start=0 len=0 (19 cps: U+0020, U+00A0, U+2000 +16 more)
    0x03, 0x0D, 0x87, 0x02, 0x80, 0x00, 0x80, 0x02, // off=0x0012 start=3 len=13 (1 cp: U+0021)
    0x01, 0x04, 0x82, 0x09, // off=0x001A start=1 len=4 (1 cp: U+0022)
    0x03, 0x0D, 0x82, 0x09, 0x04, 0x0F, 0x09, 0x09, 0x09, 0x0F, 0x82, 0x09, // off=0x001E start=3 len=13 (1 cp: U+0023)
    0x02, 0x0F, 0x0E, 0x02, 0x02, 0x08, 0x0C, 0x1F, 0x1F, 0x1F, 0x08, 0x30, 0x30, 0x30, 0x0C, 0x08, 0x02, 0x02, // off=0x002A start=2 len=15 (1 cp: U+0024)
    0x04, 0x0C, 0x0B, 0xD6, 0x27, 0xA6, 0x10, 0x0B, 0x0B, 0x02, 0x02, 0x0E, 0xB9, 0x8F, 0xBF, // off=0x003C start=4 len=12 (1 cp: U+0025)
    0x03, 0x0D, 0x0C, 0x11, 0x09, 0x09, 0x09, 0x0A, 0x02, 0xBA, 0x8F, 0x01, 0x01, 0x01, 0x8F, 0xBE, // off=0x004B start=3 len=13 (1 cp: U+0026)
    0x01, 0x04, 0x82, 0x02, // off=0x005B start=1 len=4 (1 cp: U+0027)
    0x03, 0x0D, 0x02, 0x0B, 0x02, 0x02, 0x85, 0x0E, 0x02, 0x02, 0x02, 0x0B, // off=0x005F start=3 len=13 (1 cp: U+0028)
    0x03, 0x0D, 0x02, 0x0E, 0x02, 0x02, 0x85, 0x0B, 0x02, 0x02, 0x02, 0x0E, // off=0x006B start=3 len=13 (1 cp: U+0029)
    0x06, 0x07, 0x06, 0x09, 0x0A, 0x02, 0x0F, 0x02, 0x0A, 0x09, // off=0x0077 start=6 len=7 (1 cp: U+002A)
    0x06, 0x07, 0x81, 0x02, 0x00, 0x0F, 0x81, 0x02, // off=0x0081 start=6 len=7 (1 cp: U+002B)
    0x0D, 0x04, 0x81, 0x02, 0x00, 0x0E, // off=0x0089 start=13 len=4 (2 cps: U+002C, U+201A)
    0x09, 0x01, 0x00, 0x0F, // off=0x008F start=9 len=1 (4 cps: U+002D, U+2012, U+2013 +1 more)
    0x0E, 0x02, 0x80, 0x02, // off=0x0093 start=14 len=2 (1 cp: U+002E)
    0x04, 0x0C, 0x80, 0x03, 0x80, 0x10, 0x80, 0x0B, 0x80, 0x02, 0x80, 0x0E, 0x80, 0x05, // off=0x0097 start=4 len=12 (1 cp: U+002F)
    0x03, 0x0D, 0x0C, 0x08, 0x01, 0x01, 0x01, 0x35, 0x32, 0x0C, 0x27, 0x3A, 0x01, 0x01, 0x01, 0x08, // off=0x00A5 start=3 len=13 (1 cp: U+0030)
    0x03, 0x0D, 0x02, 0x02, 0x16, 0x50, 0x87, 0x02, 0x00, 0x08, // off=0x00B5 start=3 len=13 (1 cp: U+0031)
    0x03, 0x0D, 0x0C, 0x08, 0x01, 0x01, 0x01, 0x03, 0x03, 0x10, 0x0B, 0x02, 0x0E, 0x05, 0x04, 0x0F, // off=0x00BF start=3 len=13 (1 cp: U+0032)
    0x03, 0x0D, 0x0C, 0x08, 0x01, 0x01, 0x03, 0x03, 0x03, 0x1E, 0x03, 0x03, 0x03, 0x01, 0x01, 0x08, // off=0x00CF start=3 len=13 (2 cps: U+0033, U+0417)
    0x03, 0x0D, 0x09, 0x03, 0x3B, 0x66, 0x30, 0x23, 0x06, 0x01, 0x01, 0x01, 0x0F, 0x81, 0x03, // off=0x00DF start=3 len=13 (1 cp: U+0034)
    0x03, 0x0D, 0x00, 0x0F, 0x82, 0x04, 0x00, 0x17, 0x82, 0x03, 0x02, 0x01, 0x01, 0x08, // off=0x00EE start=3 len=13 (1 cp: U+0035)
    0x03, 0x0D, 0x05, 0x1E, 0x05, 0x04, 0x04, 0x04, 0x17, 0x84, 0x01, 0x00, 0x08, // off=0x00FC start=3 len=13 (1 cp: U+0036)
    0x03, 0x0D, 0x07, 0x0F, 0x01, 0x01, 0x03, 0x10, 0x10, 0x0B, 0x0B, 0x83, 0x02, // off=0x0109 start=3 len=13 (1 cp: U+0037)
    0x03, 0x0D, 0x00, 0x08, 0x83, 0x01, 0x00, 0x08, 0x83, 0x01, 0x00, 0x08, // off=0x0116 start=3 len=13 (1 cp: U+0038)
    0x03, 0x0D, 0x00, 0x08, 0x84, 0x01, 0x05, 0x13, 0x03, 0x03, 0x03, 0x10, 0x2C, // off=0x0122 start=3 len=13 (1 cp: U+0039)
    0x07, 0x08, 0x80, 0x02, 0x82, 0x00, 0x80, 0x02, // off=0x012F start=7 len=8 (1 cp: U+003A)
    0x07, 0x0A, 0x80, 0x02, 0x82, 0x00, 0x81, 0x02, 0x00, 0x0E, // off=0x0137 start=7 len=10 (1 cp: U+003B)
    0x03, 0x0D, 0x0C, 0x03, 0x10, 0x0B, 0x02, 0x0E, 0x05, 0x04, 0x05, 0x0E, 0x02, 0x0B, 0x10, 0x03, // off=0x0141 start=3 len=13 (1 cp: U+003C)
    0x07, 0x05, 0x04, 0x0F, 0x00, 0x00, 0x00, 0x0F, // off=0x0151 start=7 len=5 (1 cp: U+003D)
    0x03, 0x0D, 0x0C, 0x04, 0x05, 0x0E, 0x02, 0x0B, 0x10, 0x03, 0x10, 0x0B, 0x02, 0x0E, 0x05, 0x04, // off=0x0159 start=3 len=13 (1 cp: U+003E)
    0x03, 0x0D, 0x0C, 0x11, 0x09, 0x01, 0x01, 0x03, 0x10, 0x0B, 0x02, 0x02, 0x00, 0x00, 0x02, 0x02, // off=0x0169 start=3 len=13 (1 cp: U+003F)
    0x03, 0x0D, 0x03, 0x13, 0x19, 0x19, 0x92, 0x82, 0x39, 0x04, 0x93, 0xC6, 0x04, 0x04, 0x52, // off=0x0179 start=3 len=13 (1 cp: U+0040)
    0x03, 0x0D, 0x00, 0x08, 0x83, 0x01, 0x00, 0x0F, 0x84, 0x01, // off=0x0188 start=3 len=13 (3 cps: U+0041, U+0391, U+0410)
    0x03, 0x0D, 0x00, 0x17, 0x82, 0x01, 0x00, 0x17, 0x84, 0x01, 0x00, 0x17, // off=0x0192 start=3 len=13 (3 cps: U+0042, U+0392, U+0412)
    0x03, 0x0D, 0x02, 0x08, 0x01, 0x01, 0x85, 0x04, 0x02, 0x01, 0x01, 0x08, // off=0x019E start=3 len=13 (2 cps: U+0043, U+0421)
    0x03, 0x0D, 0x01, 0x28, 0x15, 0x87, 0x01, 0x01, 0x15, 0x28, // off=0x01AA start=3 len=13 (1 cp: U+0044)
    0x03, 0x0D, 0x00, 0x0F, 0x83, 0x04, 0x00, 0x28, 0x83, 0x04, 0x00, 0x0F, // off=0x01B4 start=3 len=13 (3 cps: U+0045, U+0395, U+0415)
    0x03, 0x0D, 0x00, 0x0F, 0x83, 0x04, 0x00, 0x28, 0x84, 0x04, // off=0x01C0 start=3 len=13 (1 cp: U+0046)
    0x03, 0x0D, 0x06, 0x08, 0x01, 0x01, 0x04, 0x04, 0x04, 0x53, 0x83, 0x01, 0x00, 0x08, // off=0x01CA start=3 len=13 (1 cp: U+0047)
    0x03, 0x0D, 0x84, 0x01, 0x00, 0x0F, 0x84, 0x01, // off=0x01D8 start=3 len=13 (3 cps: U+0048, U+0397, U+041D)
    0x03, 0x0D, 0x00, 0x11, 0x89, 0x02, 0x00, 0x11, // off=0x01E0 start=3 len=13 (4 cps: U+0049, U+0399, U+0406 +1 more)
    0x03, 0x0D, 0x00, 0x7D, 0x86, 0x03, 0x81, 0x06, 0x00, 0x1E, // off=0x01E8 start=3 len=13 (2 cps: U+004A, U+0408)
    0x03, 0x0D, 0x0C, 0x01, 0x01, 0x15, 0x1A, 0x1F, 0x2E, 0x22, 0x2E, 0x1F, 0x1A, 0x15, 0x01, 0x01, // off=0x01F2 start=3 len=13 (3 cps: U+004B, U+039A, U+041A)
    0x03, 0x0D, 0x8A, 0x04, 0x00, 0x0F, // off=0x0202 start=3 len=13 (1 cp: U+004C)
    0x03, 0x0D, 0x05, 0x19, 0x12, 0x54, 0x54, 0x58, 0x58, 0x85, 0x19, // off=0x0208 start=3 len=13 (3 cps: U+004D, U+039C, U+041C)
    0x03, 0x0D, 0x82, 0x01, 0x04, 0x3A, 0x27, 0x0C, 0x32, 0x35, 0x82, 0x01, // off=0x0213 start=3 len=13 (2 cps: U+004E, U+039D)
    0x03, 0x0D, 0x00, 0x08, 0x89, 0x01, 0x00, 0x08, // off=0x021F start=3 len=13 (3 cps: U+004F, U+039F, U+041E)
    0x03, 0x0D, 0x00, 0x17, 0x83, 0x01, 0x00, 0x17, 0x84, 0x04, // off=0x0227 start=3 len=13 (3 cps: U+0050, U+03A1, U+0420)
    0x03, 0x0F, 0x00, 0x08, 0x88, 0x01, 0x03, 0x0C, 0x08, 0x10, 0x03, // off=0x0231 start=3 len=15 (1 cp: U+0051)
    0x03, 0x0D, 0x00, 0x17, 0x83, 0x01, 0x06, 0x17, 0x22, 0x2E, 0x1F, 0x1A, 0x15, 0x01, // off=0x023C start=3 len=13 (1 cp: U+0052)
    0x03, 0x0D, 0x0C, 0x08, 0x01, 0x01, 0x04, 0x04, 0x04, 0x08, 0x03, 0x03, 0x03, 0x01, 0x01, 0x08, // off=0x024A start=3 len=13 (2 cps: U+0053, U+0405)
    0x03, 0x0D, 0x00, 0x0F, 0x8A, 0x02, // off=0x025A start=3 len=13 (3 cps: U+0054, U+03A4, U+0422)
    0x03, 0x0D, 0x8A, 0x01, 0x00, 0x08, // off=0x0260 start=3 len=13 (1 cp: U+0055)
    0x03, 0x0D, 0x82, 0x01, 0x82, 0x09, 0x81, 0x0A, 0x80, 0x02, // off=0x0266 start=3 len=13 (1 cp: U+0056)
    0x03, 0x0D, 0x85, 0x19, 0x05, 0x58, 0x58, 0x54, 0x54, 0x12, 0x19, // off=0x0270 start=3 len=13 (1 cp: U+0057)
    0x03, 0x0D, 0x0C, 0x01, 0x01, 0x09, 0x09, 0x0A, 0x0A, 0x02, 0x0A, 0x0A, 0x09, 0x09, 0x01, 0x01, // off=0x027B start=3 len=13 (3 cps: U+0058, U+03A7, U+0425)
    0x03, 0x0D, 0x80, 0x01, 0x80, 0x09, 0x80, 0x0A, 0x85, 0x02, // off=0x028B start=3 len=13 (3 cps: U+0059, U+03A5, U+04AE)
    0x03, 0x0D, 0x0C, 0x0F, 0x03, 0x03, 0x03, 0x10, 0x0B, 0x02, 0x0E, 0x05, 0x04, 0x04, 0x04, 0x0F, // off=0x0295 start=3 len=13 (2 cps: U+005A, U+0396)
    0x03, 0x0D, 0x00, 0x11, 0x89, 0x0E, 0x00, 0x11, // off=0x02A5 start=3 len=13 (1 cp: U+005B)
    0x04, 0x0C, 0x80, 0x05, 0x80, 0x0E, 0x80, 0x02, 0x80, 0x0B, 0x80, 0x10, 0x80, 0x03, // off=0x02AD start=4 len=12 (1 cp: U+005C)
    0x03, 0x0D, 0x00, 0x11, 0x89, 0x0B, 0x00, 0x11, // off=0x02BB start=3 len=13 (1 cp: U+005D)
    0x01, 0x04, 0x03, 0x02, 0x0A, 0x09, 0x01, // off=0x02C3 start=1 len=4 (1 cp: U+005E)
    0x11, 0x01, 0x00, 0x0F, // off=0x02CA start=17 len=1 (1 cp: U+005F)
    0x00, 0x03, 0x02, 0x05, 0x0E, 0x02, // off=0x02CE start=0 len=3 (1 cp: U+0060)
    0x07, 0x09, 0x03, 0x08, 0x03, 0x03, 0x13, 0x82, 0x01, 0x00, 0x13, // off=0x02D4 start=7 len=9 (2 cps: U+0061, U+0430)
    0x03, 0x0D, 0x82, 0x04, 0x00, 0x17, 0x85, 0x01, 0x00, 0x17, // off=0x02DF start=3 len=13 (2 cps: U+0062, U+042C)
    0x07, 0x09, 0x01, 0x08, 0x01, 0x83, 0x04, 0x01, 0x01, 0x08, // off=0x02E9 start=7 len=9 (3 cps: U+0063, U+03F2, U+0441)
    0x03, 0x0D, 0x82, 0x03, 0x00, 0x13, 0x85, 0x01, 0x00, 0x13, // off=0x02F3 start=3 len=13 (1 cp: U+0064)
    0x07, 0x09, 0x08, 0x08, 0x01, 0x01, 0x01, 0x0F, 0x04, 0x04, 0x01, 0x08, // off=0x02FD start=7 len=9 (2 cps: U+0065, U+0435)
    0x03, 0x0D, 0x04, 0x47, 0x02, 0x02, 0x02, 0x08, 0x86, 0x02, // off=0x0309 start=3 len=13 (1 cp: U+0066)
    0x07, 0x0C, 0x00, 0x13, 0x85, 0x01, 0x03, 0x13, 0x03, 0x03, 0x08, // off=0x0313 start=7 len=12 (2 cps: U+0067, U+0434)
    0x03, 0x0D, 0x82, 0x04, 0x00, 0x17, 0x86, 0x01, // off=0x031E start=3 len=13 (2 cps: U+0068, U+210E)
    0x03, 0x0D, 0x04, 0x02, 0x02, 0x00, 0x00, 0x16, 0x85, 0x02, 0x00, 0x11, // off=0x0326 start=3 len=13 (2 cps: U+0069, U+0456)
    0x03, 0x10, 0x04, 0x10, 0x10, 0x00, 0x00, 0x2A, 0x86, 0x10, 0x02, 0x09, 0x09, 0x11, // off=0x0332 start=3 len=16 (3 cps: U+006A, U+03F3, U+0458)
    0x03, 0x0D, 0x82, 0x04, 0x08, 0x01, 0x15, 0x1A, 0x1F, 0x46, 0x1F, 0x1A, 0x15, 0x01, // off=0x0340 start=3 len=13 (1 cp: U+006B)
    0x03, 0x0D, 0x00, 0x16, 0x89, 0x02, 0x00, 0x11, // off=0x034E start=3 len=13 (2 cps: U+006C, U+04CF)
    0x07, 0x09, 0x00, 0x17, 0x86, 0x0C, // off=0x0356 start=7 len=9 (1 cp: U+006D)
    0x07, 0x09, 0x00, 0x17, 0x86, 0x01, // off=0x035C start=7 len=9 (1 cp: U+006E)
    0x07, 0x09, 0x00, 0x08, 0x85, 0x01, 0x00, 0x08, // off=0x0362 start=7 len=9 (3 cps: U+006F, U+03BF, U+043E)
    0x07, 0x0C, 0x00, 0x17, 0x85, 0x01, 0x00, 0x17, 0x81, 0x04, // off=0x036A start=7 len=12 (2 cps: U+0070, U+0440)
    0x07, 0x0C, 0x00, 0x13, 0x85, 0x01, 0x00, 0x13, 0x81, 0x03, // off=0x0374 start=7 len=12 (1 cp: U+0071)
    0x07, 0x09, 0x02, 0x53, 0x2E, 0x22, 0x84, 0x04, // off=0x037E start=7 len=9 (1 cp: U+0072)
    0x07, 0x09, 0x08, 0x08, 0x01, 0x04, 0x04, 0x08, 0x03, 0x03, 0x01, 0x08, // off=0x0386 start=7 len=9 (2 cps: U+0073, U+0455)
    0x03, 0x0D, 0x82, 0x02, 0x00, 0x08, 0x85, 0x02, 0x00, 0x47, // off=0x0392 start=3 len=13 (1 cp: U+0074)
    0x07, 0x09, 0x86, 0x01, 0x00, 0x13, // off=0x039C start=7 len=9 (2 cps: U+0075, U+0438)
    0x07, 0x09, 0x81, 0x01, 0x80, 0x09, 0x80, 0x0A, 0x80, 0x02, // off=0x03A2 start=7 len=9 (2 cps: U+0076, U+03BD)
    0x07, 0x09, 0x81, 0x01, 0x83, 0x0C, 0x00, 0x08, // off=0x03AC start=7 len=9 (1 cp: U+0077)
    0x07, 0x09, 0x08, 0x01, 0x01, 0x09, 0x0A, 0x02, 0x0A, 0x09, 0x01, 0x01, // off=0x03B4 start=7 len=9 (2 cps: U+0078, U+0445)
    0x07, 0x0C, 0x86, 0x01, 0x03, 0x13, 0x03, 0x03, 0x08, // off=0x03C0 start=7 len=12 (2 cps: U+0079, U+0443)
    0x07, 0x09, 0x08, 0x0F, 0x03, 0x10, 0x0B, 0x02, 0x0E, 0x05, 0x04, 0x0F, // off=0x03C9 start=7 len=9 (1 cp: U+007A)
    0x03, 0x0D, 0x00, 0x2A, 0x83, 0x02, 0x00, 0x31, 0x83, 0x02, 0x00, 0x2A, // off=0x03D5 start=3 len=13 (1 cp: U+007B)
    0x03, 0x0D, 0x8B, 0x02, // off=0x03E1 start=3 len=13 (1 cp: U+007C)
    0x03, 0x0D, 0x00, 0x31, 0x83, 0x02, 0x00, 0x2A, 0x83, 0x02, 0x00, 0x31, // off=0x03E5 start=3 len=13 (1 cp: U+007D)
    0x01, 0x04, 0x03, 0x69, 0x0C, 0x0C, 0x83, // off=0x03F1 start=1 len=4 (1 cp: U+007E)
    0x03, 0x0D, 0x80, 0x02, 0x80, 0x00, 0x87, 0x02, // off=0x03F8 start=3 len=13 (1 cp: U+00A1)
    0x05, 0x0D, 0x03, 0x02, 0x02, 0x08, 0x0C, 0x83, 0x1F, 0x03, 0x0C, 0x08, 0x02, 0x02, // off=0x0400 start=5 len=13 (1 cp: U+00A2)
    0x03, 0x0D, 0x01, 0x11, 0x09, 0x82, 0x05, 0x00, 0x28, 0x82, 0x05, 0x01, 0x06, 0x0F, // off=0x040E start=3 len=13 (1 cp: U+00A3)
    0x05, 0x0A, 0x02, 0x19, 0x06, 0x1E, 0x82, 0x06, 0x02, 0x1E, 0x06, 0x19, // off=0x041C start=5 len=10 (1 cp: U+00A4)
    0x03, 0x0D, 0x0C, 0x01, 0x01, 0x09, 0x09, 0x0A, 0x0A, 0x02, 0x02, 0x08, 0x02, 0x08, 0x02, 0x02, // off=0x0428 start=3 len=13 (1 cp: U+00A5)
    0x03, 0x0D, 0x83, 0x02, 0x80, 0x00, 0x84, 0x02, // off=0x0438 start=3 len=13 (1 cp: U+00A6)
    0x02, 0x0F, 0x0E, 0x11, 0x09, 0x05, 0x05, 0x16, 0x72, 0x09, 0x09, 0x09, 0x41, 0x07, 0x10, 0x10, 0x09, 0x11, // off=0x0440 start=2 len=15 (1 cp: U+00A7)
    0x00, 0x02, 0x80, 0x09, // off=0x0452 start=0 len=2 (2 cps: U+00A8, U+0308)
    0x05, 0x0A, 0x09, 0x08, 0x01, 0x99, 0x77, 0xAB, 0xAB, 0x77, 0x99, 0x01, 0x08, // off=0x0456 start=5 len=10 (1 cp: U+00A9)
    0x01, 0x09, 0x08, 0x1E, 0x03, 0x42, 0x06, 0x06, 0x06, 0x42, 0x00, 0x13, // off=0x0463 start=1 len=9 (1 cp: U+00AA)
    0x07, 0x09, 0x08, 0x2B, 0x23, 0x09, 0x1A, 0x1B, 0x1A, 0x09, 0x23, 0x2B, // off=0x046F start=7 len=9 (1 cp: U+00AB)
    0x07, 0x05, 0x00, 0x0F, 0x82, 0x03, // off=0x047B start=7 len=5 (1 cp: U+00AC)
    0x09, 0x01, 0x00, 0x08, // off=0x0481 start=9 len=1 (3 cps: U+00AD, U+2010, U+2011)
    0x05, 0x0A, 0x09, 0x08, 0x01, 0xAF, 0x77, 0x77, 0xAF, 0x9A, 0x77, 0x01, 0x08, // off=0x0485 start=5 len=10 (1 cp: U+00AE)
    0x01, 0x01, 0x00, 0x08, // off=0x0492 start=1 len=1 (2 cps: U+00AF, U+0304)
    0x01, 0x05, 0x04, 0x11, 0x09, 0x09, 0x09, 0x11, // off=0x0496 start=1 len=5 (1 cp: U+00B0)
    0x06, 0x0A, 0x81, 0x02, 0x06, 0x0F, 0x02, 0x02, 0x02, 0x00, 0x00, 0x0F, // off=0x049E start=6 len=10 (1 cp: U+00B1)
    0x01, 0x07, 0x06, 0x11, 0x09, 0x09, 0x0B, 0x02, 0x0E, 0x08, // off=0x04AA start=1 len=7 (1 cp: U+00B2)
    0x01, 0x07, 0x06, 0x11, 0x09, 0x10, 0x07, 0x10, 0x09, 0x11, // off=0x04B4 start=1 len=7 (1 cp: U+00B3)
    0x00, 0x02, 0x01, 0x0B, 0x02, // off=0x04BE start=0 len=2 (2 cps: U+00B4, U+0301)
    0x07, 0x0C, 0x85, 0x01, 0x01, 0x35, 0xDF, 0x81, 0x04, // off=0x04C3 start=7 len=12 (2 cps: U+00B5, U+03BC)
    0x03, 0x0D, 0x00, 0x13, 0x83, 0x0C, 0x00, 0xC2, 0x84, 0x30, // off=0x04CC start=3 len=13 (1 cp: U+00B6)
    0x09, 0x02, 0x80, 0x02, // off=0x04D6 start=9 len=2 (1 cp: U+00B7)
    0x10, 0x03, 0x02, 0x02, 0x02, 0x0E, // off=0x04DA start=16 len=3 (1 cp: U+00B8)
    0x01, 0x07, 0x01, 0x02, 0x16, 0x82, 0x02, 0x00, 0x11, // off=0x04E0 start=1 len=7 (1 cp: U+00B9)
    0x01, 0x09, 0x00, 0x1E, 0x83, 0x06, 0x02, 0x1E, 0x00, 0x13, // off=0x04E9 start=1 len=9 (1 cp: U+00BA)
    0x07, 0x09, 0x08, 0x1B, 0x1A, 0x09, 0x23, 0x2B, 0x23, 0x09, 0x1A, 0x1B, // off=0x04F3 start=7 len=9 (1 cp: U+00BB)
    0x02, 0x0F, 0x0E, 0x0E, 0x31, 0x0E, 0x4C, 0x23, 0x41, 0x0B, 0x02, 0x23, 0x90, 0x32, 0xA7, 0x45, 0x03, 0x03, // off=0x04FF start=2 len=15 (1 cp: U+00BC)
    0x02, 0x0F, 0x0E, 0x0E, 0x31, 0x0E, 0x4C, 0x23, 0x41, 0x0B, 0x02, 0x0E, 0x91, 0x0C, 0x76, 0x10, 0x0B, 0x45, // off=0x0511 start=2 len=15 (1 cp: U+00BD)
    0x02, 0x0F, 0x0E, 0x46, 0x02, 0x31, 0x2B, 0x30, 0xA6, 0x0B, 0x02, 0x23, 0x90, 0x32, 0xA7, 0x45, 0x03, 0x03, // off=0x0523 start=2 len=15 (1 cp: U+00BE)
    0x03, 0x0D, 0x0C, 0x02, 0x02, 0x00, 0x00, 0x02, 0x02, 0x0E, 0x05, 0x04, 0x01, 0x01, 0x09, 0x11, // off=0x0535 start=3 len=13 (1 cp: U+00BF)
    0x00, 0x10, 0x03, 0x0E, 0x02, 0x00, 0x08, 0x83, 0x01, 0x00, 0x0F, 0x84, 0x01, // off=0x0545 start=0 len=16 (1 cp: U+00C0)
    0x00, 0x10, 0x03, 0x0B, 0x02, 0x00, 0x08, 0x83, 0x01, 0x00, 0x0F, 0x84, 0x01, // off=0x0552 start=0 len=16 (1 cp: U+00C1)
    0x00, 0x10, 0x03, 0x11, 0x09, 0x00, 0x08, 0x83, 0x01, 0x00, 0x0F, 0x84, 0x01, // off=0x055F start=0 len=16 (1 cp: U+00C2)
    0x00, 0x10, 0x03, 0x21, 0x43, 0x00, 0x08, 0x83, 0x01, 0x00, 0x0F, 0x84, 0x01, // off=0x056C start=0 len=16 (1 cp: U+00C3)
    0x00, 0x10, 0x03, 0x09, 0x09, 0x00, 0x08, 0x83, 0x01, 0x00, 0x0F, 0x84, 0x01, // off=0x0579 start=0 len=16 (2 cps: U+00C4, U+04D2)
    0x00, 0x10, 0x03, 0x11, 0x09, 0x11, 0x08, 0x83, 0x01, 0x00, 0x0F, 0x84, 0x01, // off=0x0586 start=0 len=16 (1 cp: U+00C5)
    0x03, 0x0D, 0x00, 0x36, 0x83, 0x1B, 0x00, 0x5E, 0x83, 0x1B, 0x00, 0x55, // off=0x0593 start=3 len=13 (2 cps: U+00C6, U+04D4)
    0x03, 0x10, 0x02, 0x08, 0x01, 0x01, 0x85, 0x04, 0x05, 0x01, 0x01, 0x08, 0x02, 0x02, 0x0E, // off=0x059F start=3 len=16 (1 cp: U+00C7)
    0x00, 0x10, 0x03, 0x0E, 0x02, 0x00, 0x0F, 0x83, 0x04, 0x00, 0x28, 0x83, 0x04, 0x00, 0x0F, // off=0x05AE start=0 len=16 (2 cps: U+00C8, U+0400)
    0x00, 0x10, 0x03, 0x0B, 0x02, 0x00, 0x0F, 0x83, 0x04, 0x00, 0x28, 0x83, 0x04, 0x00, 0x0F, // off=0x05BD start=0 len=16 (1 cp: U+00C9)
    0x00, 0x10, 0x03, 0x11, 0x09, 0x00, 0x0F, 0x83, 0x04, 0x00, 0x28, 0x83, 0x04, 0x00, 0x0F, // off=0x05CC start=0 len=16 (1 cp: U+00CA)
    0x00, 0x10, 0x03, 0x09, 0x09, 0x00, 0x0F, 0x83, 0x04, 0x00, 0x28, 0x83, 0x04, 0x00, 0x0F, // off=0x05DB start=0 len=16 (2 cps: U+00CB, U+0401)
    0x00, 0x10, 0x03, 0x0E, 0x02, 0x00, 0x11, 0x89, 0x02, 0x00, 0x11, // off=0x05EA start=0 len=16 (1 cp: U+00CC)
    0x00, 0x10, 0x03, 0x0B, 0x02, 0x00, 0x11, 0x89, 0x02, 0x00, 0x11, // off=0x05F5 start=0 len=16 (1 cp: U+00CD)
    0x00, 0x10, 0x03, 0x11, 0x09, 0x00, 0x11, 0x89, 0x02, 0x00, 0x11, // off=0x0600 start=0 len=16 (1 cp: U+00CE)
    0x00, 0x10, 0x03, 0x09, 0x09, 0x00, 0x11, 0x89, 0x02, 0x00, 0x11, // off=0x060B start=0 len=16 (3 cps: U+00CF, U+03AA, U+0407)
    0x03, 0x0D, 0x01, 0x28, 0x15, 0x82, 0x01, 0x00, 0xF9, 0x82, 0x01, 0x01, 0x15, 0x28, // off=0x0616 start=3 len=13 (2 cps: U+00D0, U+0110)
    0x00, 0x10, 0x02, 0x21, 0x43, 0x00, 0x82, 0x01, 0x04, 0x3A, 0x27, 0x0C, 0x32, 0x35, 0x82, 0x01, // off=0x0624 start=0 len=16 (1 cp: U+00D1)
    0x00, 0x10, 0x03, 0x0E, 0x02, 0x00, 0x08, 0x89, 0x01, 0x00, 0x08, // off=0x0634 start=0 len=16 (1 cp: U+00D2)
    0x00, 0x10, 0x03, 0x0B, 0x02, 0x00, 0x08, 0x89, 0x01, 0x00, 0x08, // off=0x063F start=0 len=16 (1 cp: U+00D3)
    0x00, 0x10, 0x03, 0x11, 0x09, 0x00, 0x08, 0x89, 0x01, 0x00, 0x08, // off=0x064A start=0 len=16 (1 cp: U+00D4)
    0x00, 0x10, 0x03, 0x21, 0x43, 0x00, 0x08, 0x89, 0x01, 0x00, 0x08, // off=0x0655 start=0 len=16 (1 cp: U+00D5)
    0x00, 0x10, 0x03, 0x09, 0x09, 0x00, 0x08, 0x89, 0x01, 0x00, 0x08, // off=0x0660 start=0 len=16 (2 cps: U+00D6, U+04E6)
    0x06, 0x07, 0x06, 0x01, 0x09, 0x0A, 0x02, 0x0A, 0x09, 0x01, // off=0x066B start=6 len=7 (1 cp: U+00D7)
    0x03, 0x0D, 0x0C, 0x08, 0x01, 0x60, 0x01, 0x35, 0x32, 0x0C, 0x27, 0x3A, 0x01, 0x87, 0x01, 0x08, // off=0x0675 start=3 len=13 (1 cp: U+00D8)
    0x00, 0x10, 0x02, 0x0E, 0x02, 0x00, 0x8A, 0x01, 0x00, 0x08, // off=0x0685 start=0 len=16 (1 cp: U+00D9)
    0x00, 0x10, 0x02, 0x0B, 0x02, 0x00, 0x8A, 0x01, 0x00, 0x08, // off=0x068F start=0 len=16 (1 cp: U+00DA)
    0x00, 0x10, 0x02, 0x11, 0x09, 0x00, 0x8A, 0x01, 0x00, 0x08, // off=0x0699 start=0 len=16 (1 cp: U+00DB)
    0x00, 0x10, 0x02, 0x09, 0x09, 0x00, 0x8A, 0x01, 0x00, 0x08, // off=0x06A3 start=0 len=16 (1 cp: U+00DC)
    0x00, 0x10, 0x08, 0x0B, 0x02, 0x00, 0x01, 0x01, 0x09, 0x09, 0x0A, 0x0A, 0x85, 0x02, // off=0x06AD start=0 len=16 (1 cp: U+00DD)
    0x03, 0x0D, 0x81, 0x04, 0x00, 0x17, 0x83, 0x01, 0x00, 0x17, 0x81, 0x04, // off=0x06BB start=3 len=13 (1 cp: U+00DE)
    0x03, 0x0D, 0x05, 0x2C, 0x15, 0x15, 0x15, 0x1A, 0x17, 0x83, 0x01, 0x01, 0x3A, 0x94, // off=0x06C7 start=3 len=13 (1 cp: U+00DF)
    0x04, 0x0C, 0x06, 0x0E, 0x02, 0x00, 0x08, 0x03, 0x03, 0x13, 0x82, 0x01, 0x00, 0x13, // off=0x06D5 start=4 len=12 (1 cp: U+00E0)
    0x04, 0x0C, 0x06, 0x0B, 0x02, 0x00, 0x08, 0x03, 0x03, 0x13, 0x82, 0x01, 0x00, 0x13, // off=0x06E3 start=4 len=12 (1 cp: U+00E1)
    0x04, 0x0C, 0x06, 0x11, 0x09, 0x00, 0x08, 0x03, 0x03, 0x13, 0x82, 0x01, 0x00, 0x13, // off=0x06F1 start=4 len=12 (1 cp: U+00E2)
    0x04, 0x0C, 0x06, 0x21, 0x43, 0x00, 0x08, 0x03, 0x03, 0x13, 0x82, 0x01, 0x00, 0x13, // off=0x06FF start=4 len=12 (1 cp: U+00E3)
    0x04, 0x0C, 0x06, 0x09, 0x09, 0x00, 0x08, 0x03, 0x03, 0x13, 0x82, 0x01, 0x00, 0x13, // off=0x070D start=4 len=12 (2 cps: U+00E4, U+04D3)
    0x04, 0x0C, 0x06, 0x11, 0x09, 0x11, 0x08, 0x03, 0x03, 0x13, 0x82, 0x01, 0x00, 0x13, // off=0x071B start=4 len=12 (1 cp: U+00E5)
    0x07, 0x09, 0x08, 0x61, 0x2B, 0x2B, 0x49, 0x55, 0x1B, 0x1B, 0x33, 0x61, // off=0x0729 start=7 len=9 (2 cps: U+00E6, U+04D5)
    0x07, 0x0C, 0x01, 0x08, 0x01, 0x83, 0x04, 0x04, 0x01, 0x08, 0x02, 0x02, 0x0E, // off=0x0735 start=7 len=12 (1 cp: U+00E7)
    0x04, 0x0C, 0x0B, 0x0E, 0x02, 0x00, 0x08, 0x01, 0x01, 0x01, 0x0F, 0x04, 0x04, 0x01, 0x08, // off=0x0742 start=4 len=12 (2 cps: U+00E8, U+0450)
    0x04, 0x0C, 0x0B, 0x0B, 0x02, 0x00, 0x08, 0x01, 0x01, 0x01, 0x0F, 0x04, 0x04, 0x01, 0x08, // off=0x0751 start=4 len=12 (1 cp: U+00E9)
    0x04, 0x0C, 0x0B, 0x11, 0x09, 0x00, 0x08, 0x01, 0x01, 0x01, 0x0F, 0x04, 0x04, 0x01, 0x08, // off=0x0760 start=4 len=12 (1 cp: U+00EA)
    0x04, 0x0C, 0x0B, 0x09, 0x09, 0x00, 0x08, 0x01, 0x01, 0x01, 0x0F, 0x04, 0x04, 0x01, 0x08, // off=0x076F start=4 len=12 (2 cps: U+00EB, U+0451)
    0x04, 0x0C, 0x03, 0x0E, 0x02, 0x00, 0x16, 0x85, 0x02, 0x00, 0x11, // off=0x077E start=4 len=12 (1 cp: U+00EC)
    0x04, 0x0C, 0x03, 0x0B, 0x02, 0x00, 0x16, 0x85, 0x02, 0x00, 0x11, // off=0x0789 start=4 len=12 (1 cp: U+00ED)
    0x04, 0x0C, 0x03, 0x11, 0x09, 0x00, 0x16, 0x85, 0x02, 0x00, 0x11, // off=0x0794 start=4 len=12 (1 cp: U+00EE)
    0x04, 0x0C, 0x03, 0x09, 0x09, 0x00, 0x16, 0x85, 0x02, 0x00, 0x11, // off=0x079F start=4 len=12 (2 cps: U+00EF, U+0457)
    0x03, 0x0D, 0x04, 0xC0, 0x0E, 0xD2, 0x0B, 0x08, 0x85, 0x01, 0x00, 0x08, // off=0x07AA start=3 len=13 (1 cp: U+00F0)
    0x04, 0x0C, 0x03, 0x21, 0x43, 0x00, 0x17, 0x86, 0x01, // off=0x07B6 start=4 len=12 (1 cp: U+00F1)
    0x04, 0x0C, 0x03, 0x0E, 0x02, 0x00, 0x08, 0x85, 0x01, 0x00, 0x08, // off=0x07BF start=4 len=12 (1 cp: U+00F2)
    0x04, 0x0C, 0x03, 0x0B, 0x02, 0x00, 0x08, 0x85, 0x01, 0x00, 0x08, // off=0x07CA start=4 len=12 (2 cps: U+00F3, U+03CC)
    0x04, 0x0C, 0x03, 0x11, 0x09, 0x00, 0x08, 0x85, 0x01, 0x00, 0x08, // off=0x07D5 start=4 len=12 (1 cp: U+00F4)
    0x04, 0x0C, 0x03, 0x21, 0x43, 0x00, 0x08, 0x85, 0x01, 0x00, 0x08, // off=0x07E0 start=4 len=12 (1 cp: U+00F5)
    0x04, 0x0C, 0x03, 0x09, 0x09, 0x00, 0x08, 0x85, 0x01, 0x00, 0x08, // off=0x07EB start=4 len=12 (2 cps: U+00F6, U+04E7)
    0x05, 0x09, 0x08, 0x02, 0x02, 0x00, 0x00, 0x0F, 0x00, 0x00, 0x02, 0x02, // off=0x07F6 start=5 len=9 (1 cp: U+00F7)
    0x07, 0x09, 0x08, 0xA3, 0x01, 0x35, 0x32, 0x0C, 0x27, 0x3A, 0x01, 0xB0, // off=0x0802 start=7 len=9 (1 cp: U+00F8)
    0x04, 0x0C, 0x02, 0x0E, 0x02, 0x00, 0x86, 0x01, 0x00, 0x13, // off=0x080E start=4 len=12 (2 cps: U+00F9, U+045D)
    0x04, 0x0C, 0x02, 0x0B, 0x02, 0x00, 0x86, 0x01, 0x00, 0x13, // off=0x0818 start=4 len=12 (1 cp: U+00FA)
    0x04, 0x0C, 0x02, 0x11, 0x09, 0x00, 0x86, 0x01, 0x00, 0x13, // off=0x0822 start=4 len=12 (1 cp: U+00FB)
    0x04, 0x0C, 0x02, 0x09, 0x09, 0x00, 0x86, 0x01, 0x00, 0x13, // off=0x082C start=4 len=12 (2 cps: U+00FC, U+04E5)
    0x04, 0x0F, 0x02, 0x0B, 0x02, 0x00, 0x86, 0x01, 0x03, 0x13, 0x03, 0x03, 0x08, // off=0x0836 start=4 len=15 (1 cp: U+00FD)
    0x03, 0x10, 0x82, 0x04, 0x00, 0x17, 0x85, 0x01, 0x00, 0x17, 0x81, 0x04, // off=0x0843 start=3 len=16 (1 cp: U+00FE)
    0x04, 0x0F, 0x02, 0x09, 0x09, 0x00, 0x86, 0x01, 0x03, 0x13, 0x03, 0x03, 0x08, // off=0x084F start=4 len=15 (2 cps: U+00FF, U+04F1)
    0x01, 0x0F, 0x02, 0x08, 0x00, 0x08, 0x83, 0x01, 0x00, 0x0F, 0x84, 0x01, // off=0x085C start=1 len=15 (1 cp: U+0100)
    0x05, 0x0B, 0x05, 0x08, 0x00, 0x08, 0x03, 0x03, 0x13, 0x82, 0x01, 0x00, 0x13, // off=0x0868 start=5 len=11 (1 cp: U+0101)
    0x00, 0x10, 0x03, 0x09, 0x11, 0x00, 0x08, 0x83, 0x01, 0x00, 0x0F, 0x84, 0x01, // off=0x0875 start=0 len=16 (3 cps: U+0102, U+01CD, U+04D0)
    0x04, 0x0C, 0x06, 0x09, 0x11, 0x00, 0x08, 0x03, 0x03, 0x13, 0x82, 0x01, 0x00, 0x13, // off=0x0882 start=4 len=12 (3 cps: U+0103, U+01CE, U+04D1)
    0x03, 0x10, 0x00, 0x08, 0x83, 0x01, 0x00, 0x0F, 0x84, 0x01, 0x02, 0x03, 0x10, 0x40, // off=0x0890 start=3 len=16 (1 cp: U+0104)
    0x07, 0x0C, 0x03, 0x08, 0x03, 0x03, 0x13, 0x82, 0x01, 0x03, 0x13, 0x03, 0x10, 0x40, // off=0x089E start=7 len=12 (1 cp: U+0105)
    0x00, 0x10, 0x05, 0x0B, 0x02, 0x00, 0x08, 0x01, 0x01, 0x85, 0x04, 0x02, 0x01, 0x01, 0x08, // off=0x08AC start=0 len=16 (1 cp: U+0106)
    0x04, 0x0C, 0x04, 0x0B, 0x02, 0x00, 0x08, 0x01, 0x83, 0x04, 0x01, 0x01, 0x08, // off=0x08BB start=4 len=12 (1 cp: U+0107)
    0x00, 0x10, 0x05, 0x11, 0x09, 0x00, 0x08, 0x01, 0x01, 0x85, 0x04, 0x02, 0x01, 0x01, 0x08, // off=0x08C8 start=0 len=16 (1 cp: U+0108)
    0x04, 0x0C, 0x04, 0x11, 0x09, 0x00, 0x08, 0x01, 0x83, 0x04, 0x01, 0x01, 0x08, // off=0x08D7 start=4 len=12 (1 cp: U+0109)
    0x00, 0x10, 0x05, 0x02, 0x02, 0x00, 0x08, 0x01, 0x01, 0x85, 0x04, 0x02, 0x01, 0x01, 0x08, // off=0x08E4 start=0 len=16 (1 cp: U+010A)
    0x04, 0x0C, 0x04, 0x02, 0x02, 0x00, 0x08, 0x01, 0x83, 0x04, 0x01, 0x01, 0x08, // off=0x08F3 start=4 len=12 (1 cp: U+010B)
    0x00, 0x10, 0x05, 0x09, 0x11, 0x00, 0x08, 0x01, 0x01, 0x85, 0x04, 0x02, 0x01, 0x01, 0x08, // off=0x0900 start=0 len=16 (1 cp: U+010C)
    0x04, 0x0C, 0x04, 0x09, 0x11, 0x00, 0x08, 0x01, 0x83, 0x04, 0x01, 0x01, 0x08, // off=0x090F start=4 len=12 (1 cp: U+010D)
    0x00, 0x10, 0x04, 0x09, 0x11, 0x00, 0x28, 0x15, 0x87, 0x01, 0x01, 0x15, 0x28, // off=0x091C start=0 len=16 (1 cp: U+010E)
    0x00, 0x10, 0x02, 0x09, 0x11, 0x00, 0x82, 0x03, 0x00, 0x13, 0x85, 0x01, 0x00, 0x13, // off=0x0929 start=0 len=16 (1 cp: U+010F)
    0x03, 0x0D, 0x04, 0x03, 0x5F, 0x03, 0x03, 0x13, 0x85, 0x01, 0x00, 0x13, // off=0x0937 start=3 len=13 (1 cp: U+0111)
    0x01, 0x0F, 0x02, 0x08, 0x00, 0x0F, 0x83, 0x04, 0x00, 0x28, 0x83, 0x04, 0x00, 0x0F, // off=0x0943 start=1 len=15 (1 cp: U+0112)
    0x05, 0x0B, 0x0A, 0x08, 0x00, 0x08, 0x01, 0x01, 0x01, 0x0F, 0x04, 0x04, 0x01, 0x08, // off=0x0951 start=5 len=11 (1 cp: U+0113)
    0x00, 0x10, 0x03, 0x09, 0x11, 0x00, 0x0F, 0x83, 0x04, 0x00, 0x28, 0x83, 0x04, 0x00, 0x0F, // off=0x095F start=0 len=16 (3 cps: U+0114, U+011A, U+04D6)
    0x04, 0x0C, 0x0B, 0x09, 0x11, 0x00, 0x08, 0x01, 0x01, 0x01, 0x0F, 0x04, 0x04, 0x01, 0x08, // off=0x096E start=4 len=12 (3 cps: U+0115, U+011B, U+04D7)
    0x00, 0x10, 0x03, 0x02, 0x02, 0x00, 0x0F, 0x83, 0x04, 0x00, 0x28, 0x83, 0x04, 0x00, 0x0F, // off=0x097D start=0 len=16 (1 cp: U+0116)
    0x04, 0x0C, 0x0B, 0x02, 0x02, 0x00, 0x08, 0x01, 0x01, 0x01, 0x0F, 0x04, 0x04, 0x01, 0x08, // off=0x098C start=4 len=12 (1 cp: U+0117)
    0x03, 0x10, 0x00, 0x0F, 0x83, 0x04, 0x00, 0x28, 0x83, 0x04, 0x03, 0x0F, 0x03, 0x10, 0x40, // off=0x099B start=3 len=16 (1 cp: U+0118)
    0x07, 0x0C, 0x0B, 0x08, 0x01, 0x01, 0x01, 0x0F, 0x04, 0x04, 0x01, 0x08, 0x02, 0x0E, 0x07, // off=0x09AA start=7 len=12 (1 cp: U+0119)
    0x00, 0x10, 0x09, 0x11, 0x09, 0x00, 0x08, 0x01, 0x01, 0x04, 0x04, 0x04, 0x53, 0x83, 0x01, 0x00, 0x08, // off=0x09B9 start=0 len=16 (1 cp: U+011C)
    0x04, 0x0F, 0x03, 0x11, 0x09, 0x00, 0x13, 0x85, 0x01, 0x03, 0x13, 0x03, 0x03, 0x08, // off=0x09CA start=4 len=15 (1 cp: U+011D)
    0x00, 0x10, 0x09, 0x09, 0x11, 0x00, 0x08, 0x01, 0x01, 0x04, 0x04, 0x04, 0x53, 0x83, 0x01, 0x00, 0x08, // off=0x09D8 start=0 len=16 (2 cps: U+011E, U+01E6)
    0x04, 0x0F, 0x03, 0x09, 0x11, 0x00, 0x13, 0x85, 0x01, 0x03, 0x13, 0x03, 0x03, 0x08, // off=0x09E9 start=4 len=15 (2 cps: U+011F, U+01E7)
    0x00, 0x10, 0x09, 0x02, 0x02, 0x00, 0x08, 0x01, 0x01, 0x04, 0x04, 0x04, 0x53, 0x83, 0x01, 0x00, 0x08, // off=0x09F7 start=0 len=16 (1 cp: U+0120)
    0x04, 0x0F, 0x03, 0x02, 0x02, 0x00, 0x13, 0x85, 0x01, 0x03, 0x13, 0x03, 0x03, 0x08, // off=0x0A08 start=4 len=15 (1 cp: U+0121)
    0x03, 0x11, 0x06, 0x08, 0x01, 0x01, 0x04, 0x04, 0x04, 0x53, 0x83, 0x01, 0x04, 0x08, 0x00, 0x02, 0x02, 0x0E, // off=0x0A16 start=3 len=17 (1 cp: U+0122)
    0x03, 0x10, 0x04, 0x0B, 0x02, 0x02, 0x00, 0x13, 0x85, 0x01, 0x03, 0x13, 0x03, 0x03, 0x08, // off=0x0A28 start=3 len=16 (1 cp: U+0123)
    0x00, 0x10, 0x02, 0x11, 0x09, 0x00, 0x84, 0x01, 0x00, 0x0F, 0x84, 0x01, // off=0x0A37 start=0 len=16 (1 cp: U+0124)
    0x00, 0x10, 0x02, 0x11, 0x09, 0x00, 0x82, 0x04, 0x00, 0x17, 0x86, 0x01, // off=0x0A43 start=0 len=16 (1 cp: U+0125)
    0x03, 0x0D, 0x06, 0x01, 0x01, 0x1C, 0x01, 0x01, 0x01, 0x0F, 0x84, 0x01, // off=0x0A4F start=3 len=13 (1 cp: U+0126)
    0x03, 0x0D, 0x04, 0x04, 0x14, 0x04, 0x04, 0x17, 0x86, 0x01, // off=0x0A5B start=3 len=13 (3 cps: U+0127, U+045B, U+210F)
    0x00, 0x10, 0x03, 0x21, 0x43, 0x00, 0x11, 0x89, 0x02, 0x00, 0x11, // off=0x0A65 start=0 len=16 (1 cp: U+0128)
    0x04, 0x0C, 0x03, 0x21, 0x43, 0x00, 0x16, 0x85, 0x02, 0x00, 0x11, // off=0x0A70 start=4 len=12 (1 cp: U+0129)
    0x01, 0x0F, 0x02, 0x08, 0x00, 0x11, 0x89, 0x02, 0x00, 0x11, // off=0x0A7B start=1 len=15 (1 cp: U+012A)
    0x05, 0x0B, 0x02, 0x08, 0x00, 0x16, 0x85, 0x02, 0x00, 0x11, // off=0x0A85 start=5 len=11 (1 cp: U+012B)
    0x00, 0x10, 0x03, 0x09, 0x11, 0x00, 0x11, 0x89, 0x02, 0x00, 0x11, // off=0x0A8F start=0 len=16 (2 cps: U+012C, U+01CF)
    0x04, 0x0C, 0x03, 0x09, 0x11, 0x00, 0x16, 0x85, 0x02, 0x00, 0x11, // off=0x0A9A start=4 len=12 (2 cps: U+012D, U+01D0)
    0x03, 0x10, 0x00, 0x11, 0x89, 0x02, 0x03, 0x11, 0x02, 0x0E, 0x07, // off=0x0AA5 start=3 len=16 (1 cp: U+012E)
    0x03, 0x10, 0x04, 0x02, 0x02, 0x00, 0x00, 0x16, 0x85, 0x02, 0x03, 0x11, 0x02, 0x0E, 0x07, // off=0x0AB0 start=3 len=16 (1 cp: U+012F)
    0x00, 0x10, 0x03, 0x02, 0x02, 0x00, 0x11, 0x89, 0x02, 0x00, 0x11, // off=0x0ABF start=0 len=16 (1 cp: U+0130)
    0x07, 0x09, 0x00, 0x16, 0x85, 0x02, 0x00, 0x11, // off=0x0ACA start=7 len=9 (1 cp: U+0131)
    0x03, 0x0D, 0x00, 0x6D, 0x86, 0x01, 0x81, 0x0C, 0x00, 0xF4, // off=0x0AD2 start=3 len=13 (1 cp: U+0132)
    0x03, 0x10, 0x04, 0x3F, 0x3F, 0x00, 0x00, 0x12, 0x85, 0x3F, 0x03, 0xD5, 0x6F, 0x6F, 0x3B, // off=0x0ADC start=3 len=16 (1 cp: U+0133)
    0x00, 0x10, 0x03, 0x47, 0x2B, 0x00, 0x47, 0x86, 0x10, 0x81, 0x15, 0x00, 0x2C, // off=0x0AEB start=0 len=16 (1 cp: U+0134)
    0x04, 0x0F, 0x03, 0x47, 0x2B, 0x00, 0x2A, 0x86, 0x10, 0x02, 0x09, 0x09, 0x11, // off=0x0AF8 start=4 len=15 (1 cp: U+0135)
    0x03, 0x11, 0x10, 0x01, 0x01, 0x15, 0x1A, 0x1F, 0x2E, 0x22, 0x2E, 0x1F, 0x1A, 0x15, 0x01, 0x01, 0x00, 0x02, 0x02, 0x0E, // off=0x0B05 start=3 len=17 (1 cp: U+0136)
    0x03, 0x11, 0x82, 0x04, 0x0C, 0x01, 0x15, 0x1A, 0x1F, 0x46, 0x1F, 0x1A, 0x15, 0x01, 0x00, 0x02, 0x02, 0x0E, // off=0x0B19 start=3 len=17 (1 cp: U+0137)
    0x07, 0x09, 0x08, 0x01, 0x15, 0x1A, 0x1F, 0x46, 0x1F, 0x1A, 0x15, 0x01, // off=0x0B2B start=7 len=9 (3 cps: U+0138, U+03BA, U+043A)
    0x00, 0x10, 0x02, 0x05, 0x04, 0x00, 0x8A, 0x04, 0x00, 0x0F, // off=0x0B37 start=0 len=16 (1 cp: U+0139)
    0x00, 0x10, 0x03, 0x0B, 0x02, 0x00, 0x16, 0x89, 0x02, 0x00, 0x11, // off=0x0B41 start=0 len=16 (1 cp: U+013A)
    0x03, 0x11, 0x8A, 0x04, 0x04, 0x0F, 0x00, 0x02, 0x02, 0x0E, // off=0x0B4C start=3 len=17 (1 cp: U+013B)
    0x03, 0x11, 0x00, 0x16, 0x89, 0x02, 0x04, 0x11, 0x00, 0x02, 0x02, 0x0E, // off=0x0B56 start=3 len=17 (1 cp: U+013C)
    0x00, 0x10, 0x02, 0x09, 0x11, 0x00, 0x8A, 0x04, 0x00, 0x0F, // off=0x0B62 start=0 len=16 (1 cp: U+013D)
    0x00, 0x10, 0x03, 0x09, 0x11, 0x00, 0x16, 0x89, 0x02, 0x00, 0x11, // off=0x0B6C start=0 len=16 (1 cp: U+013E)
    0x03, 0x0D, 0x83, 0x04, 0x80, 0x15, 0x83, 0x04, 0x00, 0x0F, // off=0x0B77 start=3 len=13 (1 cp: U+013F)
    0x03, 0x0D, 0x00, 0x16, 0x82, 0x02, 0x80, 0x9F, 0x83, 0x02, 0x00, 0x11, // off=0x0B81 start=3 len=13 (1 cp: U+0140)
    0x03, 0x0D, 0x82, 0x05, 0x08, 0x50, 0x31, 0x05, 0x22, 0xEA, 0x05, 0x05, 0x05, 0x52, // off=0x0B8D start=3 len=13 (1 cp: U+0141)
    0x03, 0x0D, 0x0C, 0x16, 0x02, 0x02, 0x02, 0x4F, 0x07, 0x02, 0x16, 0x50, 0x02, 0x02, 0x02, 0x11, // off=0x0B9B start=3 len=13 (1 cp: U+0142)
    0x00, 0x10, 0x02, 0x0B, 0x02, 0x00, 0x82, 0x01, 0x04, 0x3A, 0x27, 0x0C, 0x32, 0x35, 0x82, 0x01, // off=0x0BAB start=0 len=16 (1 cp: U+0143)
    0x04, 0x0C, 0x03, 0x0B, 0x02, 0x00, 0x17, 0x86, 0x01, // off=0x0BBB start=4 len=12 (1 cp: U+0144)
    0x03, 0x11, 0x82, 0x01, 0x04, 0x3A, 0x27, 0x0C, 0x32, 0x35, 0x82, 0x01, 0x03, 0x00, 0x02, 0x02, 0x0E, // off=0x0BC4 start=3 len=17 (1 cp: U+0145)
    0x07, 0x0D, 0x00, 0x17, 0x86, 0x01, 0x03, 0x00, 0x02, 0x02, 0x0E, // off=0x0BD5 start=7 len=13 (1 cp: U+0146)
    0x00, 0x10, 0x02, 0x09, 0x11, 0x00, 0x82, 0x01, 0x04, 0x3A, 0x27, 0x0C, 0x32, 0x35, 0x82, 0x01, // off=0x0BE0 start=0 len=16 (1 cp: U+0147)
    0x04, 0x0C, 0x03, 0x09, 0x11, 0x00, 0x17, 0x86, 0x01, // off=0x0BF0 start=4 len=12 (1 cp: U+0148)
    0x01, 0x0F, 0x81, 0x04, 0x03, 0x1D, 0x00, 0x00, 0x17, 0x86, 0x01, // off=0x0BF9 start=1 len=15 (1 cp: U+0149)
    0x03, 0x10, 0x82, 0x01, 0x04, 0x3A, 0x27, 0x0C, 0x32, 0x35, 0x82, 0x01, 0x02, 0x03, 0x03, 0x2A, // off=0x0C04 start=3 len=16 (1 cp: U+014A)
    0x07, 0x0C, 0x00, 0x17, 0x86, 0x01, 0x02, 0x03, 0x03, 0x2A, // off=0x0C14 start=7 len=12 (1 cp: U+014B)
    0x01, 0x0F, 0x02, 0x08, 0x00, 0x08, 0x89, 0x01, 0x00, 0x08, // off=0x0C1E start=1 len=15 (1 cp: U+014C)
    0x05, 0x0B, 0x02, 0x08, 0x00, 0x08, 0x85, 0x01, 0x00, 0x08, // off=0x0C28 start=5 len=11 (1 cp: U+014D)
    0x00, 0x10, 0x03, 0x09, 0x11, 0x00, 0x08, 0x89, 0x01, 0x00, 0x08, // off=0x0C32 start=0 len=16 (2 cps: U+014E, U+01D1)
    0x04, 0x0C, 0x03, 0x09, 0x11, 0x00, 0x08, 0x85, 0x01, 0x00, 0x08, // off=0x0C3D start=4 len=12 (2 cps: U+014F, U+01D2)
    0x00, 0x10, 0x03, 0x23, 0x09, 0x00, 0x08, 0x89, 0x01, 0x00, 0x08, // off=0x0C48 start=0 len=16 (1 cp: U+0150)
    0x04, 0x0C, 0x03, 0x23, 0x09, 0x00, 0x08, 0x85, 0x01, 0x00, 0x08, // off=0x0C53 start=4 len=12 (1 cp: U+0151)
    0x03, 0x0D, 0x00, 0x36, 0x83, 0x1B, 0x00, 0x5D, 0x83, 0x1B, 0x00, 0x36, // off=0x0C5E start=3 len=13 (1 cp: U+0152)
    0x07, 0x09, 0x08, 0x0F, 0x33, 0x33, 0x33, 0x55, 0x1B, 0x1B, 0x33, 0x0F, // off=0x0C6A start=7 len=9 (1 cp: U+0153)
    0x00, 0x10, 0x03, 0x0B, 0x02, 0x00, 0x17, 0x83, 0x01, 0x06, 0x17, 0x22, 0x2E, 0x1F, 0x1A, 0x15, 0x01, // off=0x0C76 start=0 len=16 (1 cp: U+0154)
    0x04, 0x0C, 0x05, 0x0B, 0x02, 0x00, 0x53, 0x2E, 0x22, 0x84, 0x04, // off=0x0C87 start=4 len=12 (1 cp: U+0155)
    0x03, 0x11, 0x00, 0x17, 0x83, 0x01, 0x0A, 0x17, 0x22, 0x2E, 0x1F, 0x1A, 0x15, 0x01, 0x00, 0x02, 0x02, 0x0E, // off=0x0C92 start=3 len=17 (1 cp: U+0156)
    0x07, 0x0D, 0x02, 0x53, 0x2E, 0x22, 0x84, 0x04, 0x03, 0x00, 0x04, 0x04, 0x1D, // off=0x0CA4 start=7 len=13 (1 cp: U+0157)
    0x00, 0x10, 0x03, 0x09, 0x11, 0x00, 0x17, 0x83, 0x01, 0x06, 0x17, 0x22, 0x2E, 0x1F, 0x1A, 0x15, 0x01, // off=0x0CB1 start=0 len=16 (1 cp: U+0158)
    0x04, 0x0C, 0x05, 0x09, 0x11, 0x00, 0x53, 0x2E, 0x22, 0x84, 0x04, // off=0x0CC2 start=4 len=12 (1 cp: U+0159)
    0x00, 0x10, 0x0F, 0x0B, 0x02, 0x00, 0x08, 0x01, 0x01, 0x04, 0x04, 0x04, 0x08, 0x03, 0x03, 0x03, 0x01, 0x01, 0x08, // off=0x0CCD start=0 len=16 (1 cp: U+015A)
    0x04, 0x0C, 0x0B, 0x0B, 0x02, 0x00, 0x08, 0x01, 0x04, 0x04, 0x08, 0x03, 0x03, 0x01, 0x08, // off=0x0CE0 start=4 len=12 (1 cp: U+015B)
    0x00, 0x10, 0x0F, 0x11, 0x09, 0x00, 0x08, 0x01, 0x01, 0x04, 0x04, 0x04, 0x08, 0x03, 0x03, 0x03, 0x01, 0x01, 0x08, // off=0x0CEF start=0 len=16 (1 cp: U+015C)
    0x04, 0x0C, 0x0B, 0x11, 0x09, 0x00, 0x08, 0x01, 0x04, 0x04, 0x08, 0x03, 0x03, 0x01, 0x08, // off=0x0D02 start=4 len=12 (1 cp: U+015D)
    0x03, 0x10, 0x0F, 0x08, 0x01, 0x01, 0x04, 0x04, 0x04, 0x08, 0x03, 0x03, 0x03, 0x01, 0x01, 0x08, 0x02, 0x02, 0x0E, // off=0x0D11 start=3 len=16 (1 cp: U+015E)
    0x07, 0x0C, 0x0B, 0x08, 0x01, 0x04, 0x04, 0x08, 0x03, 0x03, 0x01, 0x08, 0x02, 0x02, 0x0E, // off=0x0D24 start=7 len=12 (1 cp: U+015F)
    0x00, 0x10, 0x0F, 0x09, 0x11, 0x00, 0x08, 0x01, 0x01, 0x04, 0x04, 0x04, 0x08, 0x03, 0x03, 0x03, 0x01, 0x01, 0x08, // off=0x0D33 start=0 len=16 (1 cp: U+0160)
    0x04, 0x0C, 0x0B, 0x09, 0x11, 0x00, 0x08, 0x01, 0x04, 0x04, 0x08, 0x03, 0x03, 0x01, 0x08, // off=0x0D46 start=4 len=12 (1 cp: U+0161)
    0x03, 0x10, 0x00, 0x0F, 0x8A, 0x02, 0x02, 0x0B, 0x0B, 0x02, // off=0x0D55 start=3 len=16 (1 cp: U+0162)
    0x03, 0x10, 0x82, 0x02, 0x00, 0x08, 0x85, 0x02, 0x03, 0x47, 0x10, 0x10, 0x0B, // off=0x0D5F start=3 len=16 (1 cp: U+0163)
    0x00, 0x10, 0x03, 0x09, 0x11, 0x00, 0x0F, 0x8A, 0x02, // off=0x0D6C start=0 len=16 (1 cp: U+0164)
    0x00, 0x10, 0x02, 0x09, 0x11, 0x00, 0x82, 0x02, 0x00, 0x08, 0x85, 0x02, 0x00, 0x47, // off=0x0D75 start=0 len=16 (1 cp: U+0165)
    0x03, 0x0D, 0x00, 0x0F, 0x83, 0x02, 0x00, 0x08, 0x84, 0x02, // off=0x0D83 start=3 len=13 (1 cp: U+0166)
    0x03, 0x0D, 0x82, 0x02, 0x02, 0x08, 0x02, 0x11, 0x83, 0x02, 0x00, 0x47, // off=0x0D8D start=3 len=13 (1 cp: U+0167)
    0x00, 0x10, 0x02, 0x21, 0x43, 0x00, 0x8A, 0x01, 0x00, 0x08, // off=0x0D99 start=0 len=16 (1 cp: U+0168)
    0x04, 0x0C, 0x02, 0x21, 0x43, 0x00, 0x86, 0x01, 0x00, 0x13, // off=0x0DA3 start=4 len=12 (1 cp: U+0169)
    0x01, 0x0F, 0x01, 0x08, 0x00, 0x8A, 0x01, 0x00, 0x08, // off=0x0DAD start=1 len=15 (1 cp: U+016A)
    0x05, 0x0B, 0x01, 0x08, 0x00, 0x86, 0x01, 0x00, 0x13, // off=0x0DB6 start=5 len=11 (2 cps: U+016B, U+04E3)
    0x00, 0x10, 0x02, 0x09, 0x11, 0x00, 0x8A, 0x01, 0x00, 0x08, // off=0x0DBF start=0 len=16 (2 cps: U+016C, U+01D3)
    0x04, 0x0C, 0x02, 0x09, 0x11, 0x00, 0x86, 0x01, 0x00, 0x13, // off=0x0DC9 start=4 len=12 (3 cps: U+016D, U+01D4, U+0439)
    0x00, 0x10, 0x02, 0x11, 0x09, 0x11, 0x8A, 0x01, 0x00, 0x08, // off=0x0DD3 start=0 len=16 (1 cp: U+016E)
    0x04, 0x0C, 0x02, 0x11, 0x09, 0x11, 0x86, 0x01, 0x00, 0x13, // off=0x0DDD start=4 len=12 (1 cp: U+016F)
    0x00, 0x10, 0x02, 0x23, 0x09, 0x00, 0x8A, 0x01, 0x00, 0x08, // off=0x0DE7 start=0 len=16 (1 cp: U+0170)
    0x04, 0x0C, 0x02, 0x23, 0x09, 0x00, 0x86, 0x01, 0x00, 0x13, // off=0x0DF1 start=4 len=12 (1 cp: U+0171)
    0x03, 0x10, 0x8A, 0x01, 0x03, 0x08, 0x02, 0x0E, 0x07, // off=0x0DFB start=3 len=16 (1 cp: U+0172)
    0x07, 0x0C, 0x86, 0x01, 0x03, 0x13, 0x03, 0x10, 0x40, // off=0x0E04 start=7 len=12 (1 cp: U+0173)
    0x00, 0x10, 0x02, 0x11, 0x09, 0x00, 0x85, 0x19, 0x05, 0x58, 0x58, 0x54, 0x54, 0x12, 0x19, // off=0x0E0D start=0 len=16 (1 cp: U+0174)
    0x04, 0x0C, 0x02, 0x11, 0x09, 0x00, 0x81, 0x01, 0x83, 0x0C, 0x00, 0x08, // off=0x0E1C start=4 len=12 (1 cp: U+0175)
    0x00, 0x10, 0x08, 0x11, 0x09, 0x00, 0x01, 0x01, 0x09, 0x09, 0x0A, 0x0A, 0x85, 0x02, // off=0x0E28 start=0 len=16 (1 cp: U+0176)
    0x04, 0x0F, 0x02, 0x11, 0x09, 0x00, 0x86, 0x01, 0x03, 0x13, 0x03, 0x03, 0x08, // off=0x0E36 start=4 len=15 (1 cp: U+0177)
    0x00, 0x10, 0x08, 0x09, 0x09, 0x00, 0x01, 0x01, 0x09, 0x09, 0x0A, 0x0A, 0x85, 0x02, // off=0x0E43 start=0 len=16 (2 cps: U+0178, U+03AB)
    0x00, 0x10, 0x0F, 0x0B, 0x02, 0x00, 0x0F, 0x03, 0x03, 0x03, 0x10, 0x0B, 0x02, 0x0E, 0x05, 0x04, 0x04, 0x04, 0x0F, // off=0x0E51 start=0 len=16 (1 cp: U+0179)
    0x04, 0x0C, 0x0B, 0x0B, 0x02, 0x00, 0x0F, 0x03, 0x10, 0x0B, 0x02, 0x0E, 0x05, 0x04, 0x0F, // off=0x0E64 start=4 len=12 (1 cp: U+017A)
    0x00, 0x10, 0x0F, 0x02, 0x02, 0x00, 0x0F, 0x03, 0x03, 0x03, 0x10, 0x0B, 0x02, 0x0E, 0x05, 0x04, 0x04, 0x04, 0x0F, // off=0x0E73 start=0 len=16 (1 cp: U+017B)
    0x04, 0x0C, 0x0B, 0x02, 0x02, 0x00, 0x0F, 0x03, 0x10, 0x0B, 0x02, 0x0E, 0x05, 0x04, 0x0F, // off=0x0E86 start=4 len=12 (1 cp: U+017C)
    0x00, 0x10, 0x0F, 0x09, 0x11, 0x00, 0x0F, 0x03, 0x03, 0x03, 0x10, 0x0B, 0x02, 0x0E, 0x05, 0x04, 0x04, 0x04, 0x0F, // off=0x0E95 start=0 len=16 (1 cp: U+017D)
    0x04, 0x0C, 0x0B, 0x09, 0x11, 0x00, 0x0F, 0x03, 0x10, 0x0B, 0x02, 0x0E, 0x05, 0x04, 0x0F, // off=0x0EA8 start=4 len=12 (1 cp: U+017E)
    0x03, 0x0D, 0x00, 0x47, 0x8A, 0x02, // off=0x0EB7 start=3 len=13 (1 cp: U+017F)
    0x03, 0x0D, 0x02, 0x08, 0x01, 0x01, 0x85, 0x03, 0x02, 0x01, 0x01, 0x08, // off=0x0EBD start=3 len=13 (1 cp: U+0186)
    0x03, 0x0D, 0x00, 0x0F, 0x83, 0x03, 0x00, 0x42, 0x83, 0x03, 0x00, 0x0F, // off=0x0EC9 start=3 len=13 (1 cp: U+018E)
    0x03, 0x0D, 0x06, 0x08, 0x01, 0x01, 0x03, 0x03, 0x03, 0x0F, 0x83, 0x01, 0x00, 0x08, // off=0x0ED5 start=3 len=13 (2 cps: U+018F, U+04D8)
    0x03, 0x0D, 0x0C, 0x08, 0x01, 0x01, 0x04, 0x04, 0x04, 0x2C, 0x04, 0x04, 0x04, 0x01, 0x01, 0x08, // off=0x0EE3 start=3 len=13 (1 cp: U+0190)
    0x03, 0x10, 0x05, 0x2A, 0x30, 0x30, 0x02, 0x02, 0x08, 0x85, 0x02, 0x02, 0x1F, 0x1F, 0x31, // off=0x0EF3 start=3 len=16 (1 cp: U+0192)
    0x03, 0x10, 0x82, 0x01, 0x04, 0x3A, 0x27, 0x0C, 0x32, 0x35, 0x82, 0x01, 0x02, 0x04, 0x04, 0x1D, // off=0x0F02 start=3 len=16 (1 cp: U+019D)
    0x07, 0x0C, 0x00, 0x17, 0x86, 0x01, 0x81, 0x03, // off=0x0F12 start=7 len=12 (2 cps: U+019E, U+03B7)
    0x03, 0x0D, 0x0C, 0x0F, 0x03, 0x03, 0x03, 0x10, 0x0B, 0x0F, 0x02, 0x0E, 0x05, 0x04, 0x04, 0x0F, // off=0x0F1A start=3 len=13 (1 cp: U+01B5)
    0x07, 0x09, 0x08, 0x0F, 0x03, 0x10, 0x0B, 0x0F, 0x0E, 0x05, 0x04, 0x0F, // off=0x0F2A start=7 len=9 (1 cp: U+01B6)
    0x03, 0x0D, 0x05, 0x0F, 0x03, 0x10, 0x0B, 0x02, 0x1E, 0x82, 0x03, 0x02, 0x01, 0x01, 0x08, // off=0x0F36 start=3 len=13 (1 cp: U+01B7)
    0x01, 0x0F, 0x02, 0x13, 0x00, 0x36, 0x83, 0x1B, 0x00, 0x5E, 0x83, 0x1B, 0x00, 0x55, // off=0x0F45 start=1 len=15 (1 cp: U+01E2)
    0x05, 0x0B, 0x0A, 0x13, 0x00, 0x61, 0x2B, 0x2B, 0x49, 0x55, 0x1B, 0x1B, 0x33, 0x61, // off=0x0F53 start=5 len=11 (1 cp: U+01E3)
    0x03, 0x0D, 0x0C, 0x08, 0x01, 0x01, 0x04, 0x04, 0x04, 0x53, 0x01, 0x01, 0x92, 0x01, 0x01, 0x08, // off=0x0F61 start=3 len=13 (1 cp: U+01E4)
    0x07, 0x0C, 0x0B, 0x13, 0x01, 0x01, 0x01, 0x92, 0x01, 0x01, 0x01, 0x13, 0x03, 0x03, 0x08, // off=0x0F71 start=7 len=12 (1 cp: U+01E5)
    0x00, 0x10, 0x0F, 0x09, 0x11, 0x00, 0x01, 0x01, 0x15, 0x1A, 0x1F, 0x2E, 0x22, 0x2E, 0x1F, 0x1A, 0x15, 0x01, 0x01, // off=0x0F80 start=0 len=16 (1 cp: U+01E8)
    0x00, 0x10, 0x02, 0x09, 0x11, 0x00, 0x82, 0x04, 0x08, 0x01, 0x15, 0x1A, 0x1F, 0x46, 0x1F, 0x1A, 0x15, 0x01, // off=0x0F93 start=0 len=16 (1 cp: U+01E9)
    0x03, 0x10, 0x00, 0x08, 0x89, 0x01, 0x03, 0x08, 0x02, 0x0E, 0x07, // off=0x0FA5 start=3 len=16 (1 cp: U+01EA)
    0x07, 0x0C, 0x00, 0x08, 0x85, 0x01, 0x03, 0x08, 0x02, 0x0E, 0x07, // off=0x0FB0 start=7 len=12 (1 cp: U+01EB)
    0x01, 0x12, 0x02, 0x08, 0x00, 0x08, 0x89, 0x01, 0x03, 0x08, 0x02, 0x0E, 0x07, // off=0x0FBB start=1 len=18 (1 cp: U+01EC)
    0x05, 0x0E, 0x02, 0x08, 0x00, 0x08, 0x85, 0x01, 0x03, 0x08, 0x02, 0x0E, 0x07, // off=0x0FC8 start=5 len=14 (1 cp: U+01ED)
    0x00, 0x10, 0x08, 0x09, 0x11, 0x00, 0x0F, 0x03, 0x10, 0x0B, 0x02, 0x1E, 0x82, 0x03, 0x02, 0x01, 0x01, 0x08, // off=0x0FD5 start=0 len=16 (1 cp: U+01EE)
    0x04, 0x0F, 0x0E, 0x09, 0x11, 0x00, 0x0F, 0x03, 0x10, 0x0B, 0x02, 0x1E, 0x03, 0x03, 0x03, 0x01, 0x01, 0x08, // off=0x0FE7 start=4 len=15 (1 cp: U+01EF)
    0x04, 0x0F, 0x03, 0x2B, 0x47, 0x00, 0x2A, 0x86, 0x10, 0x02, 0x09, 0x09, 0x11, // off=0x0FF9 start=4 len=15 (1 cp: U+01F0)
    0x00, 0x10, 0x09, 0x0B, 0x02, 0x00, 0x08, 0x01, 0x01, 0x04, 0x04, 0x04, 0x53, 0x83, 0x01, 0x00, 0x08, // off=0x1006 start=0 len=16 (1 cp: U+01F4)
    0x04, 0x0F, 0x03, 0x0B, 0x02, 0x00, 0x13, 0x85, 0x01, 0x03, 0x13, 0x03, 0x03, 0x08, // off=0x1017 start=4 len=15 (1 cp: U+01F5)
    0x00, 0x10, 0x03, 0x0B, 0x02, 0x00, 0x36, 0x83, 0x1B, 0x00, 0x5E, 0x83, 0x1B, 0x00, 0x55, // off=0x1025 start=0 len=16 (1 cp: U+01FC)
    0x04, 0x0C, 0x0B, 0x0B, 0x02, 0x00, 0x61, 0x2B, 0x2B, 0x49, 0x55, 0x1B, 0x1B, 0x33, 0x61, // off=0x1034 start=4 len=12 (1 cp: U+01FD)
    0x00, 0x10, 0x0F, 0x0B, 0x02, 0x00, 0x08, 0x01, 0x60, 0x01, 0x35, 0x32, 0x0C, 0x27, 0x3A, 0x01, 0x87, 0x01, 0x08, // off=0x1043 start=0 len=16 (1 cp: U+01FE)
    0x04, 0x0C, 0x0B, 0x0B, 0x02, 0x00, 0xA3, 0x01, 0x35, 0x32, 0x0C, 0x27, 0x3A, 0x01, 0xB0, // off=0x1056 start=4 len=12 (1 cp: U+01FF)
    0x03, 0x11, 0x10, 0x08, 0x01, 0x01, 0x04, 0x04, 0x04, 0x08, 0x03, 0x03, 0x03, 0x01, 0x01, 0x08, 0x00, 0x02, 0x02, 0x0E, // off=0x1065 start=3 len=17 (1 cp: U+0218)
    0x07, 0x0D, 0x0C, 0x08, 0x01, 0x04, 0x04, 0x08, 0x03, 0x03, 0x01, 0x08, 0x00, 0x02, 0x02, 0x0E, // off=0x1079 start=7 len=13 (1 cp: U+0219)
    0x03, 0x11, 0x00, 0x0F, 0x8A, 0x02, 0x03, 0x00, 0x02, 0x02, 0x0E, // off=0x1089 start=3 len=17 (1 cp: U+021A)
    0x03, 0x11, 0x82, 0x02, 0x00, 0x08, 0x85, 0x02, 0x04, 0x47, 0x00, 0x10, 0x10, 0x0B, // off=0x1094 start=3 len=17 (1 cp: U+021B)
    0x01, 0x0F, 0x07, 0x08, 0x00, 0x01, 0x01, 0x09, 0x09, 0x0A, 0x0A, 0x85, 0x02, // off=0x10A2 start=1 len=15 (1 cp: U+0232)
    0x05, 0x0E, 0x01, 0x08, 0x00, 0x86, 0x01, 0x03, 0x13, 0x03, 0x03, 0x08, // off=0x10AF start=5 len=14 (2 cps: U+0233, U+04EF)
    0x07, 0x0C, 0x00, 0x2A, 0x86, 0x10, 0x02, 0x09, 0x09, 0x11, // off=0x10BB start=7 len=12 (2 cps: U+0237, U+F6BE)
    0x07, 0x09, 0x01, 0x08, 0x01, 0x83, 0x03, 0x01, 0x01, 0x08, // off=0x10C5 start=7 len=9 (1 cp: U+0254)
    0x07, 0x09, 0x08, 0x08, 0x01, 0x01, 0x01, 0x0F, 0x03, 0x03, 0x01, 0x08, // off=0x10CF start=7 len=9 (1 cp: U+0258)
    0x07, 0x09, 0x08, 0x08, 0x01, 0x03, 0x03, 0x0F, 0x01, 0x01, 0x01, 0x08, // off=0x10DB start=7 len=9 (2 cps: U+0259, U+04D9)
    0x07, 0x09, 0x08, 0x08, 0x01, 0x04, 0x04, 0x2C, 0x04, 0x04, 0x01, 0x08, // off=0x10E7 start=7 len=9 (2 cps: U+025B, U+03B5)
    0x07, 0x0C, 0x00, 0x17, 0x86, 0x01, 0x02, 0x04, 0x04, 0x1D, // off=0x10F3 start=7 len=12 (1 cp: U+0272)
    0x07, 0x0C, 0x0B, 0x0F, 0x03, 0x10, 0x0B, 0x02, 0x1E, 0x03, 0x03, 0x03, 0x01, 0x01, 0x08, // off=0x10FD start=7 len=12 (1 cp: U+0292)
    0x00, 0x03, 0x02, 0x0B, 0x02, 0x02, // off=0x110C start=0 len=3 (1 cp: U+02BB)
    0x00, 0x03, 0x02, 0x02, 0x02, 0x0E, // off=0x1112 start=0 len=3 (1 cp: U+02BC)
    0x00, 0x03, 0x02, 0x02, 0x02, 0x0B, // off=0x1118 start=0 len=3 (1 cp: U+02BD)
    0x00, 0x02, 0x01, 0x11, 0x09, // off=0x111E start=0 len=2 (2 cps: U+02C6, U+0302)
    0x00, 0x02, 0x01, 0x09, 0x11, // off=0x1123 start=0 len=2 (4 cps: U+02C7, U+02D8, U+0306 +1 more)
    0x00, 0x02, 0x80, 0x02, // off=0x1128 start=0 len=2 (2 cps: U+02D9, U+0307)
    0x10, 0x03, 0x02, 0x02, 0x0E, 0x07, // off=0x112C start=16 len=3 (1 cp: U+02DB)
    0x00, 0x02, 0x01, 0x21, 0x43, // off=0x1132 start=0 len=2 (2 cps: U+02DC, U+0303)
    0x00, 0x02, 0x01, 0x23, 0x09, // off=0x1137 start=0 len=2 (2 cps: U+02DD, U+030B)
    0x00, 0x02, 0x01, 0x0E, 0x02, // off=0x113C start=0 len=2 (1 cp: U+0300)
    0x01, 0x01, 0x00, 0x0F, // off=0x1141 start=1 len=1 (2 cps: U+0305, U+203E)
    0x00, 0x03, 0x02, 0x11, 0x09, 0x11, // off=0x1145 start=0 len=3 (1 cp: U+030A)
    0x11, 0x02, 0x80, 0x02, // off=0x114B start=17 len=2 (1 cp: U+0329)
    0x01, 0x02, 0x01, 0x04, 0x1D, // off=0x114F start=1 len=2 (1 cp: U+0384)
    0x01, 0x05, 0x04, 0x0B, 0x02, 0x00, 0x09, 0x09, // off=0x1154 start=1 len=5 (1 cp: U+0385)
    0x01, 0x0F, 0x02, 0x04, 0x1D, 0x08, 0x83, 0x01, 0x00, 0x0F, 0x84, 0x01, // off=0x115C start=1 len=15 (1 cp: U+0386)
    0x07, 0x02, 0x80, 0x02, // off=0x1168 start=7 len=2 (1 cp: U+0387)
    0x01, 0x0F, 0x02, 0x04, 0x1D, 0x0F, 0x83, 0x04, 0x00, 0x28, 0x83, 0x04, 0x00, 0x0F, // off=0x116C start=1 len=15 (1 cp: U+0388)
    0x01, 0x0F, 0x01, 0x04, 0x1D, 0x84, 0x01, 0x00, 0x0F, 0x84, 0x01, // off=0x117A start=1 len=15 (1 cp: U+0389)
    0x01, 0x0F, 0x02, 0x04, 0x1D, 0x11, 0x89, 0x02, 0x00, 0x11, // off=0x1185 start=1 len=15 (1 cp: U+038A)
    0x01, 0x0F, 0x02, 0x04, 0x1D, 0x08, 0x89, 0x01, 0x00, 0x08, // off=0x118F start=1 len=15 (1 cp: U+038C)
    0x01, 0x0F, 0x07, 0x04, 0x1D, 0x3F, 0x3F, 0x23, 0x23, 0x4F, 0x4F, 0x85, 0x0B, // off=0x1199 start=1 len=15 (1 cp: U+038E)
    0x01, 0x0F, 0x02, 0x04, 0x1D, 0x08, 0x86, 0x01, 0x03, 0x09, 0x0A, 0x0A, 0x61, // off=0x11A6 start=1 len=15 (1 cp: U+038F)
    0x01, 0x0F, 0x06, 0x0B, 0x02, 0x00, 0x09, 0x09, 0x00, 0x16, 0x85, 0x02, 0x00, 0x2A, // off=0x11B3 start=1 len=15 (1 cp: U+0390)
    0x03, 0x0D, 0x00, 0x0F, 0x8A, 0x04, // off=0x11C1 start=3 len=13 (2 cps: U+0393, U+0413)
    0x03, 0x0D, 0x81, 0x02, 0x81, 0x0A, 0x81, 0x09, 0x81, 0x01, 0x00, 0x0F, // off=0x11C7 start=3 len=13 (2 cps: U+0394, U+2206)
    0x03, 0x0D, 0x00, 0x08, 0x83, 0x01, 0x00, 0xCD, 0x83, 0x01, 0x00, 0x08, // off=0x11D3 start=3 len=13 (1 cp: U+0398)
    0x03, 0x0D, 0x81, 0x02, 0x81, 0x0A, 0x81, 0x09, 0x82, 0x01, // off=0x11DF start=3 len=13 (1 cp: U+039B)
    0x03, 0x0D, 0x00, 0x0F, 0x83, 0x00, 0x00, 0x08, 0x83, 0x00, 0x00, 0x0F, // off=0x11E9 start=3 len=13 (1 cp: U+039E)
    0x03, 0x0D, 0x00, 0x0F, 0x8A, 0x01, // off=0x11F5 start=3 len=13 (2 cps: U+03A0, U+041F)
    0x03, 0x0D, 0x0C, 0x0F, 0x04, 0x05, 0x0E, 0x02, 0x0B, 0x10, 0x0B, 0x02, 0x0E, 0x05, 0x04, 0x0F, // off=0x11FB start=3 len=13 (1 cp: U+03A3)
    0x03, 0x0D, 0x01, 0x02, 0x08, 0x87, 0x0C, 0x01, 0x08, 0x02, // off=0x120B start=3 len=13 (1 cp: U+03A6)
    0x03, 0x0D, 0x87, 0x0C, 0x00, 0x08, 0x81, 0x02, // off=0x1215 start=3 len=13 (1 cp: U+03A8)
    0x03, 0x0D, 0x00, 0x08, 0x86, 0x01, 0x03, 0x09, 0x0A, 0x0A, 0x61, // off=0x121D start=3 len=13 (2 cps: U+03A9, U+2126)
    0x04, 0x0C, 0x04, 0x0B, 0x02, 0x00, 0x73, 0x35, 0x83, 0x15, 0x01, 0x35, 0x73, // off=0x1228 start=4 len=12 (1 cp: U+03AC)
    0x04, 0x0C, 0x0B, 0x0B, 0x02, 0x00, 0x08, 0x01, 0x04, 0x04, 0x2C, 0x04, 0x04, 0x01, 0x08, // off=0x1235 start=4 len=12 (1 cp: U+03AD)
    0x04, 0x0F, 0x03, 0x0B, 0x02, 0x00, 0x17, 0x86, 0x01, 0x81, 0x03, // off=0x1244 start=4 len=15 (1 cp: U+03AE)
    0x04, 0x0C, 0x03, 0x0B, 0x02, 0x00, 0x16, 0x85, 0x02, 0x00, 0x2A, // off=0x124F start=4 len=12 (1 cp: U+03AF)
    0x01, 0x0F, 0x05, 0x0B, 0x02, 0x00, 0x09, 0x09, 0x00, 0x86, 0x01, 0x00, 0x08, // off=0x125A start=1 len=15 (1 cp: U+03B0)
    0x07, 0x09, 0x01, 0x73, 0x35, 0x83, 0x15, 0x01, 0x35, 0x73, // off=0x1267 start=7 len=9 (1 cp: U+03B1)
    0x03, 0x10, 0x05, 0x2C, 0x15, 0x15, 0x15, 0x1A, 0x17, 0x84, 0x01, 0x00, 0x17, 0x81, 0x04, // off=0x1271 start=3 len=16 (1 cp: U+03B2)
    0x07, 0x0C, 0x81, 0x01, 0x81, 0x09, 0x80, 0x0A, 0x82, 0x02, // off=0x1280 start=7 len=12 (2 cps: U+03B3, U+04AF)
    0x03, 0x0D, 0x05, 0x08, 0x0E, 0x02, 0x0B, 0x1E, 0x90, 0x83, 0x01, 0x01, 0x09, 0x11, // off=0x128A start=3 len=13 (1 cp: U+03B4)
    0x03, 0x10, 0x06, 0x0F, 0x10, 0x0B, 0x02, 0x0E, 0x05, 0x05, 0x83, 0x04, 0x03, 0x08, 0x03, 0x03, 0x10, // off=0x1298 start=3 len=16 (1 cp: U+03B6)
    0x03, 0x0D, 0x00, 0x1E, 0x83, 0x06, 0x00, 0x13, 0x83, 0x06, 0x00, 0x1E, // off=0x12A9 start=3 len=13 (1 cp: U+03B8)
    0x07, 0x09, 0x00, 0x16, 0x85, 0x02, 0x00, 0x2A, // off=0x12B5 start=7 len=9 (1 cp: U+03B9)
    0x03, 0x0D, 0x80, 0x0E, 0x81, 0x02, 0x80, 0x0A, 0x81, 0x09, 0x81, 0x01, // off=0x12BD start=3 len=13 (1 cp: U+03BB)
    0x03, 0x10, 0x00, 0x13, 0x82, 0x04, 0x00, 0x08, 0x84, 0x04, 0x03, 0x08, 0x03, 0x03, 0x10, // off=0x12C9 start=3 len=16 (1 cp: U+03BE)
    0x07, 0x09, 0x00, 0x0F, 0x86, 0x01, // off=0x12D8 start=7 len=9 (2 cps: U+03C0, U+043F)
    0x07, 0x0C, 0x00, 0x08, 0x85, 0x01, 0x00, 0x17, 0x81, 0x04, // off=0x12DE start=7 len=12 (1 cp: U+03C1)
    0x07, 0x0C, 0x01, 0x08, 0x01, 0x84, 0x04, 0x03, 0x08, 0x03, 0x03, 0x10, // off=0x12E8 start=7 len=12 (1 cp: U+03C2)
    0x07, 0x09, 0x01, 0x81, 0x09, 0x83, 0x01, 0x01, 0x09, 0x11, // off=0x12F4 start=7 len=9 (1 cp: U+03C3)
    0x07, 0x09, 0x00, 0x0F, 0x85, 0x02, 0x00, 0x2A, // off=0x12FE start=7 len=9 (1 cp: U+03C4)
    0x07, 0x09, 0x86, 0x01, 0x00, 0x08, // off=0x1306 start=7 len=9 (1 cp: U+03C5)
    0x07, 0x0C, 0x00, 0x91, 0x85, 0x0C, 0x00, 0x08, 0x81, 0x02, // off=0x130C start=7 len=12 (1 cp: U+03C6)
    0x07, 0x0C, 0x0B, 0x01, 0x01, 0x09, 0x09, 0x0A, 0x02, 0x02, 0x0A, 0x09, 0x09, 0x01, 0x01, // off=0x1316 start=7 len=12 (1 cp: U+03C7)
    0x07, 0x0C, 0x86, 0x0C, 0x00, 0x08, 0x81, 0x02, // off=0x1325 start=7 len=12 (1 cp: U+03C8)
    0x07, 0x09, 0x02, 0x09, 0x01, 0x01, 0x83, 0x0C, 0x00, 0x4D, // off=0x132D start=7 len=9 (1 cp: U+03C9)
    0x04, 0x0C, 0x03, 0x09, 0x09, 0x00, 0x16, 0x85, 0x02, 0x00, 0x2A, // off=0x1337 start=4 len=12 (1 cp: U+03CA)
    0x04, 0x0C, 0x02, 0x09, 0x09, 0x00, 0x86, 0x01, 0x00, 0x08, // off=0x1342 start=4 len=12 (1 cp: U+03CB)
    0x04, 0x0C, 0x02, 0x0B, 0x02, 0x00, 0x86, 0x01, 0x00, 0x08, // off=0x134C start=4 len=12 (1 cp: U+03CD)
    0x04, 0x0C, 0x05, 0x0B, 0x02, 0x00, 0x09, 0x01, 0x01, 0x83, 0x0C, 0x00, 0x4D, // off=0x1356 start=4 len=12 (1 cp: U+03CE)
    0x03, 0x0D, 0x00, 0x1E, 0x82, 0x06, 0x07, 0x81, 0x03, 0x03, 0x3A, 0x06, 0x06, 0x06, 0x1E, // off=0x1363 start=3 len=13 (1 cp: U+03D1)
    0x05, 0x0D, 0x02, 0x02, 0x02, 0x08, 0x85, 0x0C, 0x02, 0x08, 0x02, 0x02, // off=0x1372 start=5 len=13 (2 cps: U+03D5, U+0444)
    0x07, 0x09, 0x08, 0xF2, 0x23, 0x4F, 0x07, 0x02, 0x16, 0x50, 0x1A, 0xE2, // off=0x137E start=7 len=9 (1 cp: U+03F0)
    0x07, 0x0C, 0x00, 0x08, 0x85, 0x01, 0x03, 0x17, 0x04, 0x04, 0x08, // off=0x138A start=7 len=12 (1 cp: U+03F1)
    0x03, 0x0D, 0x00, 0x08, 0x83, 0x01, 0x00, 0x0F, 0x83, 0x01, 0x00, 0x08, // off=0x1395 start=3 len=13 (2 cps: U+03F4, U+04E8)
    0x07, 0x09, 0x08, 0x42, 0x05, 0x04, 0x04, 0x17, 0x04, 0x04, 0x05, 0x42, // off=0x13A1 start=7 len=9 (1 cp: U+03F5)
    0x07, 0x09, 0x08, 0x28, 0x10, 0x03, 0x03, 0x13, 0x03, 0x03, 0x10, 0x28, // off=0x13AD start=7 len=9 (1 cp: U+03F6)
    0x03, 0x0D, 0x04, 0x14, 0x05, 0x05, 0x05, 0x08, 0x85, 0x06, 0x00, 0x91, // off=0x13B9 start=3 len=13 (1 cp: U+0402)
    0x00, 0x10, 0x03, 0x0B, 0x02, 0x00, 0x0F, 0x8A, 0x04, // off=0x13C5 start=0 len=16 (1 cp: U+0403)
    0x03, 0x0D, 0x0C, 0x08, 0x01, 0x01, 0x04, 0x04, 0x04, 0x28, 0x04, 0x04, 0x04, 0x01, 0x01, 0x08, // off=0x13CE start=3 len=13 (1 cp: U+0404)
    0x03, 0x0D, 0x05, 0x62, 0x1F, 0x1B, 0x1B, 0x1B, 0x5D, 0x84, 0x33, 0x00, 0x5D, // off=0x13DE start=3 len=13 (1 cp: U+0409)
    0x03, 0x0D, 0x83, 0x1B, 0x01, 0x5D, 0xB5, 0x83, 0x33, 0x00, 0x5D, // off=0x13EB start=3 len=13 (1 cp: U+040A)
    0x03, 0x0D, 0x04, 0x14, 0x05, 0x05, 0x05, 0x08, 0x86, 0x06, // off=0x13F6 start=3 len=13 (1 cp: U+040B)
    0x00, 0x10, 0x0F, 0x0B, 0x02, 0x00, 0x01, 0x01, 0x15, 0x1A, 0x1F, 0x2E, 0x22, 0x2E, 0x1F, 0x1A, 0x15, 0x01, 0x01, // off=0x1400 start=0 len=16 (1 cp: U+040C)
    0x00, 0x10, 0x02, 0x0E, 0x02, 0x00, 0x82, 0x01, 0x04, 0x35, 0x32, 0x0C, 0x27, 0x3A, 0x82, 0x01, // off=0x1413 start=0 len=16 (1 cp: U+040D)
    0x00, 0x10, 0x02, 0x09, 0x11, 0x00, 0x85, 0x01, 0x00, 0x13, 0x82, 0x03, 0x00, 0x08, // off=0x1423 start=0 len=16 (1 cp: U+040E)
    0x03, 0x0F, 0x8A, 0x01, 0x02, 0x0F, 0x02, 0x02, // off=0x1431 start=3 len=15 (1 cp: U+040F)
    0x03, 0x0D, 0x00, 0x17, 0x82, 0x04, 0x00, 0x17, 0x84, 0x01, 0x00, 0x17, // off=0x1439 start=3 len=13 (1 cp: U+0411)
    0x03, 0x0F, 0x01, 0x45, 0x23, 0x88, 0x06, 0x02, 0x36, 0x19, 0x19, // off=0x1445 start=3 len=15 (1 cp: U+0414)
    0x03, 0x0D, 0x83, 0x0C, 0x02, 0x34, 0x11, 0x34, 0x83, 0x0C, // off=0x1450 start=3 len=13 (1 cp: U+0416)
    0x03, 0x0D, 0x82, 0x01, 0x04, 0x35, 0x32, 0x0C, 0x27, 0x3A, 0x82, 0x01, // off=0x145A start=3 len=13 (1 cp: U+0418)
    0x00, 0x10, 0x02, 0x09, 0x11, 0x00, 0x82, 0x01, 0x04, 0x35, 0x32, 0x0C, 0x27, 0x3A, 0x82, 0x01, // off=0x1466 start=0 len=16 (1 cp: U+0419)
    0x03, 0x0D, 0x01, 0x45, 0x23, 0x88, 0x06, 0x00, 0x01, // off=0x1476 start=3 len=13 (1 cp: U+041B)
    0x03, 0x0D, 0x85, 0x01, 0x00, 0x13, 0x82, 0x03, 0x00, 0x08, // off=0x147F start=3 len=13 (1 cp: U+0423)
    0x02, 0x0F, 0x01, 0x02, 0x08, 0x89, 0x0C, 0x01, 0x08, 0x02, // off=0x1489 start=2 len=15 (1 cp: U+0424)
    0x03, 0x0F, 0x8A, 0x01, 0x02, 0x52, 0x20, 0x20, // off=0x1493 start=3 len=15 (1 cp: U+0426)
    0x03, 0x0D, 0x84, 0x01, 0x00, 0x13, 0x84, 0x03, // off=0x149B start=3 len=13 (1 cp: U+0427)
    0x03, 0x0D, 0x8A, 0x0C, 0x00, 0x13, // off=0x14A3 start=3 len=13 (1 cp: U+0428)
    0x03, 0x0F, 0x8A, 0x0C, 0x02, 0x52, 0x20, 0x20, // off=0x14A9 start=3 len=15 (1 cp: U+0429)
    0x03, 0x0D, 0x04, 0x2D, 0x04, 0x04, 0x04, 0x17, 0x85, 0x01, 0x00, 0x17, // off=0x14B1 start=3 len=13 (1 cp: U+042A)
    0x03, 0x0D, 0x82, 0x19, 0x00, 0x49, 0x85, 0x3C, 0x00, 0x49, // off=0x14BD start=3 len=13 (1 cp: U+042B)
    0x03, 0x0D, 0x0C, 0x08, 0x01, 0x01, 0x03, 0x03, 0x03, 0x42, 0x03, 0x03, 0x03, 0x01, 0x01, 0x08, // off=0x14C7 start=3 len=13 (1 cp: U+042D)
    0x03, 0x0D, 0x00, 0x6A, 0x83, 0x39, 0x00, 0x49, 0x83, 0x39, 0x00, 0x6A, // off=0x14D7 start=3 len=13 (1 cp: U+042E)
    0x03, 0x0D, 0x00, 0x13, 0x83, 0x01, 0x06, 0x13, 0x3B, 0x66, 0x30, 0x23, 0x06, 0x01, // off=0x14E3 start=3 len=13 (1 cp: U+042F)
    0x03, 0x0D, 0x04, 0x08, 0x04, 0x04, 0x04, 0x17, 0x85, 0x01, 0x00, 0x17, // off=0x14F1 start=3 len=13 (1 cp: U+0431)
    0x03, 0x0D, 0x05, 0x2C, 0x15, 0x15, 0x15, 0x1A, 0x17, 0x84, 0x01, 0x00, 0x17, // off=0x14FD start=3 len=13 (1 cp: U+0432)
    0x07, 0x09, 0x00, 0x0F, 0x86, 0x04, // off=0x150A start=7 len=9 (1 cp: U+0433)
    0x07, 0x09, 0x81, 0x0C, 0x02, 0x34, 0x11, 0x34, 0x81, 0x0C, // off=0x1510 start=7 len=9 (1 cp: U+0436)
    0x07, 0x09, 0x08, 0x08, 0x01, 0x03, 0x03, 0x1E, 0x03, 0x03, 0x01, 0x08, // off=0x151A start=7 len=9 (1 cp: U+0437)
    0x07, 0x09, 0x01, 0x45, 0x23, 0x84, 0x06, 0x00, 0x01, // off=0x1526 start=7 len=9 (1 cp: U+043B)
    0x07, 0x09, 0x03, 0x01, 0x25, 0x48, 0x0C, 0x83, 0x01, // off=0x152F start=7 len=9 (1 cp: U+043C)
    0x07, 0x09, 0x82, 0x01, 0x00, 0x0F, 0x82, 0x01, // off=0x1538 start=7 len=9 (1 cp: U+043D)
    0x07, 0x09, 0x00, 0x0F, 0x86, 0x02, // off=0x1540 start=7 len=9 (1 cp: U+0442)
    0x07, 0x0B, 0x86, 0x01, 0x02, 0x52, 0x20, 0x20, // off=0x1546 start=7 len=11 (1 cp: U+0446)
    0x07, 0x09, 0x82, 0x01, 0x00, 0x13, 0x82, 0x03, // off=0x154E start=7 len=9 (1 cp: U+0447)
    0x07, 0x09, 0x86, 0x0C, 0x00, 0x13, // off=0x1556 start=7 len=9 (1 cp: U+0448)
    0x07, 0x0B, 0x86, 0x0C, 0x02, 0x52, 0x20, 0x20, // off=0x155C start=7 len=11 (1 cp: U+0449)
    0x07, 0x09, 0x03, 0x22, 0x05, 0x05, 0x08, 0x82, 0x06, 0x00, 0x08, // off=0x1564 start=7 len=9 (1 cp: U+044A)
    0x07, 0x09, 0x81, 0x19, 0x00, 0x49, 0x82, 0x3C, 0x00, 0x49, // off=0x156F start=7 len=9 (1 cp: U+044B)
    0x07, 0x09, 0x81, 0x05, 0x00, 0x08, 0x82, 0x06, 0x00, 0x08, // off=0x1579 start=7 len=9 (1 cp: U+044C)
    0x07, 0x09, 0x08, 0x08, 0x01, 0x03, 0x03, 0x42, 0x03, 0x03, 0x01, 0x08, // off=0x1583 start=7 len=9 (1 cp: U+044D)
    0x07, 0x09, 0x08, 0x6A, 0x39, 0x39, 0x39, 0x49, 0x39, 0x39, 0x39, 0x6A, // off=0x158F start=7 len=9 (1 cp: U+044E)
    0x07, 0x09, 0x08, 0x13, 0x01, 0x01, 0x01, 0x13, 0x66, 0x30, 0x23, 0x06, // off=0x159B start=7 len=9 (1 cp: U+044F)
    0x03, 0x10, 0x04, 0x04, 0x14, 0x04, 0x04, 0x17, 0x86, 0x01, 0x02, 0x03, 0x03, 0x2A, // off=0x15A7 start=3 len=16 (1 cp: U+0452)
    0x04, 0x0C, 0x03, 0x0B, 0x02, 0x00, 0x0F, 0x86, 0x04, // off=0x15B5 start=4 len=12 (1 cp: U+0453)
    0x07, 0x09, 0x08, 0x08, 0x01, 0x04, 0x04, 0x28, 0x04, 0x04, 0x01, 0x08, // off=0x15BE start=7 len=9 (1 cp: U+0454)
    0x07, 0x09, 0x03, 0x62, 0x1F, 0x1B, 0x5D, 0x82, 0x33, 0x00, 0x5D, // off=0x15CA start=7 len=9 (1 cp: U+0459)
    0x07, 0x09, 0x81, 0x1B, 0x05, 0x5D, 0xB5, 0x33, 0x33, 0x33, 0x5D, // off=0x15D5 start=7 len=9 (1 cp: U+045A)
    0x04, 0x0C, 0x0B, 0x0B, 0x02, 0x00, 0x01, 0x15, 0x1A, 0x1F, 0x46, 0x1F, 0x1A, 0x15, 0x01, // off=0x15E0 start=4 len=12 (1 cp: U+045C)
    0x04, 0x0F, 0x02, 0x09, 0x11, 0x00, 0x86, 0x01, 0x03, 0x13, 0x03, 0x03, 0x08, // off=0x15EF start=4 len=15 (1 cp: U+045E)
    0x07, 0x0B, 0x86, 0x01, 0x02, 0x0F, 0x02, 0x02, // off=0x15FC start=7 len=11 (1 cp: U+045F)
    0x03, 0x0D, 0x04, 0x04, 0x14, 0x04, 0x04, 0x17, 0x85, 0x01, 0x00, 0x17, // off=0x1604 start=3 len=13 (1 cp: U+0462)
    0x03, 0x0D, 0x81, 0x05, 0x04, 0x14, 0x05, 0x05, 0x05, 0x08, 0x82, 0x06, 0x00, 0x08, // off=0x1610 start=3 len=13 (1 cp: U+0463)
    0x03, 0x0D, 0x07, 0x0F, 0x01, 0x09, 0x09, 0x0A, 0x02, 0x11, 0x34, 0x83, 0x0C, // off=0x161E start=3 len=13 (1 cp: U+046A)
    0x07, 0x09, 0x05, 0x0F, 0x01, 0x09, 0x0A, 0x11, 0x34, 0x81, 0x0C, // off=0x162B start=7 len=9 (1 cp: U+046B)
    0x01, 0x0F, 0x02, 0x03, 0x03, 0x0F, 0x8A, 0x04, // off=0x1636 start=1 len=15 (1 cp: U+0490)
    0x05, 0x0B, 0x02, 0x03, 0x03, 0x0F, 0x86, 0x04, // off=0x163E start=5 len=11 (1 cp: U+0491)
    0x03, 0x0D, 0x00, 0x0F, 0x83, 0x04, 0x00, 0x14, 0x84, 0x04, // off=0x1646 start=3 len=13 (1 cp: U+0492)
    0x07, 0x09, 0x04, 0x0F, 0x04, 0x04, 0x04, 0x14, 0x82, 0x04, // off=0x1650 start=7 len=9 (1 cp: U+0493)
    0x03, 0x0F, 0x00, 0x0F, 0x83, 0x04, 0x00, 0x17, 0x84, 0x01, 0x01, 0x03, 0x10, // off=0x165A start=3 len=15 (1 cp: U+0494)
    0x07, 0x0B, 0x04, 0x0F, 0x04, 0x04, 0x04, 0x28, 0x82, 0x15, 0x01, 0x10, 0x0B, // off=0x1667 start=7 len=11 (1 cp: U+0495)
    0x03, 0x0F, 0x83, 0x0C, 0x02, 0x34, 0x11, 0x34, 0x82, 0x0C, 0x02, 0x93, 0x20, 0x20, // off=0x1674 start=3 len=15 (1 cp: U+0496)
    0x07, 0x0B, 0x81, 0x0C, 0x07, 0x34, 0x11, 0x34, 0x0C, 0x0C, 0x93, 0x20, 0x20, // off=0x1682 start=7 len=11 (1 cp: U+0497)
    0x03, 0x10, 0x0C, 0x08, 0x01, 0x01, 0x03, 0x03, 0x03, 0x1E, 0x03, 0x03, 0x03, 0x01, 0x01, 0x08, 0x81, 0x02, // off=0x168F start=3 len=16 (1 cp: U+0498)
    0x07, 0x0C, 0x08, 0x08, 0x01, 0x03, 0x03, 0x1E, 0x03, 0x03, 0x01, 0x08, 0x81, 0x02, // off=0x16A1 start=7 len=12 (1 cp: U+0499)
    0x03, 0x0F, 0x0E, 0x01, 0x01, 0x15, 0x1A, 0x1F, 0x2E, 0x22, 0x2E, 0x1F, 0x1A, 0x15, 0x01, 0x60, 0x20, 0x20, // off=0x16AF start=3 len=15 (1 cp: U+049A)
    0x07, 0x0B, 0x0A, 0x01, 0x15, 0x1A, 0x1F, 0x46, 0x1F, 0x1A, 0x15, 0x60, 0x20, 0x20, // off=0x16C1 start=7 len=11 (1 cp: U+049B)
    0x03, 0x0D, 0x81, 0x01, 0x06, 0x84, 0x6B, 0x74, 0x46, 0x74, 0x6B, 0x84, 0x81, 0x01, // off=0x16CF start=3 len=13 (1 cp: U+049C)
    0x07, 0x09, 0x08, 0x01, 0x84, 0x6B, 0x74, 0x46, 0x74, 0x6B, 0x84, 0x01, // off=0x16DD start=7 len=9 (1 cp: U+049D)
    0x03, 0x0D, 0x0C, 0x87, 0x01, 0x15, 0x1A, 0x1F, 0x2E, 0x22, 0x2E, 0x1F, 0x1A, 0x15, 0x01, 0x01, // off=0x16E9 start=3 len=13 (1 cp: U+04A0)
    0x07, 0x09, 0x08, 0x87, 0x15, 0x1A, 0x1F, 0x46, 0x1F, 0x1A, 0x15, 0x01, // off=0x16F9 start=7 len=9 (1 cp: U+04A1)
    0x03, 0x0F, 0x84, 0x01, 0x00, 0x0F, 0x83, 0x01, 0x02, 0x60, 0x20, 0x20, // off=0x1705 start=3 len=15 (1 cp: U+04A2)
    0x07, 0x0B, 0x82, 0x01, 0x06, 0x0F, 0x01, 0x01, 0x01, 0x60, 0x20, 0x20, // off=0x1711 start=7 len=11 (1 cp: U+04A3)
    0x03, 0x0D, 0x00, 0xA4, 0x83, 0x15, 0x00, 0x17, 0x84, 0x15, // off=0x171D start=3 len=13 (1 cp: U+04A4)
    0x07, 0x09, 0x04, 0xA4, 0x15, 0x15, 0x15, 0x17, 0x82, 0x15, // off=0x1727 start=7 len=9 (1 cp: U+04A5)
    0x03, 0x10, 0x02, 0x08, 0x01, 0x01, 0x85, 0x04, 0x02, 0x01, 0x01, 0x08, 0x81, 0x02, // off=0x1731 start=3 len=16 (1 cp: U+04AA)
    0x07, 0x0C, 0x01, 0x08, 0x01, 0x83, 0x04, 0x01, 0x01, 0x08, 0x81, 0x02, // off=0x173F start=7 len=12 (1 cp: U+04AB)
    0x03, 0x0D, 0x08, 0x01, 0x01, 0x09, 0x09, 0x0A, 0x0A, 0x02, 0x02, 0x08, 0x82, 0x02, // off=0x174B start=3 len=13 (1 cp: U+04B0)
    0x07, 0x0C, 0x81, 0x01, 0x81, 0x09, 0x05, 0x0A, 0x0A, 0x02, 0x08, 0x02, 0x02, // off=0x1759 start=7 len=12 (1 cp: U+04B1)
    0x03, 0x0F, 0x0E, 0x01, 0x01, 0x09, 0x09, 0x0A, 0x0A, 0x02, 0x0A, 0x0A, 0x09, 0x09, 0x01, 0x60, 0x20, 0x20, // off=0x1766 start=3 len=15 (1 cp: U+04B2)
    0x07, 0x0B, 0x0A, 0x01, 0x01, 0x09, 0x0A, 0x02, 0x0A, 0x09, 0x01, 0x60, 0x20, 0x20, // off=0x1778 start=7 len=11 (1 cp: U+04B3)
    0x03, 0x0F, 0x84, 0x01, 0x00, 0x13, 0x83, 0x03, 0x02, 0x40, 0x20, 0x20, // off=0x1786 start=3 len=15 (1 cp: U+04B6)
    0x07, 0x0B, 0x82, 0x01, 0x06, 0x13, 0x03, 0x03, 0x03, 0x40, 0x20, 0x20, // off=0x1792 start=7 len=11 (1 cp: U+04B7)
    0x03, 0x0D, 0x81, 0x01, 0x81, 0x0C, 0x00, 0x13, 0x81, 0x30, 0x81, 0x03, // off=0x179E start=3 len=13 (1 cp: U+04B8)
    0x07, 0x09, 0x08, 0x01, 0x01, 0x0C, 0x0C, 0x13, 0x30, 0x30, 0x03, 0x03, // off=0x17AA start=7 len=9 (1 cp: U+04B9)
    0x03, 0x0D, 0x83, 0x04, 0x00, 0x17, 0x85, 0x01, // off=0x17B6 start=3 len=13 (1 cp: U+04BA)
    0x07, 0x09, 0x81, 0x04, 0x00, 0x17, 0x83, 0x01, // off=0x17BE start=7 len=9 (1 cp: U+04BB)
    0x00, 0x10, 0x02, 0x09, 0x11, 0x00, 0x83, 0x0C, 0x02, 0x34, 0x11, 0x34, 0x83, 0x0C, // off=0x17C6 start=0 len=16 (1 cp: U+04C1)
    0x04, 0x0C, 0x08, 0x09, 0x11, 0x00, 0x0C, 0x0C, 0x0C, 0x34, 0x11, 0x34, 0x81, 0x0C, // off=0x17D4 start=4 len=12 (1 cp: U+04C2)
    0x00, 0x10, 0x09, 0x09, 0x09, 0x00, 0x08, 0x01, 0x01, 0x03, 0x03, 0x03, 0x0F, 0x83, 0x01, 0x00, 0x08, // off=0x17E2 start=0 len=16 (1 cp: U+04DA)
    0x04, 0x0C, 0x0B, 0x09, 0x09, 0x00, 0x08, 0x01, 0x03, 0x03, 0x0F, 0x01, 0x01, 0x01, 0x08, // off=0x17F3 start=4 len=12 (1 cp: U+04DB)
    0x00, 0x10, 0x02, 0x09, 0x09, 0x00, 0x83, 0x0C, 0x02, 0x34, 0x11, 0x34, 0x83, 0x0C, // off=0x1802 start=0 len=16 (1 cp: U+04DC)
    0x04, 0x0C, 0x08, 0x09, 0x09, 0x00, 0x0C, 0x0C, 0x0C, 0x34, 0x11, 0x34, 0x81, 0x0C, // off=0x1810 start=4 len=12 (1 cp: U+04DD)
    0x00, 0x10, 0x0F, 0x09, 0x09, 0x00, 0x08, 0x01, 0x01, 0x03, 0x03, 0x03, 0x1E, 0x03, 0x03, 0x03, 0x01, 0x01, 0x08, // off=0x181E start=0 len=16 (1 cp: U+04DE)
    0x04, 0x0C, 0x0B, 0x09, 0x09, 0x00, 0x08, 0x01, 0x03, 0x03, 0x1E, 0x03, 0x03, 0x01, 0x08, // off=0x1831 start=4 len=12 (1 cp: U+04DF)
    0x01, 0x0F, 0x01, 0x08, 0x00, 0x82, 0x01, 0x04, 0x35, 0x32, 0x0C, 0x27, 0x3A, 0x82, 0x01, // off=0x1840 start=1 len=15 (1 cp: U+04E2)
    0x00, 0x10, 0x02, 0x09, 0x09, 0x00, 0x82, 0x01, 0x04, 0x35, 0x32, 0x0C, 0x27, 0x3A, 0x82, 0x01, // off=0x184F start=0 len=16 (1 cp: U+04E4)
    0x07, 0x09, 0x08, 0x08, 0x01, 0x01, 0x01, 0x0F, 0x01, 0x01, 0x01, 0x08, // off=0x185F start=7 len=9 (1 cp: U+04E9)
    0x00, 0x10, 0x03, 0x09, 0x09, 0x00, 0x08, 0x83, 0x01, 0x00, 0x0F, 0x83, 0x01, 0x00, 0x08, // off=0x186B start=0 len=16 (1 cp: U+04EA)
    0x04, 0x0C, 0x0B, 0x09, 0x09, 0x00, 0x08, 0x01, 0x01, 0x01, 0x0F, 0x01, 0x01, 0x01, 0x08, // off=0x187A start=4 len=12 (1 cp: U+04EB)
    0x00, 0x10, 0x0F, 0x09, 0x09, 0x00, 0x08, 0x01, 0x01, 0x03, 0x03, 0x03, 0x42, 0x03, 0x03, 0x03, 0x01, 0x01, 0x08, // off=0x1889 start=0 len=16 (1 cp: U+04EC)
    0x04, 0x0C, 0x0B, 0x09, 0x09, 0x00, 0x08, 0x01, 0x03, 0x03, 0x42, 0x03, 0x03, 0x01, 0x08, // off=0x189C start=4 len=12 (1 cp: U+04ED)
    0x01, 0x0F, 0x01, 0x08, 0x00, 0x85, 0x01, 0x00, 0x13, 0x82, 0x03, 0x00, 0x08, // off=0x18AB start=1 len=15 (1 cp: U+04EE)
    0x00, 0x10, 0x02, 0x09, 0x09, 0x00, 0x85, 0x01, 0x00, 0x13, 0x82, 0x03, 0x00, 0x08, // off=0x18B8 start=0 len=16 (1 cp: U+04F0)
    0x00, 0x10, 0x02, 0x23, 0x09, 0x00, 0x85, 0x01, 0x00, 0x13, 0x82, 0x03, 0x00, 0x08, // off=0x18C6 start=0 len=16 (1 cp: U+04F2)
    0x04, 0x0F, 0x02, 0x23, 0x09, 0x00, 0x86, 0x01, 0x03, 0x13, 0x03, 0x03, 0x08, // off=0x18D4 start=4 len=15 (1 cp: U+04F3)
    0x00, 0x10, 0x02, 0x09, 0x09, 0x00, 0x84, 0x01, 0x00, 0x13, 0x84, 0x03, // off=0x18E1 start=0 len=16 (1 cp: U+04F4)
    0x04, 0x0C, 0x02, 0x09, 0x09, 0x00, 0x82, 0x01, 0x00, 0x13, 0x82, 0x03, // off=0x18ED start=4 len=12 (1 cp: U+04F5)
    0x00, 0x10, 0x02, 0x09, 0x09, 0x00, 0x82, 0x19, 0x00, 0x49, 0x85, 0x3C, 0x00, 0x49, // off=0x18F9 start=0 len=16 (1 cp: U+04F8)
    0x04, 0x0C, 0x06, 0x09, 0x09, 0x00, 0x19, 0x19, 0x19, 0x49, 0x82, 0x3C, 0x00, 0x49, // off=0x1907 start=4 len=12 (1 cp: U+04F9)
    0x03, 0x0D, 0x0C, 0x3F, 0x3F, 0x4C, 0x4C, 0x2B, 0x30, 0xBB, 0x72, 0x1A, 0x15, 0x15, 0x01, 0x01, // off=0x1915 start=3 len=13 (1 cp: U+05D0)
    0x03, 0x0D, 0x00, 0x17, 0x89, 0x03, 0x00, 0x36, // off=0x1925 start=3 len=13 (1 cp: U+05D1)
    0x03, 0x0D, 0x00, 0x2C, 0x85, 0x10, 0x04, 0x2A, 0x30, 0x23, 0x3F, 0x19, // off=0x192D start=3 len=13 (1 cp: U+05D2)
    0x03, 0x0D, 0x00, 0x36, 0x8A, 0x03, // off=0x1939 start=3 len=13 (1 cp: U+05D3)
    0x03, 0x0D, 0x00, 0x17, 0x81, 0x03, 0x87, 0x01, // off=0x193F start=3 len=13 (1 cp: U+05D4)
    0x03, 0x0D, 0x00, 0x31, 0x8A, 0x02, // off=0x1947 start=3 len=13 (1 cp: U+05D5)
    0x04, 0x0C, 0x02, 0x13, 0x10, 0x0B, 0x87, 0x02, // off=0x194D start=4 len=12 (1 cp: U+05D6)
    0x03, 0x0D, 0x00, 0x17, 0x8A, 0x01, // off=0x1955 start=3 len=13 (1 cp: U+05D7)
    0x03, 0x0D, 0x00, 0x83, 0x89, 0x01, 0x00, 0x08, // off=0x195B start=3 len=13 (1 cp: U+05D8)
    0x03, 0x07, 0x00, 0x31, 0x84, 0x02, // off=0x1963 start=3 len=7 (1 cp: U+05D9)
    0x03, 0x10, 0x00, 0x17, 0x8D, 0x03, // off=0x1969 start=3 len=16 (1 cp: U+05DA)
    0x03, 0x0D, 0x00, 0x17, 0x89, 0x03, 0x00, 0x17, // off=0x196F start=3 len=13 (1 cp: U+05DB)
    0x01, 0x0F, 0x02, 0x04, 0x04, 0x0F, 0x83, 0x03, 0x02, 0x10, 0x0B, 0x02, 0x82, 0x0E, // off=0x1977 start=1 len=15 (1 cp: U+05DC)
    0x03, 0x0D, 0x00, 0x17, 0x89, 0x01, 0x00, 0x0F, // off=0x1985 start=3 len=13 (1 cp: U+05DD)
    0x04, 0x0C, 0x01, 0xF1, 0x95, 0x87, 0x01, 0x00, 0x6A, // off=0x198D start=4 len=12 (1 cp: U+05DE)
    0x03, 0x10, 0x00, 0x5C, 0x8D, 0x0B, // off=0x1996 start=3 len=16 (1 cp: U+05DF)
    0x03, 0x0D, 0x00, 0x2C, 0x89, 0x10, 0x00, 0x08, // off=0x199C start=3 len=13 (1 cp: U+05E0)
    0x03, 0x0D, 0x00, 0x38, 0x89, 0x01, 0x00, 0x08, // off=0x19A4 start=3 len=13 (1 cp: U+05E1)
    0x03, 0x0D, 0x81, 0x01, 0x81, 0x06, 0x06, 0x23, 0x23, 0x4F, 0x4F, 0x07, 0x16, 0x22, // off=0x19AC start=3 len=13 (1 cp: U+05E2)
    0x03, 0x10, 0x00, 0x17, 0x83, 0x01, 0x00, 0x69, 0x87, 0x03, // off=0x19BA start=3 len=16 (1 cp: U+05E3)
    0x03, 0x0D, 0x00, 0x17, 0x83, 0x01, 0x00, 0x69, 0x83, 0x03, 0x00, 0x17, // off=0x19C4 start=3 len=13 (1 cp: U+05E4)
    0x03, 0x10, 0x06, 0x01, 0x01, 0x06, 0x06, 0x23, 0x41, 0x07, 0x87, 0x02, // off=0x19D0 start=3 len=16 (1 cp: U+05E5)
    0x03, 0x0D, 0x0C, 0x01, 0x01, 0x06, 0x06, 0x23, 0x41, 0x07, 0x02, 0x0B, 0x0B, 0x10, 0x10, 0x0F, // off=0x19DC start=3 len=13 (1 cp: U+05E6)
    0x03, 0x10, 0x07, 0x0F, 0x03, 0x03, 0x03, 0x01, 0x01, 0x15, 0x1A, 0x83, 0x1F, 0x81, 0x04, // off=0x19EC start=3 len=16 (1 cp: U+05E7)
    0x03, 0x0D, 0x00, 0x17, 0x8A, 0x03, // off=0x19FB start=3 len=13 (1 cp: U+05E8)
    0x03, 0x0D, 0x84, 0x0C, 0x06, 0x27, 0x3A, 0x01, 0x01, 0x01, 0x15, 0x28, // off=0x1A01 start=3 len=13 (1 cp: U+05E9)
    0x03, 0x0D, 0x00, 0x38, 0x89, 0x01, 0x00, 0x76, // off=0x1A0D start=3 len=13 (1 cp: U+05EA)
    0x03, 0x10, 0x01, 0x28, 0x15, 0x87, 0x01, 0x04, 0x15, 0x28, 0x00, 0x0E, 0x0E, // off=0x1A15 start=3 len=16 (1 cp: U+1E0C)
    0x03, 0x10, 0x82, 0x03, 0x00, 0x13, 0x85, 0x01, 0x03, 0x13, 0x00, 0x02, 0x02, // off=0x1A22 start=3 len=16 (1 cp: U+1E0D)
    0x03, 0x0F, 0x0E, 0x01, 0x01, 0x15, 0x1A, 0x1F, 0x2E, 0x22, 0x2E, 0x1F, 0x1A, 0x15, 0x01, 0x01, 0x00, 0x08, // off=0x1A2F start=3 len=15 (1 cp: U+1E34)
    0x03, 0x0F, 0x82, 0x04, 0x0A, 0x01, 0x15, 0x1A, 0x1F, 0x46, 0x1F, 0x1A, 0x15, 0x01, 0x00, 0x08, // off=0x1A41 start=3 len=15 (1 cp: U+1E35)
    0x03, 0x10, 0x8A, 0x04, 0x03, 0x0F, 0x00, 0x02, 0x02, // off=0x1A51 start=3 len=16 (1 cp: U+1E36)
    0x03, 0x10, 0x00, 0x16, 0x89, 0x02, 0x03, 0x11, 0x00, 0x02, 0x02, // off=0x1A5A start=3 len=16 (1 cp: U+1E37)
    0x00, 0x10, 0x08, 0x02, 0x02, 0x00, 0x19, 0x12, 0x54, 0x54, 0x58, 0x58, 0x85, 0x19, // off=0x1A65 start=0 len=16 (1 cp: U+1E40)
    0x04, 0x0C, 0x03, 0x02, 0x02, 0x00, 0x17, 0x86, 0x0C, // off=0x1A73 start=4 len=12 (1 cp: U+1E41)
    0x03, 0x10, 0x05, 0x19, 0x12, 0x54, 0x54, 0x58, 0x58, 0x85, 0x19, 0x02, 0x00, 0x02, 0x02, // off=0x1A7C start=3 len=16 (1 cp: U+1E42)
    0x07, 0x0C, 0x00, 0x17, 0x86, 0x0C, 0x02, 0x00, 0x02, 0x02, // off=0x1A8B start=7 len=12 (1 cp: U+1E43)
    0x00, 0x10, 0x02, 0x02, 0x02, 0x00, 0x82, 0x01, 0x04, 0x3A, 0x27, 0x0C, 0x32, 0x35, 0x82, 0x01, // off=0x1A95 start=0 len=16 (1 cp: U+1E44)
    0x04, 0x0C, 0x03, 0x02, 0x02, 0x00, 0x17, 0x86, 0x01, // off=0x1AA5 start=4 len=12 (1 cp: U+1E45)
    0x03, 0x10, 0x82, 0x01, 0x04, 0x3A, 0x27, 0x0C, 0x32, 0x35, 0x82, 0x01, 0x02, 0x00, 0x02, 0x02, // off=0x1AAE start=3 len=16 (1 cp: U+1E46)
    0x07, 0x0C, 0x00, 0x17, 0x86, 0x01, 0x02, 0x00, 0x02, 0x02, // off=0x1ABE start=7 len=12 (1 cp: U+1E47)
    0x03, 0x10, 0x00, 0x0F, 0x8A, 0x02, 0x02, 0x00, 0x02, 0x02, // off=0x1AC8 start=3 len=16 (1 cp: U+1E6C)
    0x03, 0x10, 0x82, 0x02, 0x00, 0x08, 0x85, 0x02, 0x03, 0x47, 0x00, 0x10, 0x10, // off=0x1AD2 start=3 len=16 (1 cp: U+1E6D)
    0x03, 0x10, 0x00, 0x0F, 0x83, 0x04, 0x00, 0x28, 0x83, 0x04, 0x03, 0x0F, 0x00, 0x02, 0x02, // off=0x1ADF start=3 len=16 (1 cp: U+1EB8)
    0x07, 0x0C, 0x0B, 0x08, 0x01, 0x01, 0x01, 0x0F, 0x04, 0x04, 0x01, 0x08, 0x00, 0x02, 0x02, // off=0x1AEE start=7 len=12 (1 cp: U+1EB9)
    0x00, 0x10, 0x03, 0x21, 0x43, 0x00, 0x0F, 0x83, 0x04, 0x00, 0x28, 0x83, 0x04, 0x00, 0x0F, // off=0x1AFD start=0 len=16 (1 cp: U+1EBC)
    0x04, 0x0C, 0x0B, 0x21, 0x43, 0x00, 0x08, 0x01, 0x01, 0x01, 0x0F, 0x04, 0x04, 0x01, 0x08, // off=0x1B0C start=4 len=12 (1 cp: U+1EBD)
    0x03, 0x10, 0x00, 0x11, 0x89, 0x02, 0x03, 0x11, 0x00, 0x02, 0x02, // off=0x1B1B start=3 len=16 (1 cp: U+1ECA)
    0x03, 0x10, 0x04, 0x02, 0x02, 0x00, 0x00, 0x16, 0x85, 0x02, 0x03, 0x11, 0x00, 0x02, 0x02, // off=0x1B26 start=3 len=16 (1 cp: U+1ECB)
    0x03, 0x10, 0x00, 0x08, 0x89, 0x01, 0x03, 0x08, 0x00, 0x02, 0x02, // off=0x1B35 start=3 len=16 (1 cp: U+1ECC)
    0x07, 0x0C, 0x00, 0x08, 0x85, 0x01, 0x03, 0x08, 0x00, 0x02, 0x02, // off=0x1B40 start=7 len=12 (1 cp: U+1ECD)
    0x03, 0x10, 0x8A, 0x01, 0x03, 0x08, 0x00, 0x02, 0x02, // off=0x1B4B start=3 len=16 (1 cp: U+1EE4)
    0x07, 0x0C, 0x86, 0x01, 0x03, 0x13, 0x00, 0x02, 0x02, // off=0x1B54 start=7 len=12 (1 cp: U+1EE5)
    0x00, 0x10, 0x08, 0x21, 0x43, 0x00, 0x01, 0x01, 0x09, 0x09, 0x0A, 0x0A, 0x85, 0x02, // off=0x1B5D start=0 len=16 (1 cp: U+1EF8)
    0x04, 0x0F, 0x02, 0x21, 0x43, 0x00, 0x86, 0x01, 0x03, 0x13, 0x03, 0x03, 0x08, // off=0x1B6B start=4 len=15 (1 cp: U+1EF9)
    0x09, 0x01, 0x00, 0x36, // off=0x1B78 start=9 len=1 (2 cps: U+2014, U+2015)
    0x03, 0x0D, 0x8B, 0x0A, // off=0x1B7C start=3 len=13 (2 cps: U+2016, U+2225)
    0x11, 0x03, 0x02, 0x0F, 0x00, 0x0F, // off=0x1B80 start=17 len=3 (1 cp: U+2017)
    0x01, 0x04, 0x00, 0x0B, 0x81, 0x02, // off=0x1B86 start=1 len=4 (1 cp: U+2018)
    0x01, 0x04, 0x81, 0x02, 0x00, 0x0E, // off=0x1B8C start=1 len=4 (1 cp: U+2019)
    0x01, 0x04, 0x81, 0x0E, 0x00, 0x02, // off=0x1B92 start=1 len=4 (1 cp: U+201B)
    0x01, 0x04, 0x00, 0x23, 0x81, 0x09, // off=0x1B98 start=1 len=4 (1 cp: U+201C)
    0x01, 0x04, 0x81, 0x23, 0x00, 0x09, // off=0x1B9E start=1 len=4 (1 cp: U+201D)
    0x0D, 0x04, 0x81, 0x09, 0x00, 0x1A, // off=0x1BA4 start=13 len=4 (1 cp: U+201E)
    0x01, 0x04, 0x81, 0x1A, 0x00, 0x09, // off=0x1BAA start=1 len=4 (1 cp: U+201F)
    0x03, 0x0D, 0x02, 0x02, 0x02, 0x0F, 0x88, 0x02, // off=0x1BB0 start=3 len=13 (1 cp: U+2020)
    0x03, 0x0D, 0x02, 0x02, 0x02, 0x0F, 0x85, 0x02, 0x02, 0x0F, 0x02, 0x02, // off=0x1BB8 start=3 len=13 (1 cp: U+2021)
    0x08, 0x04, 0x03, 0x07, 0x1E, 0x1E, 0x07, // off=0x1BC4 start=8 len=4 (1 cp: U+2022)
    0x0E, 0x02, 0x80, 0x0C, // off=0x1BCB start=14 len=2 (1 cp: U+2026)
    0x04, 0x0C, 0x0B, 0xF3, 0xAC, 0xF5, 0x02, 0x0E, 0x0E, 0x05, 0x05, 0x04, 0xCE, 0xE8, 0xE9, // off=0x1BCF start=4 len=12 (1 cp: U+2030)
    0x01, 0x05, 0x83, 0x02, // off=0x1BDE start=1 len=5 (1 cp: U+2032)
    0x01, 0x05, 0x83, 0x09, // off=0x1BE2 start=1 len=5 (1 cp: U+2033)
    0x07, 0x09, 0x08, 0x10, 0x0B, 0x02, 0x0E, 0x05, 0x0E, 0x02, 0x0B, 0x10, // off=0x1BE6 start=7 len=9 (1 cp: U+2039)
    0x07, 0x09, 0x08, 0x05, 0x0E, 0x02, 0x0B, 0x10, 0x0B, 0x02, 0x0E, 0x05, // off=0x1BF2 start=7 len=9 (1 cp: U+203A)
    0x03, 0x0D, 0x87, 0x09, 0x80, 0x00, 0x80, 0x09, // off=0x1BFE start=3 len=13 (1 cp: U+203C)
    0x01, 0x07, 0x00, 0x11, 0x83, 0x09, 0x00, 0x11, // off=0x1C06 start=1 len=7 (1 cp: U+2070)
    0x00, 0x08, 0x07, 0x02, 0x02, 0x00, 0x16, 0x02, 0x02, 0x02, 0x11, // off=0x1C0E start=0 len=8 (1 cp: U+2071)
    0x01, 0x07, 0x06, 0x10, 0x2A, 0x4F, 0x41, 0x13, 0x10, 0x10, // off=0x1C19 start=1 len=7 (1 cp: U+2074)
    0x01, 0x07, 0x06, 0x2C, 0x05, 0x05, 0x2C, 0x10, 0x10, 0x2C, // off=0x1C23 start=1 len=7 (1 cp: U+2075)
    0x01, 0x07, 0x06, 0x11, 0x05, 0x05, 0x2C, 0x09, 0x09, 0x11, // off=0x1C2D start=1 len=7 (1 cp: U+2076)
    0x01, 0x07, 0x03, 0x08, 0x10, 0x0B, 0x0B, 0x81, 0x02, // off=0x1C37 start=1 len=7 (1 cp: U+2077)
    0x01, 0x07, 0x06, 0x11, 0x09, 0x09, 0x11, 0x09, 0x09, 0x11, // off=0x1C40 start=1 len=7 (1 cp: U+2078)
    0x01, 0x07, 0x06, 0x11, 0x09, 0x09, 0x1E, 0x10, 0x10, 0x11, // off=0x1C4A start=1 len=7 (1 cp: U+2079)
    0x02, 0x05, 0x04, 0x02, 0x02, 0x08, 0x02, 0x02, // off=0x1C54 start=2 len=5 (1 cp: U+207A)
    0x04, 0x01, 0x00, 0x08, // off=0x1C5C start=4 len=1 (1 cp: U+207B)
    0x03, 0x04, 0x03, 0x08, 0x00, 0x00, 0x08, // off=0x1C60 start=3 len=4 (1 cp: U+207C)
    0x01, 0x07, 0x00, 0x0B, 0x83, 0x02, 0x00, 0x0B, // off=0x1C67 start=1 len=7 (1 cp: U+207D)
    0x01, 0x07, 0x00, 0x02, 0x83, 0x0B, 0x00, 0x02, // off=0x1C6F start=1 len=7 (1 cp: U+207E)
    0x02, 0x06, 0x00, 0x2C, 0x83, 0x09, // off=0x1C77 start=2 len=6 (1 cp: U+207F)
    0x0A, 0x07, 0x00, 0x11, 0x83, 0x09, 0x00, 0x11, // off=0x1C7D start=10 len=7 (1 cp: U+2080)
    0x0A, 0x07, 0x01, 0x02, 0x16, 0x82, 0x02, 0x00, 0x11, // off=0x1C85 start=10 len=7 (1 cp: U+2081)
    0x0A, 0x07, 0x06, 0x11, 0x09, 0x09, 0x0B, 0x02, 0x0E, 0x08, // off=0x1C8E start=10 len=7 (1 cp: U+2082)
    0x0A, 0x07, 0x06, 0x11, 0x09, 0x10, 0x07, 0x10, 0x09, 0x11, // off=0x1C98 start=10 len=7 (1 cp: U+2083)
    0x0A, 0x07, 0x06, 0x10, 0x2A, 0x4F, 0x41, 0x13, 0x10, 0x10, // off=0x1CA2 start=10 len=7 (1 cp: U+2084)
    0x0A, 0x07, 0x06, 0x2C, 0x05, 0x05, 0x2C, 0x10, 0x10, 0x2C, // off=0x1CAC start=10 len=7 (1 cp: U+2085)
    0x0A, 0x07, 0x06, 0x11, 0x05, 0x05, 0x2C, 0x09, 0x09, 0x11, // off=0x1CB6 start=10 len=7 (1 cp: U+2086)
    0x0A, 0x07, 0x03, 0x08, 0x10, 0x0B, 0x0B, 0x81, 0x02, // off=0x1CC0 start=10 len=7 (1 cp: U+2087)
    0x0A, 0x07, 0x06, 0x11, 0x09, 0x09, 0x11, 0x09, 0x09, 0x11, // off=0x1CC9 start=10 len=7 (1 cp: U+2088)
    0x0A, 0x07, 0x06, 0x11, 0x09, 0x09, 0x1E, 0x10, 0x10, 0x11, // off=0x1CD3 start=10 len=7 (1 cp: U+2089)
    0x0B, 0x05, 0x04, 0x02, 0x02, 0x08, 0x02, 0x02, // off=0x1CDD start=11 len=5 (1 cp: U+208A)
    0x0D, 0x01, 0x00, 0x08, // off=0x1CE5 start=13 len=1 (1 cp: U+208B)
    0x0B, 0x04, 0x03, 0x08, 0x00, 0x00, 0x08, // off=0x1CE9 start=11 len=4 (1 cp: U+208C)
    0x0A, 0x07, 0x00, 0x0B, 0x83, 0x02, 0x00, 0x0B, // off=0x1CF0 start=10 len=7 (1 cp: U+208D)
    0x0A, 0x07, 0x00, 0x02, 0x83, 0x0B, 0x00, 0x02, // off=0x1CF8 start=10 len=7 (1 cp: U+208E)
    0x0B, 0x06, 0x05, 0x11, 0x10, 0x1E, 0x09, 0x09, 0x1E, // off=0x1D00 start=11 len=6 (1 cp: U+2090)
    0x0B, 0x06, 0x05, 0x11, 0x09, 0x08, 0x05, 0x05, 0x1E, // off=0x1D09 start=11 len=6 (1 cp: U+2091)
    0x0B, 0x06, 0x00, 0x11, 0x82, 0x09, 0x00, 0x11, // off=0x1D12 start=11 len=6 (1 cp: U+2092)
    0x0B, 0x06, 0x05, 0x09, 0x0A, 0x02, 0x02, 0x0A, 0x09, // off=0x1D1A start=11 len=6 (1 cp: U+2093)
    0x0B, 0x06, 0x05, 0x2C, 0x10, 0x10, 0x08, 0x09, 0x11, // off=0x1D23 start=11 len=6 (1 cp: U+2094)
    0x09, 0x08, 0x02, 0x05, 0x05, 0x2C, 0x83, 0x09, // off=0x1D2C start=9 len=8 (1 cp: U+2095)
    0x09, 0x08, 0x07, 0x05, 0x05, 0x09, 0x72, 0x50, 0x62, 0x72, 0x09, // off=0x1D34 start=9 len=8 (1 cp: U+2096)
    0x09, 0x08, 0x00, 0x16, 0x84, 0x02, 0x00, 0x11, // off=0x1D3F start=9 len=8 (1 cp: U+2097)
    0x0B, 0x06, 0x00, 0x17, 0x83, 0x0C, // off=0x1D47 start=11 len=6 (1 cp: U+2098)
    0x0B, 0x08, 0x00, 0x2C, 0x82, 0x09, 0x02, 0x2C, 0x05, 0x05, // off=0x1D4D start=11 len=8 (1 cp: U+209A)
    0x03, 0x0D, 0x00, 0x5C, 0x83, 0x1A, 0x06, 0xDC, 0x15, 0x6A, 0x15, 0x15, 0x15, 0x01, // off=0x1D57 start=3 len=13 (1 cp: U+20A7)
    0x03, 0x0D, 0x00, 0xDA, 0x81, 0x32, 0x83, 0x48, 0x81, 0x27, 0x00, 0x94, // off=0x1D65 start=3 len=13 (1 cp: U+20AA)
    0x04, 0x0C, 0x0B, 0x1E, 0x06, 0x19, 0x04, 0x24, 0x04, 0x04, 0x24, 0x04, 0x19, 0x06, 0x1E, // off=0x1D71 start=4 len=12 (1 cp: U+20AC)
    0x03, 0x0D, 0x00, 0x0F, 0x82, 0x02, 0x03, 0x70, 0x62, 0x70, 0x62, 0x82, 0x02, // off=0x1D80 start=3 len=13 (1 cp: U+20AE)
    0x03, 0x0D, 0x02, 0x08, 0x27, 0x27, 0x85, 0x2E, 0x02, 0x27, 0x27, 0x08, // off=0x1D8D start=3 len=13 (1 cp: U+2102)
    0x03, 0x0D, 0x81, 0x01, 0x06, 0x3A, 0x27, 0xD3, 0x48, 0xC9, 0x32, 0x35, 0x81, 0x01, // off=0x1D99 start=3 len=13 (1 cp: U+2115)
    0x03, 0x0D, 0x0C, 0x4A, 0xE3, 0xB2, 0xB2, 0x9A, 0xAC, 0xA9, 0xA9, 0xE5, 0xA8, 0xE4, 0x4A, 0x4A, // off=0x1DA7 start=3 len=13 (1 cp: U+2116)
    0x03, 0x0F, 0x00, 0x08, 0x88, 0x27, 0x03, 0x48, 0x08, 0x03, 0x20, // off=0x1DB7 start=3 len=15 (1 cp: U+211A)
    0x03, 0x0D, 0x00, 0x17, 0x83, 0x27, 0x06, 0x94, 0x74, 0x6B, 0xCC, 0x48, 0x54, 0x97, // off=0x1DC2 start=3 len=13 (1 cp: U+211D)
    0x03, 0x05, 0x04, 0xF6, 0xCA, 0xC8, 0x39, 0x39, // off=0x1DD0 start=3 len=5 (1 cp: U+2122)
    0x03, 0x0D, 0x0C, 0x0F, 0x03, 0x03, 0x3B, 0x66, 0x4F, 0x0A, 0x50, 0x2E, 0x22, 0x04, 0x04, 0x0F, // off=0x1DD8 start=3 len=13 (1 cp: U+2124)
    0x04, 0x0C, 0x0B, 0x15, 0x15, 0x06, 0x06, 0x4C, 0x69, 0xC7, 0xA8, 0x4A, 0x4A, 0x4E, 0x15, // off=0x1DE8 start=4 len=12 (1 cp: U+2135)
    0x06, 0x07, 0x06, 0x0E, 0x05, 0x04, 0x1C, 0x04, 0x05, 0x0E, // off=0x1DF7 start=6 len=7 (1 cp: U+2190)
    0x03, 0x0D, 0x03, 0x02, 0x11, 0x34, 0x0C, 0x87, 0x02, // off=0x1E01 start=3 len=13 (1 cp: U+2191)
    0x06, 0x07, 0x06, 0x0B, 0x10, 0x03, 0x1C, 0x03, 0x10, 0x0B, // off=0x1E0A start=6 len=7 (1 cp: U+2192)
    0x03, 0x0D, 0x87, 0x02, 0x03, 0x0C, 0x34, 0x11, 0x02, // off=0x1E14 start=3 len=13 (1 cp: U+2193)
    0x06, 0x07, 0x06, 0x41, 0x06, 0x19, 0x0D, 0x19, 0x06, 0x41, // off=0x1E1D start=6 len=7 (1 cp: U+2194)
    0x03, 0x0D, 0x03, 0x02, 0x11, 0x34, 0x0C, 0x83, 0x02, 0x03, 0x0C, 0x34, 0x11, 0x02, // off=0x1E27 start=3 len=13 (1 cp: U+2195)
    0x06, 0x07, 0x06, 0x4C, 0x3F, 0x19, 0x1C, 0x19, 0x3F, 0x4C, // off=0x1E35 start=6 len=7 (1 cp: U+21A4)
    0x06, 0x07, 0x06, 0x4A, 0x4E, 0x76, 0x1C, 0x76, 0x4E, 0x4A, // off=0x1E3F start=6 len=7 (1 cp: U+21A6)
    0x03, 0x0D, 0x03, 0x02, 0x11, 0x34, 0x0C, 0x82, 0x02, 0x04, 0x0C, 0x34, 0x11, 0x02, 0x0F, // off=0x1E49 start=3 len=13 (1 cp: U+21A8)
    0x03, 0x0D, 0x84, 0x20, 0x06, 0x4C, 0x3F, 0x19, 0x1C, 0x04, 0x05, 0x0E, // off=0x1E58 start=3 len=13 (1 cp: U+21B2)
    0x03, 0x0D, 0x84, 0x1D, 0x06, 0x4A, 0x4E, 0x76, 0x1C, 0x03, 0x10, 0x0B, // off=0x1E64 start=3 len=13 (1 cp: U+21B3)
    0x06, 0x0A, 0x81, 0x20, 0x06, 0x4C, 0x3F, 0x19, 0x1C, 0x04, 0x05, 0x0E, // off=0x1E70 start=6 len=10 (1 cp: U+21B5)
    0x05, 0x09, 0x08, 0x5C, 0x16, 0x50, 0x39, 0x19, 0x19, 0x19, 0x06, 0x1E, // off=0x1E7C start=5 len=9 (1 cp: U+21BB)
    0x05, 0x09, 0x08, 0x0E, 0x05, 0x04, 0x1C, 0x00, 0x1C, 0x03, 0x10, 0x0B, // off=0x1E88 start=5 len=9 (1 cp: U+21CB)
    0x05, 0x09, 0x08, 0x0B, 0x10, 0x03, 0x1C, 0x00, 0x1C, 0x04, 0x05, 0x0E, // off=0x1E94 start=5 len=9 (1 cp: U+21CC)
    0x06, 0x07, 0x06, 0x0E, 0x05, 0x36, 0x2D, 0x36, 0x05, 0x0E, // off=0x1EA0 start=6 len=7 (1 cp: U+21D0)
    0x03, 0x0D, 0x03, 0x02, 0x11, 0x4D, 0x48, 0x87, 0x0A, // off=0x1EAA start=3 len=13 (1 cp: U+21D1)
    0x06, 0x07, 0x06, 0x0B, 0x10, 0x5E, 0x40, 0x5E, 0x10, 0x0B, // off=0x1EB3 start=6 len=7 (1 cp: U+21D2)
    0x03, 0x0D, 0x87, 0x0A, 0x03, 0x48, 0x4D, 0x11, 0x02, // off=0x1EBD start=3 len=13 (1 cp: U+21D3)
    0x06, 0x07, 0x06, 0x41, 0x06, 0x36, 0xEE, 0x36, 0x06, 0x41, // off=0x1EC6 start=6 len=7 (1 cp: U+21D4)
    0x03, 0x0D, 0x03, 0x02, 0x11, 0x4D, 0x48, 0x83, 0x0A, 0x03, 0x48, 0x4D, 0x11, 0x02, // off=0x1ED0 start=3 len=13 (1 cp: U+21D5)
    0x03, 0x0D, 0x81, 0x01, 0x00, 0x0F, 0x81, 0x09, 0x81, 0x0A, 0x81, 0x02, // off=0x1EDE start=3 len=13 (1 cp: U+2200)
    0x03, 0x0D, 0x00, 0x0F, 0x83, 0x03, 0x00, 0x0F, 0x83, 0x03, 0x00, 0x0F, // off=0x1EEA start=3 len=13 (1 cp: U+2203)
    0x01, 0x11, 0x10, 0x03, 0x03, 0x0F, 0x3B, 0x66, 0x66, 0x30, 0x30, 0x0F, 0x23, 0x23, 0x06, 0x06, 0x01, 0x0F, 0x1D, 0x1D, // off=0x1EF6 start=1 len=17 (1 cp: U+2204)
    0x04, 0x0B, 0x0A, 0x03, 0x10, 0x08, 0x32, 0x32, 0x0C, 0x27, 0x27, 0x08, 0x05, 0x04, // off=0x1F0A start=4 len=11 (2 cps: U+2205, U+2300)
    0x03, 0x0D, 0x00, 0x0F, 0x81, 0x01, 0x81, 0x09, 0x81, 0x0A, 0x81, 0x02, // off=0x1F18 start=3 len=13 (1 cp: U+2207)
    0x03, 0x0D, 0x0C, 0x45, 0x0E, 0x05, 0x04, 0x04, 0x04, 0x0F, 0x04, 0x04, 0x04, 0x05, 0x0E, 0x45, // off=0x1F24 start=3 len=13 (1 cp: U+2208)
    0x01, 0x11, 0x10, 0x20, 0x20, 0x45, 0x23, 0x09, 0x15, 0x1A, 0x1A, 0x0F, 0x1F, 0x1F, 0x2E, 0x31, 0x31, 0xC1, 0x04, 0x04, // off=0x1F34 start=1 len=17 (1 cp: U+2209)
    0x05, 0x09, 0x08, 0x42, 0x05, 0x04, 0x04, 0x0F, 0x04, 0x04, 0x05, 0x42, // off=0x1F48 start=5 len=9 (1 cp: U+220A)
    0x03, 0x0D, 0x0C, 0x5C, 0x0B, 0x10, 0x03, 0x03, 0x03, 0x0F, 0x03, 0x03, 0x03, 0x10, 0x0B, 0x5C, // off=0x1F54 start=3 len=13 (1 cp: U+220B)
    0x01, 0x11, 0x10, 0x04, 0x04, 0x2C, 0x09, 0x23, 0x4C, 0x2B, 0x2B, 0x52, 0x6F, 0x6F, 0x9D, 0x3B, 0x3B, 0xC4, 0x20, 0x20, // off=0x1F64 start=1 len=17 (1 cp: U+220C)
    0x05, 0x09, 0x08, 0x28, 0x10, 0x03, 0x03, 0x0F, 0x03, 0x03, 0x10, 0x28, // off=0x1F78 start=5 len=9 (1 cp: U+220D)
    0x06, 0x0A, 0x06, 0x0F, 0x00, 0x00, 0x02, 0x02, 0x02, 0x0F, 0x81, 0x02, // off=0x1F84 start=6 len=10 (1 cp: U+2213)
    0x05, 0x0B, 0x80, 0x02, 0x80, 0x00, 0x81, 0x02, 0x00, 0x0F, 0x81, 0x02, // off=0x1F90 start=5 len=11 (1 cp: U+2214)
    0x06, 0x08, 0x07, 0x20, 0x03, 0x10, 0x0B, 0x02, 0x0E, 0x05, 0x04, // off=0x1F9C start=6 len=8 (1 cp: U+2215)
    0x06, 0x08, 0x07, 0x04, 0x05, 0x0E, 0x02, 0x0B, 0x10, 0x03, 0x20, // off=0x1FA7 start=6 len=8 (1 cp: U+2216)
    0x09, 0x02, 0x80, 0x07, // off=0x1FB2 start=9 len=2 (1 cp: U+2219)
    0x01, 0x0F, 0x00, 0x7D, 0x85, 0x10, 0x81, 0x15, 0x03, 0x09, 0x41, 0x4F, 0x2A, // off=0x1FB6 start=1 len=15 (1 cp: U+221A)
    0x07, 0x06, 0x00, 0x4D, 0x82, 0x0C, 0x00, 0x4D, // off=0x1FC3 start=7 len=6 (1 cp: U+221E)
    0x06, 0x07, 0x84, 0x04, 0x00, 0x0F, // off=0x1FCB start=6 len=7 (1 cp: U+221F)
    0x07, 0x09, 0x80, 0x02, 0x80, 0x0A, 0x81, 0x09, 0x80, 0x01, // off=0x1FD1 start=7 len=9 (1 cp: U+2227)
    0x07, 0x09, 0x80, 0x01, 0x81, 0x09, 0x80, 0x0A, 0x80, 0x02, // off=0x1FDB start=7 len=9 (1 cp: U+2228)
    0x06, 0x0A, 0x01, 0x11, 0x09, 0x86, 0x01, // off=0x1FE5 start=6 len=10 (1 cp: U+2229)
    0x06, 0x0A, 0x86, 0x01, 0x01, 0x09, 0x11, // off=0x1FEC start=6 len=10 (1 cp: U+222A)
    0x06, 0x07, 0x06, 0x69, 0x0C, 0x83, 0x00, 0x69, 0x0C, 0x83, // off=0x1FF3 start=6 len=7 (1 cp: U+2248)
    0x06, 0x07, 0x06, 0x03, 0x0F, 0x0B, 0x02, 0x0E, 0x0F, 0x04, // off=0x1FFD start=6 len=7 (1 cp: U+2260)
    0x05, 0x09, 0x08, 0x0F, 0x00, 0x00, 0x00, 0x0F, 0x00, 0x00, 0x00, 0x0F, // off=0x2007 start=5 len=9 (1 cp: U+2261)
    0x03, 0x0D, 0x0C, 0x10, 0x0B, 0x02, 0x0E, 0x05, 0x04, 0x05, 0x0E, 0x02, 0x0B, 0x10, 0x00, 0x0F, // off=0x2013 start=3 len=13 (1 cp: U+2264)
    0x03, 0x0D, 0x0C, 0x05, 0x0E, 0x02, 0x0B, 0x10, 0x03, 0x10, 0x0B, 0x02, 0x0E, 0x05, 0x00, 0x0F, // off=0x2023 start=3 len=13 (1 cp: U+2265)
    0x04, 0x0B, 0x0A, 0x8E, 0x2B, 0x23, 0x09, 0x1A, 0x1B, 0x1A, 0x09, 0x23, 0x2B, 0x8E, // off=0x2033 start=4 len=11 (1 cp: U+226A)
    0x04, 0x0B, 0x0A, 0x1B, 0x1A, 0x09, 0x23, 0x2B, 0x8E, 0x2B, 0x23, 0x09, 0x1A, 0x1B, // off=0x2041 start=4 len=11 (1 cp: U+226B)
    0x05, 0x09, 0x01, 0x42, 0x05, 0x83, 0x04, 0x01, 0x05, 0x42, // off=0x204F start=5 len=9 (1 cp: U+2282)
    0x05, 0x09, 0x01, 0x28, 0x10, 0x83, 0x03, 0x01, 0x10, 0x28, // off=0x2059 start=5 len=9 (1 cp: U+2283)
    0x04, 0x0B, 0x01, 0x42, 0x05, 0x83, 0x04, 0x03, 0x05, 0x42, 0x00, 0x0F, // off=0x2063 start=4 len=11 (1 cp: U+2286)
    0x04, 0x0B, 0x01, 0x28, 0x10, 0x83, 0x03, 0x03, 0x10, 0x28, 0x00, 0x0F, // off=0x206F start=4 len=11 (1 cp: U+2287)
    0x06, 0x0A, 0x87, 0x02, 0x00, 0x0F, // off=0x207B start=6 len=10 (1 cp: U+22A5)
    0x03, 0x0D, 0x01, 0x11, 0x09, 0x89, 0x01, // off=0x2081 start=3 len=13 (1 cp: U+22C2)
    0x03, 0x0D, 0x89, 0x01, 0x01, 0x09, 0x11, // off=0x2088 start=3 len=13 (1 cp: U+22C3)
    0x06, 0x0A, 0x03, 0x02, 0x0A, 0x09, 0x01, 0x83, 0x44, 0x00, 0x1C, // off=0x208F start=6 len=10 (1 cp: U+2302)
    0x03, 0x0D, 0x00, 0x11, 0x8A, 0x0E, // off=0x209A start=3 len=13 (1 cp: U+2308)
    0x03, 0x0D, 0x00, 0x11, 0x8A, 0x0B, // off=0x20A0 start=3 len=13 (1 cp: U+2309)
    0x03, 0x0D, 0x8A, 0x0E, 0x00, 0x11, // off=0x20A6 start=3 len=13 (1 cp: U+230A)
    0x03, 0x0D, 0x8A, 0x0B, 0x00, 0x11, // off=0x20AC start=3 len=13 (1 cp: U+230B)
    0x07, 0x05, 0x00, 0x0F, 0x82, 0x04, // off=0x20B2 start=7 len=5 (1 cp: U+2310)
    0x07, 0x05, 0x82, 0x04, 0x00, 0x0F, // off=0x20B8 start=7 len=5 (1 cp: U+2319)
    0x03, 0x11, 0x02, 0x2A, 0x30, 0x30, 0x8C, 0x02, // off=0x20BE start=3 len=17 (1 cp: U+2320)
    0x00, 0x10, 0x8B, 0x02, 0x02, 0x1F, 0x1F, 0x31, // off=0x20C6 start=0 len=16 (1 cp: U+2321)
    0x00, 0x14, 0x03, 0x03, 0x10, 0x0B, 0x0B, 0x81, 0x02, 0x82, 0x0E, 0x87, 0x05, // off=0x20CE start=0 len=20 (1 cp: U+239B)
    0x00, 0x14, 0x92, 0x05, // off=0x20DB start=0 len=20 (2 cps: U+239C, U+23A2)
    0x00, 0x14, 0x87, 0x05, 0x82, 0x0E, 0x81, 0x02, 0x03, 0x0B, 0x0B, 0x10, 0x03, // off=0x20DF start=0 len=20 (1 cp: U+239D)
    0x00, 0x14, 0x03, 0x05, 0x0E, 0x02, 0x02, 0x81, 0x0B, 0x82, 0x10, 0x87, 0x03, // off=0x20EC start=0 len=20 (1 cp: U+239E)
    0x00, 0x14, 0x92, 0x03, // off=0x20F9 start=0 len=20 (2 cps: U+239F, U+23A5)
    0x00, 0x14, 0x87, 0x03, 0x82, 0x10, 0x81, 0x0B, 0x03, 0x02, 0x02, 0x0E, 0x05, // off=0x20FD start=0 len=20 (1 cp: U+23A0)
    0x00, 0x14, 0x00, 0x13, 0x91, 0x05, // off=0x210A start=0 len=20 (1 cp: U+23A1)
    0x00, 0x14, 0x91, 0x05, 0x00, 0x13, // off=0x2110 start=0 len=20 (1 cp: U+23A3)
    0x00, 0x14, 0x00, 0x13, 0x91, 0x03, // off=0x2116 start=0 len=20 (1 cp: U+23A4)
    0x00, 0x14, 0x91, 0x03, 0x00, 0x13, // off=0x211C start=0 len=20 (1 cp: U+23A6)
    0x00, 0x14, 0x02, 0x7D, 0x07, 0x02, 0x8F, 0x0E, // off=0x2122 start=0 len=20 (1 cp: U+23A7)
    0x00, 0x14, 0x86, 0x0E, 0x03, 0x05, 0x2D, 0x2D, 0x05, 0x86, 0x0E, // off=0x212A start=0 len=20 (1 cp: U+23A8)
    0x00, 0x14, 0x8F, 0x0E, 0x02, 0x02, 0x07, 0x7D, // off=0x2135 start=0 len=20 (1 cp: U+23A9)
    0x00, 0x14, 0x02, 0x64, 0x16, 0x02, 0x8F, 0x0B, // off=0x213D start=0 len=20 (1 cp: U+23AB)
    0x00, 0x14, 0x86, 0x0B, 0x03, 0x10, 0x40, 0x40, 0x10, 0x86, 0x0B, // off=0x2145 start=0 len=20 (1 cp: U+23AC)
    0x00, 0x14, 0x8F, 0x0B, 0x02, 0x02, 0x16, 0x64, // off=0x2150 start=0 len=20 (1 cp: U+23AD)
    0x00, 0x14, 0x92, 0x02, // off=0x2158 start=0 len=20 (3 cps: U+23AE, U+23D0, U+2502)
    0x09, 0x01, 0x00, 0x0D, // off=0x215C start=9 len=1 (2 cps: U+23AF, U+2500)
    0x00, 0x01, 0x00, 0x0D, // off=0x2160 start=0 len=1 (1 cp: U+23BA)
    0x05, 0x01, 0x00, 0x0D, // off=0x2164 start=5 len=1 (1 cp: U+23BB)
    0x0E, 0x01, 0x00, 0x0D, // off=0x2168 start=14 len=1 (1 cp: U+23BC)
    0x13, 0x01, 0x00, 0x0D, // off=0x216C start=19 len=1 (1 cp: U+23BD)
    0x02, 0x0F, 0x81, 0x1A, 0x05, 0x28, 0x1A, 0x1A, 0x1A, 0x00, 0x5F, 0x84, 0x10, // off=0x2170 start=2 len=15 (1 cp: U+2409)
    0x02, 0x0F, 0x84, 0x04, 0x05, 0x28, 0x00, 0x5F, 0x02, 0x02, 0x70, 0x81, 0x02, // off=0x217D start=2 len=15 (1 cp: U+240A)
    0x02, 0x0F, 0x81, 0x1A, 0x05, 0x50, 0x50, 0x0E, 0x0E, 0x00, 0x5F, 0x84, 0x10, // off=0x218A start=2 len=15 (1 cp: U+240B)
    0x02, 0x0F, 0x0B, 0x28, 0x04, 0x04, 0x46, 0x04, 0x04, 0x04, 0x00, 0x5F, 0x02, 0x02, 0x70, 0x81, 0x02, // off=0x2197 start=2 len=15 (1 cp: U+240C)
    0x02, 0x0F, 0x0E, 0x62, 0x1A, 0x04, 0x04, 0x04, 0x1A, 0x62, 0x00, 0x45, 0x2B, 0x2B, 0x45, 0x4F, 0x30, 0x2B, // off=0x21A8 start=2 len=15 (1 cp: U+240D)
    0x02, 0x0F, 0x07, 0x1A, 0x1A, 0xCF, 0x6B, 0x43, 0x1A, 0x1A, 0x00, 0x84, 0x02, 0x00, 0x5F, // off=0x21BA start=2 len=15 (1 cp: U+2424)
    0x09, 0x02, 0x80, 0x0D, // off=0x21C9 start=9 len=2 (1 cp: U+2501)
    0x00, 0x14, 0x92, 0x07, // off=0x21CD start=0 len=20 (1 cp: U+2503)
    0x09, 0x01, 0x00, 0x9B, // off=0x21D1 start=9 len=1 (1 cp: U+2508)
    0x09, 0x02, 0x80, 0x9B, // off=0x21D5 start=9 len=2 (1 cp: U+2509)
    0x00, 0x13, 0x82, 0x02, 0x00, 0x00, 0x82, 0x02, 0x00, 0x00, 0x82, 0x02, 0x00, 0x00, 0x82, 0x02, // off=0x21D9 start=0 len=19 (1 cp: U+250A)
    0x00, 0x13, 0x82, 0x07, 0x00, 0x00, 0x82, 0x07, 0x00, 0x00, 0x82, 0x07, 0x00, 0x00, 0x82, 0x07, // off=0x21E9 start=0 len=19 (1 cp: U+250B)
    0x09, 0x0B, 0x00, 0x26, 0x88, 0x02, // off=0x21F9 start=9 len=11 (1 cp: U+250C)
    0x09, 0x0B, 0x80, 0x26, 0x87, 0x02, // off=0x21FF start=9 len=11 (1 cp: U+250D)
    0x09, 0x0B, 0x00, 0x26, 0x88, 0x07, // off=0x2205 start=9 len=11 (1 cp: U+250E)
    0x09, 0x0B, 0x80, 0x26, 0x87, 0x07, // off=0x220B start=9 len=11 (1 cp: U+250F)
    0x09, 0x0B, 0x00, 0x14, 0x88, 0x02, // off=0x2211 start=9 len=11 (1 cp: U+2510)
    0x09, 0x0B, 0x80, 0x14, 0x87, 0x02, // off=0x2217 start=9 len=11 (1 cp: U+2511)
    0x09, 0x0B, 0x00, 0x24, 0x88, 0x07, // off=0x221D start=9 len=11 (1 cp: U+2512)
    0x09, 0x0B, 0x80, 0x24, 0x87, 0x07, // off=0x2223 start=9 len=11 (1 cp: U+2513)
    0x00, 0x0A, 0x87, 0x02, 0x00, 0x26, // off=0x2229 start=0 len=10 (1 cp: U+2514)
    0x00, 0x0B, 0x87, 0x02, 0x80, 0x26, // off=0x222F start=0 len=11 (1 cp: U+2515)
    0x00, 0x0A, 0x87, 0x07, 0x00, 0x26, // off=0x2235 start=0 len=10 (1 cp: U+2516)
    0x00, 0x0B, 0x87, 0x07, 0x80, 0x26, // off=0x223B start=0 len=11 (1 cp: U+2517)
    0x00, 0x0A, 0x87, 0x02, 0x00, 0x14, // off=0x2241 start=0 len=10 (1 cp: U+2518)
    0x00, 0x0B, 0x87, 0x02, 0x80, 0x14, // off=0x2247 start=0 len=11 (1 cp: U+2519)
    0x00, 0x0A, 0x87, 0x07, 0x00, 0x24, // off=0x224D start=0 len=10 (1 cp: U+251A)
    0x00, 0x0B, 0x87, 0x07, 0x80, 0x24, // off=0x2253 start=0 len=11 (1 cp: U+251B)
    0x00, 0x14, 0x87, 0x02, 0x00, 0x26, 0x88, 0x02, // off=0x2259 start=0 len=20 (1 cp: U+251C)
    0x00, 0x14, 0x87, 0x02, 0x80, 0x26, 0x87, 0x02, // off=0x2261 start=0 len=20 (1 cp: U+251D)
    0x00, 0x14, 0x87, 0x07, 0x00, 0x26, 0x88, 0x02, // off=0x2269 start=0 len=20 (1 cp: U+251E)
    0x00, 0x14, 0x87, 0x02, 0x00, 0x26, 0x88, 0x07, // off=0x2271 start=0 len=20 (1 cp: U+251F)
    0x00, 0x14, 0x87, 0x07, 0x00, 0x26, 0x88, 0x07, // off=0x2279 start=0 len=20 (1 cp: U+2520)
    0x00, 0x14, 0x87, 0x07, 0x80, 0x26, 0x87, 0x02, // off=0x2281 start=0 len=20 (1 cp: U+2521)
    0x00, 0x14, 0x87, 0x02, 0x80, 0x26, 0x87, 0x07, // off=0x2289 start=0 len=20 (1 cp: U+2522)
    0x00, 0x14, 0x87, 0x07, 0x80, 0x26, 0x87, 0x07, // off=0x2291 start=0 len=20 (1 cp: U+2523)
    0x00, 0x14, 0x87, 0x02, 0x00, 0x14, 0x88, 0x02, // off=0x2299 start=0 len=20 (1 cp: U+2524)
    0x00, 0x14, 0x87, 0x02, 0x80, 0x14, 0x87, 0x02, // off=0x22A1 start=0 len=20 (1 cp: U+2525)
    0x00, 0x14, 0x87, 0x07, 0x00, 0x24, 0x88, 0x02, // off=0x22A9 start=0 len=20 (1 cp: U+2526)
    0x00, 0x14, 0x87, 0x02, 0x00, 0x24, 0x88, 0x07, // off=0x22B1 start=0 len=20 (1 cp: U+2527)
    0x00, 0x14, 0x87, 0x07, 0x00, 0x24, 0x88, 0x07, // off=0x22B9 start=0 len=20 (1 cp: U+2528)
    0x00, 0x14, 0x87, 0x07, 0x80, 0x24, 0x87, 0x02, // off=0x22C1 start=0 len=20 (1 cp: U+2529)
    0x00, 0x14, 0x87, 0x02, 0x80, 0x24, 0x87, 0x07, // off=0x22C9 start=0 len=20 (1 cp: U+252A)
    0x00, 0x14, 0x87, 0x07, 0x80, 0x24, 0x87, 0x07, // off=0x22D1 start=0 len=20 (1 cp: U+252B)
    0x09, 0x0B, 0x00, 0x0D, 0x88, 0x02, // off=0x22D9 start=9 len=11 (1 cp: U+252C)
    0x09, 0x0B, 0x01, 0x0D, 0x14, 0x87, 0x02, // off=0x22DF start=9 len=11 (1 cp: U+252D)
    0x09, 0x0B, 0x01, 0x0D, 0x26, 0x87, 0x02, // off=0x22E6 start=9 len=11 (1 cp: U+252E)
    0x09, 0x0B, 0x80, 0x0D, 0x87, 0x02, // off=0x22ED start=9 len=11 (1 cp: U+252F)
    0x09, 0x0B, 0x00, 0x0D, 0x88, 0x07, // off=0x22F3 start=9 len=11 (1 cp: U+2530)
    0x09, 0x0B, 0x01, 0x0D, 0x24, 0x87, 0x07, // off=0x22F9 start=9 len=11 (1 cp: U+2531)
    0x09, 0x0B, 0x01, 0x0D, 0x26, 0x87, 0x07, // off=0x2300 start=9 len=11 (1 cp: U+2532)
    0x09, 0x0B, 0x80, 0x0D, 0x87, 0x07, // off=0x2307 start=9 len=11 (1 cp: U+2533)
    0x00, 0x0A, 0x87, 0x02, 0x00, 0x0D, // off=0x230D start=0 len=10 (1 cp: U+2534)
    0x00, 0x0B, 0x87, 0x02, 0x01, 0x0D, 0x14, // off=0x2313 start=0 len=11 (1 cp: U+2535)
    0x00, 0x0B, 0x87, 0x02, 0x01, 0x0D, 0x26, // off=0x231A start=0 len=11 (1 cp: U+2536)
    0x00, 0x0B, 0x87, 0x02, 0x80, 0x0D, // off=0x2321 start=0 len=11 (1 cp: U+2537)
    0x00, 0x0A, 0x87, 0x07, 0x00, 0x0D, // off=0x2327 start=0 len=10 (1 cp: U+2538)
    0x00, 0x0B, 0x87, 0x07, 0x01, 0x0D, 0x24, // off=0x232D start=0 len=11 (1 cp: U+2539)
    0x00, 0x0B, 0x87, 0x07, 0x01, 0x0D, 0x26, // off=0x2334 start=0 len=11 (1 cp: U+253A)
    0x00, 0x0B, 0x87, 0x07, 0x80, 0x0D, // off=0x233B start=0 len=11 (1 cp: U+253B)
    0x00, 0x14, 0x87, 0x02, 0x00, 0x0D, 0x88, 0x02, // off=0x2341 start=0 len=20 (1 cp: U+253C)
    0x00, 0x14, 0x87, 0x02, 0x01, 0x0D, 0x14, 0x87, 0x02, // off=0x2349 start=0 len=20 (1 cp: U+253D)
    0x00, 0x14, 0x87, 0x02, 0x01, 0x0D, 0x26, 0x87, 0x02, // off=0x2352 start=0 len=20 (1 cp: U+253E)
    0x00, 0x14, 0x87, 0x02, 0x80, 0x0D, 0x87, 0x02, // off=0x235B start=0 len=20 (1 cp: U+253F)
    0x00, 0x14, 0x87, 0x07, 0x00, 0x0D, 0x88, 0x02, // off=0x2363 start=0 len=20 (1 cp: U+2540)
    0x00, 0x14, 0x87, 0x02, 0x00, 0x0D, 0x88, 0x07, // off=0x236B start=0 len=20 (1 cp: U+2541)
    0x00, 0x14, 0x87, 0x07, 0x00, 0x0D, 0x88, 0x07, // off=0x2373 start=0 len=20 (1 cp: U+2542)
    0x00, 0x14, 0x87, 0x07, 0x01, 0x0D, 0x14, 0x87, 0x02, // off=0x237B start=0 len=20 (1 cp: U+2543)
    0x00, 0x14, 0x87, 0x07, 0x01, 0x0D, 0x26, 0x87, 0x02, // off=0x2384 start=0 len=20 (1 cp: U+2544)
    0x00, 0x14, 0x87, 0x02, 0x01, 0x0D, 0x24, 0x87, 0x07, // off=0x238D start=0 len=20 (1 cp: U+2545)
    0x00, 0x14, 0x87, 0x02, 0x01, 0x0D, 0x26, 0x87, 0x07, // off=0x2396 start=0 len=20 (1 cp: U+2546)
    0x00, 0x14, 0x87, 0x07, 0x80, 0x0D, 0x87, 0x02, // off=0x239F start=0 len=20 (1 cp: U+2547)
    0x00, 0x14, 0x87, 0x02, 0x80, 0x0D, 0x87, 0x07, // off=0x23A7 start=0 len=20 (1 cp: U+2548)
    0x00, 0x14, 0x87, 0x07, 0x01, 0x0D, 0x24, 0x87, 0x07, // off=0x23AF start=0 len=20 (1 cp: U+2549)
    0x00, 0x14, 0x87, 0x07, 0x01, 0x0D, 0x26, 0x87, 0x07, // off=0x23B8 start=0 len=20 (1 cp: U+254A)
    0x00, 0x14, 0x87, 0x07, 0x80, 0x0D, 0x87, 0x07, // off=0x23C1 start=0 len=20 (1 cp: U+254B)
    0x08, 0x03, 0x02, 0x0D, 0x00, 0x0D, // off=0x23C9 start=8 len=3 (1 cp: U+2550)
    0x00, 0x14, 0x92, 0x0A, // off=0x23CF start=0 len=20 (1 cp: U+2551)
    0x08, 0x0C, 0x02, 0x26, 0x02, 0x26, 0x87, 0x02, // off=0x23D3 start=8 len=12 (1 cp: U+2552)
    0x09, 0x0B, 0x00, 0x68, 0x88, 0x0A, // off=0x23DB start=9 len=11 (1 cp: U+2553)
    0x08, 0x0C, 0x02, 0x68, 0x0E, 0x71, 0x87, 0x0A, // off=0x23E1 start=8 len=12 (1 cp: U+2554)
    0x08, 0x0C, 0x02, 0x14, 0x02, 0x14, 0x87, 0x02, // off=0x23E9 start=8 len=12 (1 cp: U+2555)
    0x09, 0x0B, 0x00, 0x24, 0x88, 0x0A, // off=0x23F1 start=9 len=11 (1 cp: U+2556)
    0x08, 0x0C, 0x02, 0x24, 0x0B, 0x7A, 0x87, 0x0A, // off=0x23F7 start=8 len=12 (1 cp: U+2557)
    0x00, 0x0B, 0x86, 0x02, 0x02, 0x26, 0x02, 0x26, // off=0x23FF start=0 len=11 (1 cp: U+2558)
    0x00, 0x0A, 0x87, 0x0A, 0x00, 0x68, // off=0x2407 start=0 len=10 (1 cp: U+2559)
    0x00, 0x0B, 0x86, 0x0A, 0x02, 0x71, 0x0E, 0x68, // off=0x240D start=0 len=11 (1 cp: U+255A)
    0x00, 0x0B, 0x86, 0x02, 0x02, 0x14, 0x02, 0x14, // off=0x2415 start=0 len=11 (1 cp: U+255B)
    0x00, 0x0A, 0x87, 0x0A, 0x00, 0x24, // off=0x241D start=0 len=10 (1 cp: U+255C)
    0x00, 0x0B, 0x86, 0x0A, 0x02, 0x7A, 0x0B, 0x24, // off=0x2423 start=0 len=11 (1 cp: U+255D)
    0x00, 0x14, 0x86, 0x02, 0x02, 0x26, 0x02, 0x26, 0x87, 0x02, // off=0x242B start=0 len=20 (1 cp: U+255E)
    0x00, 0x14, 0x87, 0x0A, 0x00, 0x71, 0x88, 0x0A, // off=0x2435 start=0 len=20 (1 cp: U+255F)
    0x00, 0x14, 0x86, 0x0A, 0x02, 0x71, 0x0E, 0x71, 0x87, 0x0A, // off=0x243D start=0 len=20 (1 cp: U+2560)
    0x00, 0x14, 0x86, 0x02, 0x02, 0x14, 0x02, 0x14, 0x87, 0x02, // off=0x2447 start=0 len=20 (1 cp: U+2561)
    0x00, 0x14, 0x87, 0x0A, 0x00, 0x7A, 0x88, 0x0A, // off=0x2451 start=0 len=20 (1 cp: U+2562)
    0x00, 0x14, 0x86, 0x0A, 0x02, 0x7A, 0x0B, 0x7A, 0x87, 0x0A, // off=0x2459 start=0 len=20 (1 cp: U+2563)
    0x08, 0x0C, 0x02, 0x0D, 0x00, 0x0D, 0x87, 0x02, // off=0x2463 start=8 len=12 (1 cp: U+2564)
    0x09, 0x0B, 0x00, 0x0D, 0x88, 0x0A, // off=0x246B start=9 len=11 (1 cp: U+2565)
    0x08, 0x0C, 0x02, 0x0D, 0x00, 0x8D, 0x87, 0x0A, // off=0x2471 start=8 len=12 (1 cp: U+2566)
    0x00, 0x0B, 0x86, 0x02, 0x02, 0x0D, 0x00, 0x0D, // off=0x2479 start=0 len=11 (1 cp: U+2567)
    0x00, 0x0A, 0x87, 0x0A, 0x00, 0x0D, // off=0x2481 start=0 len=10 (1 cp: U+2568)
    0x00, 0x0B, 0x86, 0x0A, 0x02, 0x8D, 0x00, 0x0D, // off=0x2487 start=0 len=11 (1 cp: U+2569)
    0x00, 0x14, 0x86, 0x02, 0x02, 0x0D, 0x02, 0x0D, 0x87, 0x02, // off=0x248F start=0 len=20 (1 cp: U+256A)
    0x00, 0x14, 0x87, 0x0A, 0x00, 0x0D, 0x88, 0x0A, // off=0x2499 start=0 len=20 (1 cp: U+256B)
    0x00, 0x14, 0x86, 0x0A, 0x02, 0x8D, 0x00, 0x8D, 0x87, 0x0A, // off=0x24A1 start=0 len=20 (1 cp: U+256C)
    0x09, 0x0B, 0x02, 0x7C, 0x10, 0x0B, 0x86, 0x02, // off=0x24AB start=9 len=11 (1 cp: U+256D)
    0x09, 0x0B, 0x02, 0x2D, 0x05, 0x0E, 0x86, 0x02, // off=0x24B3 start=9 len=11 (1 cp: U+256E)
    0x00, 0x0A, 0x85, 0x02, 0x02, 0x0E, 0x05, 0x2D, // off=0x24BB start=0 len=10 (1 cp: U+256F)
    0x00, 0x0A, 0x85, 0x02, 0x02, 0x0B, 0x10, 0x7C, // off=0x24C3 start=0 len=10 (1 cp: U+2570)
    0x00, 0x14, 0x80, 0x57, 0x80, 0x20, 0x80, 0x03, 0x80, 0x10, 0x80, 0x0B, 0x80, 0x02, 0x80, 0x0E, 0x80, 0x05, 0x80, 0x04, 0x80, 0x1D, // off=0x24CB start=0 len=20 (1 cp: U+2571)
    0x00, 0x14, 0x80, 0x1D, 0x80, 0x04, 0x80, 0x05, 0x80, 0x0E, 0x80, 0x02, 0x80, 0x0B, 0x80, 0x10, 0x80, 0x03, 0x80, 0x20, 0x80, 0x57, // off=0x24E1 start=0 len=20 (1 cp: U+2572)
    0x00, 0x14, 0x80, 0x86, 0x80, 0x19, 0x80, 0x06, 0x80, 0x41, 0x82, 0x07, 0x80, 0x41, 0x80, 0x06, 0x80, 0x19, 0x80, 0x86, // off=0x24F7 start=0 len=20 (1 cp: U+2573)
    0x09, 0x01, 0x00, 0x14, // off=0x250B start=9 len=1 (1 cp: U+2574)
    0x00, 0x0A, 0x88, 0x02, // off=0x250F start=0 len=10 (1 cp: U+2575)
    0x09, 0x01, 0x00, 0x26, // off=0x2513 start=9 len=1 (1 cp: U+2576)
    0x09, 0x0B, 0x89, 0x02, // off=0x2517 start=9 len=11 (1 cp: U+2577)
    0x09, 0x02, 0x80, 0x14, // off=0x251B start=9 len=2 (1 cp: U+2578)
    0x00, 0x0A, 0x88, 0x07, // off=0x251F start=0 len=10 (1 cp: U+2579)
    0x09, 0x02, 0x80, 0x26, // off=0x2523 start=9 len=2 (1 cp: U+257A)
    0x09, 0x0B, 0x89, 0x07, // off=0x2527 start=9 len=11 (1 cp: U+257B)
    0x09, 0x02, 0x01, 0x0D, 0x26, // off=0x252B start=9 len=2 (1 cp: U+257C)
    0x00, 0x14, 0x87, 0x02, 0x89, 0x07, // off=0x2530 start=0 len=20 (1 cp: U+257D)
    0x09, 0x02, 0x01, 0x0D, 0x14, // off=0x2536 start=9 len=2 (1 cp: U+257E)
    0x00, 0x14, 0x88, 0x07, 0x88, 0x02, // off=0x253B start=0 len=20 (1 cp: U+257F)
    0x00, 0x0A, 0x88, 0x0D, // off=0x2541 start=0 len=10 (1 cp: U+2580)
    0x12, 0x02, 0x80, 0x0D, // off=0x2545 start=18 len=2 (1 cp: U+2581)
    0x0F, 0x05, 0x83, 0x0D, // off=0x2549 start=15 len=5 (1 cp: U+2582)
    0x0D, 0x07, 0x85, 0x0D, // off=0x254D start=13 len=7 (1 cp: U+2583)
    0x0A, 0x0A, 0x88, 0x0D, // off=0x2551 start=10 len=10 (1 cp: U+2584)
    0x08, 0x0C, 0x8A, 0x0D, // off=0x2555 start=8 len=12 (1 cp: U+2585)
    0x05, 0x0F, 0x8D, 0x0D, // off=0x2559 start=5 len=15 (1 cp: U+2586)
    0x03, 0x11, 0x8F, 0x0D, // off=0x255D start=3 len=17 (1 cp: U+2587)
    0x00, 0x14, 0x92, 0x0D, // off=0x2561 start=0 len=20 (1 cp: U+2588)
    0x00, 0x14, 0x92, 0x1C, // off=0x2565 start=0 len=20 (1 cp: U+2589)
    0x00, 0x14, 0x92, 0x38, // off=0x2569 start=0 len=20 (1 cp: U+258A)
    0x00, 0x14, 0x92, 0x24, // off=0x256D start=0 len=20 (1 cp: U+258B)
    0x00, 0x14, 0x92, 0x14, // off=0x2571 start=0 len=20 (1 cp: U+258C)
    0x00, 0x14, 0x92, 0x37, // off=0x2575 start=0 len=20 (1 cp: U+258D)
    0x00, 0x14, 0x92, 0x2D, // off=0x2579 start=0 len=20 (1 cp: U+258E)
    0x00, 0x14, 0x92, 0x1D, // off=0x257D start=0 len=20 (1 cp: U+258F)
    0x00, 0x14, 0x92, 0x18, // off=0x2581 start=0 len=20 (1 cp: U+2590)
    0x00, 0x13, 0x12, 0x2F, 0x00, 0x2F, 0x00, 0x2F, 0x00, 0x2F, 0x00, 0x2F, 0x00, 0x2F, 0x00, 0x2F, 0x00, 0x2F, 0x00, 0x2F, 0x00, 0x2F, // off=0x2585 start=0 len=19 (1 cp: U+2591)
    0x00, 0x14, 0x13, 0x2F, 0x59, 0x2F, 0x59, 0x2F, 0x59, 0x2F, 0x59, 0x2F, 0x59, 0x2F, 0x59, 0x2F, 0x59, 0x2F, 0x59, 0x2F, 0x59, 0x2F, 0x59, // off=0x259B start=0 len=20 (1 cp: U+2592)
    0x00, 0x14, 0x13, 0x0D, 0x2F, 0x0D, 0x2F, 0x0D, 0x2F, 0x0D, 0x2F, 0x0D, 0x2F, 0x0D, 0x2F, 0x0D, 0x2F, 0x0D, 0x2F, 0x0D, 0x2F, 0x0D, 0x2F, // off=0x25B2 start=0 len=20 (1 cp: U+2593)
    0x0A, 0x0A, 0x88, 0x14, // off=0x25C9 start=10 len=10 (1 cp: U+2596)
    0x0A, 0x0A, 0x88, 0x18, // off=0x25CD start=10 len=10 (1 cp: U+2597)
    0x00, 0x0A, 0x88, 0x14, // off=0x25D1 start=0 len=10 (1 cp: U+2598)
    0x00, 0x14, 0x88, 0x14, 0x88, 0x0D, // off=0x25D5 start=0 len=20 (1 cp: U+2599)
    0x00, 0x14, 0x88, 0x14, 0x88, 0x18, // off=0x25DB start=0 len=20 (1 cp: U+259A)
    0x00, 0x14, 0x88, 0x0D, 0x88, 0x14, // off=0x25E1 start=0 len=20 (1 cp: U+259B)
    0x00, 0x14, 0x88, 0x0D, 0x88, 0x18, // off=0x25E7 start=0 len=20 (1 cp: U+259C)
    0x00, 0x0A, 0x88, 0x18, // off=0x25ED start=0 len=10 (1 cp: U+259D)
    0x00, 0x14, 0x88, 0x18, 0x88, 0x14, // off=0x25F1 start=0 len=20 (1 cp: U+259E)
    0x00, 0x14, 0x88, 0x18, 0x88, 0x0D, // off=0x25F7 start=0 len=20 (1 cp: U+259F)
    0x06, 0x08, 0x86, 0x08, // off=0x25FD start=6 len=8 (1 cp: U+25A0)
    0x0B, 0x05, 0x83, 0x36, // off=0x2601 start=11 len=5 (1 cp: U+25AC)
    0x03, 0x0D, 0x8B, 0x0F, // off=0x2605 start=3 len=13 (1 cp: U+25AE)
    0x05, 0x0A, 0x80, 0x02, 0x80, 0x11, 0x80, 0x08, 0x80, 0x0F, 0x80, 0x1C, // off=0x2609 start=5 len=10 (1 cp: U+25B2)
    0x05, 0x09, 0x08, 0x2D, 0x37, 0x24, 0x5E, 0x0D, 0x5E, 0x24, 0x37, 0x2D, // off=0x2615 start=5 len=9 (2 cps: U+25B6, U+25BA)
    0x05, 0x0A, 0x80, 0x1C, 0x80, 0x0F, 0x80, 0x08, 0x80, 0x11, 0x80, 0x02, // off=0x2621 start=5 len=10 (1 cp: U+25BC)
    0x05, 0x09, 0x08, 0x65, 0x7E, 0x26, 0x82, 0x0D, 0x82, 0x26, 0x7E, 0x65, // off=0x262D start=5 len=9 (2 cps: U+25C0, U+25C4)
    0x05, 0x09, 0x08, 0x02, 0x11, 0x08, 0x0F, 0x1C, 0x0F, 0x08, 0x11, 0x02, // off=0x2639 start=5 len=9 (2 cps: U+25C6, U+2666)
    0x05, 0x09, 0x08, 0x02, 0x0A, 0x09, 0x01, 0x44, 0x01, 0x09, 0x0A, 0x02, // off=0x2645 start=5 len=9 (1 cp: U+25CA)
    0x07, 0x06, 0x00, 0x1E, 0x82, 0x06, 0x00, 0x1E, // off=0x2651 start=7 len=6 (1 cp: U+25CB)
    0x07, 0x06, 0x00, 0x1E, 0x82, 0x13, 0x00, 0x1E, // off=0x2659 start=7 len=6 (1 cp: U+25CF)
    0x00, 0x14, 0x86, 0x0D, 0x03, 0xB4, 0x8C, 0x8C, 0xB4, 0x86, 0x0D, // off=0x2661 start=0 len=20 (1 cp: U+25D8)
    0x00, 0x14, 0x85, 0x0D, 0x00, 0x8C, 0x82, 0x8B, 0x00, 0x8C, 0x85, 0x0D, // off=0x266C start=0 len=20 (1 cp: U+25D9)
    0x03, 0x0D, 0x0C, 0x0F, 0x44, 0x44, 0xAE, 0xAE, 0x44, 0x44, 0xEC, 0x99, 0x44, 0x44, 0x44, 0x0F, // off=0x2678 start=3 len=13 (1 cp: U+263A)
    0x03, 0x0D, 0x0C, 0x0F, 0x1C, 0x1C, 0x79, 0x79, 0x1C, 0x1C, 0x29, 0x6D, 0x1C, 0x1C, 0x1C, 0x0F, // off=0x2688 start=3 len=13 (1 cp: U+263B)
    0x03, 0x0D, 0x0C, 0x02, 0x02, 0x33, 0x0C, 0x34, 0x11, 0x7B, 0x11, 0x34, 0x0C, 0x33, 0x02, 0x02, // off=0x2698 start=3 len=13 (1 cp: U+263C)
    0x03, 0x0D, 0x00, 0x08, 0x84, 0x01, 0x05, 0x08, 0x02, 0x02, 0x0F, 0x02, 0x02, // off=0x26A8 start=3 len=13 (1 cp: U+2640)
    0x03, 0x0D, 0x05, 0x5F, 0x40, 0x9D, 0x6F, 0x2B, 0x28, 0x84, 0x4E, 0x00, 0x28, // off=0x26B5 start=3 len=13 (1 cp: U+2642)
    0x03, 0x0D, 0x04, 0x02, 0x02, 0x11, 0x08, 0x0F, 0x82, 0x1C, 0x03, 0x96, 0x02, 0x02, 0x08, // off=0x26C2 start=3 len=13 (1 cp: U+2660)
    0x03, 0x0D, 0x0C, 0x11, 0x08, 0x08, 0x11, 0x02, 0x96, 0x1C, 0x1C, 0x1C, 0x96, 0x02, 0x02, 0x08, // off=0x26D1 start=3 len=13 (1 cp: U+2663)
    0x05, 0x0A, 0x01, 0x25, 0x7B, 0x82, 0x1C, 0x03, 0x0F, 0x08, 0x11, 0x02, // off=0x26E1 start=5 len=10 (1 cp: U+2665)
    0x03, 0x0D, 0x03, 0x81, 0x4C, 0x4C, 0x81, 0x86, 0x0E, 0x00, 0x64, // off=0x26ED start=3 len=13 (1 cp: U+266A)
    0x03, 0x0D, 0x03, 0x0F, 0x01, 0x01, 0x0F, 0x85, 0x01, 0x01, 0x15, 0x1D, // off=0x26F8 start=3 len=13 (1 cp: U+266B)
    0x04, 0x0C, 0x80, 0x20, 0x80, 0x03, 0x80, 0x4E, 0x80, 0x1A, 0x80, 0x50, 0x80, 0x0E, // off=0x2704 start=4 len=12 (1 cp: U+2713)
    0x04, 0x0C, 0x80, 0x65, 0x80, 0x40, 0x80, 0x88, 0x80, 0x5A, 0x80, 0x2C, 0x80, 0x16, // off=0x2712 start=4 len=12 (1 cp: U+2714)
    0x04, 0x0C, 0x0B, 0x10, 0x15, 0x72, 0x0A, 0x02, 0x07, 0x41, 0x23, 0x05, 0x05, 0x04, 0x04, // off=0x2720 start=4 len=12 (1 cp: U+2717)
    0x04, 0x0C, 0x0B, 0x3B, 0x25, 0x4D, 0x1E, 0x07, 0x70, 0xBD, 0x67, 0x31, 0x31, 0x22, 0x22, // off=0x272F start=4 len=12 (1 cp: U+2718)
    0x03, 0x0D, 0x0C, 0x10, 0x10, 0x0B, 0x0B, 0x02, 0x02, 0x0E, 0x02, 0x02, 0x0B, 0x0B, 0x10, 0x10, // off=0x273E start=3 len=13 (1 cp: U+27E8)
    0x03, 0x0D, 0x0C, 0x0E, 0x0E, 0x02, 0x02, 0x0B, 0x0B, 0x10, 0x0B, 0x0B, 0x02, 0x02, 0x0E, 0x0E, // off=0x274E start=3 len=13 (1 cp: U+27E9)
    0x03, 0x0D, 0x0C, 0x2B, 0x2B, 0x23, 0x23, 0x09, 0x09, 0x1A, 0x09, 0x09, 0x23, 0x23, 0x2B, 0x2B, // off=0x275E start=3 len=13 (1 cp: U+27EA)
    0x03, 0x0D, 0x0C, 0x1A, 0x1A, 0x09, 0x09, 0x23, 0x23, 0x2B, 0x23, 0x23, 0x09, 0x09, 0x1A, 0x1A, // off=0x276E start=3 len=13 (1 cp: U+27EB)
    0x01, 0x02, 0x80, 0x05, // off=0x277E start=1 len=2 (1 cp: U+2801)
    0x06, 0x02, 0x80, 0x05, // off=0x2782 start=6 len=2 (1 cp: U+2802)
    0x01, 0x07, 0x80, 0x05, 0x81, 0x00, 0x80, 0x05, // off=0x2786 start=1 len=7 (1 cp: U+2803)
    0x0B, 0x02, 0x80, 0x05, // off=0x278E start=11 len=2 (1 cp: U+2804)
    0x01, 0x0C, 0x80, 0x05, 0x86, 0x00, 0x80, 0x05, // off=0x2792 start=1 len=12 (1 cp: U+2805)
    0x06, 0x07, 0x80, 0x05, 0x81, 0x00, 0x80, 0x05, // off=0x279A start=6 len=7 (1 cp: U+2806)
    0x01, 0x0C, 0x80, 0x05, 0x81, 0x00, 0x80, 0x05, 0x81, 0x00, 0x80, 0x05, // off=0x27A2 start=1 len=12 (1 cp: U+2807)
    0x01, 0x02, 0x80, 0x03, // off=0x27AE start=1 len=2 (1 cp: U+2808)
    0x01, 0x02, 0x80, 0x06, // off=0x27B2 start=1 len=2 (1 cp: U+2809)
    0x01, 0x07, 0x80, 0x03, 0x81, 0x00, 0x80, 0x05, // off=0x27B6 start=1 len=7 (1 cp: U+280A)
    0x01, 0x07, 0x80, 0x06, 0x81, 0x00, 0x80, 0x05, // off=0x27BE start=1 len=7 (1 cp: U+280B)
    0x01, 0x0C, 0x80, 0x03, 0x86, 0x00, 0x80, 0x05, // off=0x27C6 start=1 len=12 (1 cp: U+280C)
    0x01, 0x0C, 0x80, 0x06, 0x86, 0x00, 0x80, 0x05, // off=0x27CE start=1 len=12 (1 cp: U+280D)
    0x01, 0x0C, 0x80, 0x03, 0x81, 0x00, 0x80, 0x05, 0x81, 0x00, 0x80, 0x05, // off=0x27D6 start=1 len=12 (1 cp: U+280E)
    0x01, 0x0C, 0x80, 0x06, 0x81, 0x00, 0x80, 0x05, 0x81, 0x00, 0x80, 0x05, // off=0x27E2 start=1 len=12 (1 cp: U+280F)
    0x06, 0x02, 0x80, 0x03, // off=0x27EE start=6 len=2 (1 cp: U+2810)
    0x01, 0x07, 0x80, 0x05, 0x81, 0x00, 0x80, 0x03, // off=0x27F2 start=1 len=7 (1 cp: U+2811)
    0x06, 0x02, 0x80, 0x06, // off=0x27FA start=6 len=2 (1 cp: U+2812)
    0x01, 0x07, 0x80, 0x05, 0x81, 0x00, 0x80, 0x06, // off=0x27FE start=1 len=7 (1 cp: U+2813)
    0x06, 0x07, 0x80, 0x03, 0x81, 0x00, 0x80, 0x05, // off=0x2806 start=6 len=7 (1 cp: U+2814)
    0x01, 0x0C, 0x80, 0x05, 0x81, 0x00, 0x80, 0x03, 0x81, 0x00, 0x80, 0x05, // off=0x280E start=1 len=12 (1 cp: U+2815)
    0x06, 0x07, 0x80, 0x06, 0x81, 0x00, 0x80, 0x05, // off=0x281A start=6 len=7 (1 cp: U+2816)
    0x01, 0x0C, 0x80, 0x05, 0x81, 0x00, 0x80, 0x06, 0x81, 0x00, 0x80, 0x05, // off=0x2822 start=1 len=12 (1 cp: U+2817)
    0x01, 0x07, 0x80, 0x03, 0x81, 0x00, 0x80, 0x03, // off=0x282E start=1 len=7 (1 cp: U+2818)
    0x01, 0x07, 0x80, 0x06, 0x81, 0x00, 0x80, 0x03, // off=0x2836 start=1 len=7 (1 cp: U+2819)
    0x01, 0x07, 0x80, 0x03, 0x81, 0x00, 0x80, 0x06, // off=0x283E start=1 len=7 (1 cp: U+281A)
    0x01, 0x07, 0x80, 0x06, 0x81, 0x00, 0x80, 0x06, // off=0x2846 start=1 len=7 (1 cp: U+281B)
    0x01, 0x0C, 0x80, 0x03, 0x81, 0x00, 0x80, 0x03, 0x81, 0x00, 0x80, 0x05, // off=0x284E start=1 len=12 (1 cp: U+281C)
    0x01, 0x0C, 0x80, 0x06, 0x81, 0x00, 0x80, 0x03, 0x81, 0x00, 0x80, 0x05, // off=0x285A start=1 len=12 (1 cp: U+281D)
    0x01, 0x0C, 0x80, 0x03, 0x81, 0x00, 0x80, 0x06, 0x81, 0x00, 0x80, 0x05, // off=0x2866 start=1 len=12 (1 cp: U+281E)
    0x01, 0x0C, 0x80, 0x06, 0x81, 0x00, 0x80, 0x06, 0x81, 0x00, 0x80, 0x05, // off=0x2872 start=1 len=12 (1 cp: U+281F)
    0x0B, 0x02, 0x80, 0x03, // off=0x287E start=11 len=2 (1 cp: U+2820)
    0x01, 0x0C, 0x80, 0x05, 0x86, 0x00, 0x80, 0x03, // off=0x2882 start=1 len=12 (1 cp: U+2821)
    0x06, 0x07, 0x80, 0x05, 0x81, 0x00, 0x80, 0x03, // off=0x288A start=6 len=7 (1 cp: U+2822)
    0x01, 0x0C, 0x80, 0x05, 0x81, 0x00, 0x80, 0x05, 0x81, 0x00, 0x80, 0x03, // off=0x2892 start=1 len=12 (1 cp: U+2823)
    0x0B, 0x02, 0x80, 0x06, // off=0x289E start=11 len=2 (1 cp: U+2824)
    0x01, 0x0C, 0x80, 0x05, 0x86, 0x00, 0x80, 0x06, // off=0x28A2 start=1 len=12 (1 cp: U+2825)
    0x06, 0x07, 0x80, 0x05, 0x81, 0x00, 0x80, 0x06, // off=0x28AA start=6 len=7 (1 cp: U+2826)
    0x01, 0x0C, 0x80, 0x05, 0x81, 0x00, 0x80, 0x05, 0x81, 0x00, 0x80, 0x06, // off=0x28B2 start=1 len=12 (1 cp: U+2827)
    0x01, 0x0C, 0x80, 0x03, 0x86, 0x00, 0x80, 0x03, // off=0x28BE start=1 len=12 (1 cp: U+2828)
    0x01, 0x0C, 0x80, 0x06, 0x86, 0x00, 0x80, 0x03, // off=0x28C6 start=1 len=12 (1 cp: U+2829)
    0x01, 0x0C, 0x80, 0x03, 0x81, 0x00, 0x80, 0x05, 0x81, 0x00, 0x80, 0x03, // off=0x28CE start=1 len=12 (1 cp: U+282A)
    0x01, 0x0C, 0x80, 0x06, 0x81, 0x00, 0x80, 0x05, 0x81, 0x00, 0x80, 0x03, // off=0x28DA start=1 len=12 (1 cp: U+282B)
    0x01, 0x0C, 0x80, 0x03, 0x86, 0x00, 0x80, 0x06, // off=0x28E6 start=1 len=12 (1 cp: U+282C)
    0x01, 0x0C, 0x80, 0x06, 0x86, 0x00, 0x80, 0x06, // off=0x28EE start=1 len=12 (1 cp: U+282D)
    0x01, 0x0C, 0x80, 0x03, 0x81, 0x00, 0x80, 0x05, 0x81, 0x00, 0x80, 0x06, // off=0x28F6 start=1 len=12 (1 cp: U+282E)
    0x01, 0x0C, 0x80, 0x06, 0x81, 0x00, 0x80, 0x05, 0x81, 0x00, 0x80, 0x06, // off=0x2902 start=1 len=12 (1 cp: U+282F)
    0x06, 0x07, 0x80, 0x03, 0x81, 0x00, 0x80, 0x03, // off=0x290E start=6 len=7 (1 cp: U+2830)
    0x01, 0x0C, 0x80, 0x05, 0x81, 0x00, 0x80, 0x03, 0x81, 0x00, 0x80, 0x03, // off=0x2916 start=1 len=12 (1 cp: U+2831)
    0x06, 0x07, 0x80, 0x06, 0x81, 0x00, 0x80, 0x03, // off=0x2922 start=6 len=7 (1 cp: U+2832)
    0x01, 0x0C, 0x80, 0x05, 0x81, 0x00, 0x80, 0x06, 0x81, 0x00, 0x80, 0x03, // off=0x292A start=1 len=12 (1 cp: U+2833)
    0x06, 0x07, 0x80, 0x03, 0x81, 0x00, 0x80, 0x06, // off=0x2936 start=6 len=7 (1 cp: U+2834)
    0x01, 0x0C, 0x80, 0x05, 0x81, 0x00, 0x80, 0x03, 0x81, 0x00, 0x80, 0x06, // off=0x293E start=1 len=12 (1 cp: U+2835)
    0x06, 0x07, 0x80, 0x06, 0x81, 0x00, 0x80, 0x06, // off=0x294A start=6 len=7 (1 cp: U+2836)
    0x01, 0x0C, 0x80, 0x05, 0x81, 0x00, 0x80, 0x06, 0x81, 0x00, 0x80, 0x06, // off=0x2952 start=1 len=12 (1 cp: U+2837)
    0x01, 0x0C, 0x80, 0x03, 0x81, 0x00, 0x80, 0x03, 0x81, 0x00, 0x80, 0x03, // off=0x295E start=1 len=12 (1 cp: U+2838)
    0x01, 0x0C, 0x80, 0x06, 0x81, 0x00, 0x80, 0x03, 0x81, 0x00, 0x80, 0x03, // off=0x296A start=1 len=12 (1 cp: U+2839)
    0x01, 0x0C, 0x80, 0x03, 0x81, 0x00, 0x80, 0x06, 0x81, 0x00, 0x80, 0x03, // off=0x2976 start=1 len=12 (1 cp: U+283A)
    0x01, 0x0C, 0x80, 0x06, 0x81, 0x00, 0x80, 0x06, 0x81, 0x00, 0x80, 0x03, // off=0x2982 start=1 len=12 (1 cp: U+283B)
    0x01, 0x0C, 0x80, 0x03, 0x81, 0x00, 0x80, 0x03, 0x81, 0x00, 0x80, 0x06, // off=0x298E start=1 len=12 (1 cp: U+283C)
    0x01, 0x0C, 0x80, 0x06, 0x81, 0x00, 0x80, 0x03, 0x81, 0x00, 0x80, 0x06, // off=0x299A start=1 len=12 (1 cp: U+283D)
    0x01, 0x0C, 0x80, 0x03, 0x81, 0x00, 0x80, 0x06, 0x81, 0x00, 0x80, 0x06, // off=0x29A6 start=1 len=12 (1 cp: U+283E)
    0x01, 0x0C, 0x80, 0x06, 0x81, 0x00, 0x80, 0x06, 0x81, 0x00, 0x80, 0x06, // off=0x29B2 start=1 len=12 (1 cp: U+283F)
    0x10, 0x02, 0x80, 0x05, // off=0x29BE start=16 len=2 (1 cp: U+2840)
    0x01, 0x11, 0x80, 0x05, 0x8B, 0x00, 0x80, 0x05, // off=0x29C2 start=1 len=17 (1 cp: U+2841)
    0x06, 0x0C, 0x80, 0x05, 0x86, 0x00, 0x80, 0x05, // off=0x29CA start=6 len=12 (1 cp: U+2842)
    0x01, 0x11, 0x80, 0x05, 0x81, 0x00, 0x80, 0x05, 0x86, 0x00, 0x80, 0x05, // off=0x29D2 start=1 len=17 (1 cp: U+2843)
    0x0B, 0x07, 0x80, 0x05, 0x81, 0x00, 0x80, 0x05, // off=0x29DE start=11 len=7 (1 cp: U+2844)
    0x01, 0x11, 0x80, 0x05, 0x86, 0x00, 0x80, 0x05, 0x81, 0x00, 0x80, 0x05, // off=0x29E6 start=1 len=17 (1 cp: U+2845)
    0x06, 0x0C, 0x80, 0x05, 0x81, 0x00, 0x80, 0x05, 0x81, 0x00, 0x80, 0x05, // off=0x29F2 start=6 len=12 (1 cp: U+2846)
    0x01, 0x11, 0x80, 0x05, 0x81, 0x00, 0x80, 0x05, 0x81, 0x00, 0x80, 0x05, 0x81, 0x00, 0x80, 0x05, // off=0x29FE start=1 len=17 (1 cp: U+2847)
    0x01, 0x11, 0x80, 0x03, 0x8B, 0x00, 0x80, 0x05, // off=0x2A0E start=1 len=17 (1 cp: U+2848)
    0x01, 0x11, 0x80, 0x06, 0x8B, 0x00, 0x80, 0x05, // off=0x2A16 start=1 len=17 (1 cp: U+2849)
    0x01, 0x11, 0x80, 0x03, 0x81, 0x00, 0x80, 0x05, 0x86, 0x00, 0x80, 0x05, // off=0x2A1E start=1 len=17 (1 cp: U+284A)
    0x01, 0x11, 0x80, 0x06, 0x81, 0x00, 0x80, 0x05, 0x86, 0x00, 0x80, 0x05, // off=0x2A2A start=1 len=17 (1 cp: U+284B)
    0x01, 0x11, 0x80, 0x03, 0x86, 0x00, 0x80, 0x05, 0x81, 0x00, 0x80, 0x05, // off=0x2A36 start=1 len=17 (1 cp: U+284C)
    0x01, 0x11, 0x80, 0x06, 0x86, 0x00, 0x80, 0x05, 0x81, 0x00, 0x80, 0x05, // off=0x2A42 start=1 len=17 (1 cp: U+284D)
    0x01, 0x11, 0x80, 0x03, 0x81, 0x00, 0x80, 0x05, 0x81, 0x00, 0x80, 0x05, 0x81, 0x00, 0x80, 0x05, // off=0x2A4E start=1 len=17 (1 cp: U+284E)
    0x01, 0x11, 0x80, 0x06, 0x81, 0x00, 0x80, 0x05, 0x81, 0x00, 0x80, 0x05, 0x81, 0x00, 0x80, 0x05, // off=0x2A5E start=1 len=17 (1 cp: U+284F)
    0x06, 0x0C, 0x80, 0x03, 0x86, 0x00, 0x80, 0x05, // off=0x2A6E start=6 len=12 (1 cp: U+2850)
    0x01, 0x11, 0x80, 0x05, 0x81, 0x00, 0x80, 0x03, 0x86, 0x00, 0x80, 0x05, // off=0x2A76 start=1 len=17 (1 cp: U+2851)
    0x06, 0x0C, 0x80, 0x06, 0x86, 0x00, 0x80, 0x05, // off=0x2A82 start=6 len=12 (1 cp: U+2852)
    0x01, 0x11, 0x80, 0x05, 0x81, 0x00, 0x80, 0x06, 0x86, 0x00, 0x80, 0x05, // off=0x2A8A start=1 len=17 (1 cp: U+2853)
    0x06, 0x0C, 0x80, 0x03, 0x81, 0x00, 0x80, 0x05, 0x81, 0x00, 0x80, 0x05, // off=0x2A96 start=6 len=12 (1 cp: U+2854)
    0x01, 0x11, 0x80, 0x05, 0x81, 0x00, 0x80, 0x03, 0x81, 0x00, 0x80, 0x05, 0x81, 0x00, 0x80, 0x05, // off=0x2AA2 start=1 len=17 (1 cp: U+2855)
    0x06, 0x0C, 0x80, 0x06, 0x81, 0x00, 0x80, 0x05, 0x81, 0x00, 0x80, 0x05, // off=0x2AB2 start=6 len=12 (1 cp: U+2856)
    0x01, 0x11, 0x80, 0x05, 0x81, 0x00, 0x80, 0x06, 0x81, 0x00, 0x80, 0x05, 0x81, 0x00, 0x80, 0x05, // off=0x2ABE start=1 len=17 (1 cp: U+2857)
    0x01, 0x11, 0x80, 0x03, 0x81, 0x00, 0x80, 0x03, 0x86, 0x00, 0x80, 0x05, // off=0x2ACE start=1 len=17 (1 cp: U+2858)
    0x01, 0x11, 0x80, 0x06, 0x81, 0x00, 0x80, 0x03, 0x86, 0x00, 0x80, 0x05, // off=0x2ADA start=1 len=17 (1 cp: U+2859)
    0x01, 0x11, 0x80, 0x03, 0x81, 0x00, 0x80, 0x06, 0x86, 0x00, 0x80, 0x05, // off=0x2AE6 start=1 len=17 (1 cp: U+285A)
    0x01, 0x11, 0x80, 0x06, 0x81, 0x00, 0x80, 0x06, 0x86, 0x00, 0x80, 0x05, // off=0x2AF2 start=1 len=17 (1 cp: U+285B)
    0x01, 0x11, 0x80, 0x03, 0x81, 0x00, 0x80, 0x03, 0x81, 0x00, 0x80, 0x05, 0x81, 0x00, 0x80, 0x05, // off=0x2AFE start=1 len=17 (1 cp: U+285C)
    0x01, 0x11, 0x80, 0x06, 0x81, 0x00, 0x80, 0x03, 0x81, 0x00, 0x80, 0x05, 0x81, 0x00, 0x80, 0x05, // off=0x2B0E start=1 len=17 (1 cp: U+285D)
    0x01, 0x11, 0x80, 0x03, 0x81, 0x00, 0x80, 0x06, 0x81, 0x00, 0x80, 0x05, 0x81, 0x00, 0x80, 0x05, // off=0x2B1E start=1 len=17 (1 cp: U+285E)
    0x01, 0x11, 0x80, 0x06, 0x81, 0x00, 0x80, 0x06, 0x81, 0x00, 0x80, 0x05, 0x81, 0x00, 0x80, 0x05, // off=0x2B2E start=1 len=17 (1 cp: U+285F)
    0x0B, 0x07, 0x80, 0x03, 0x81, 0x00, 0x80, 0x05, // off=0x2B3E start=11 len=7 (1 cp: U+2860)
    0x01, 0x11, 0x80, 0x05, 0x86, 0x00, 0x80, 0x03, 0x81, 0x00, 0x80, 0x05, // off=0x2B46 start=1 len=17 (1 cp: U+2861)
    0x06, 0x0C, 0x80, 0x05, 0x81, 0x00, 0x80, 0x03, 0x81, 0x00, 0x80, 0x05, // off=0x2B52 start=6 len=12 (1 cp: U+2862)
    0x01, 0x11, 0x80, 0x05, 0x81, 0x00, 0x80, 0x05, 0x81, 0x00, 0x80, 0x03, 0x81, 0x00, 0x80, 0x05, // off=0x2B5E start=1 len=17 (1 cp: U+2863)
    0x0B, 0x07, 0x80, 0x06, 0x81, 0x00, 0x80, 0x05, // off=0x2B6E start=11 len=7 (1 cp: U+2864)
    0x01, 0x11, 0x80, 0x05, 0x86, 0x00, 0x80, 0x06, 0x81, 0x00, 0x80, 0x05, // off=0x2B76 start=1 len=17 (1 cp: U+2865)
    0x06, 0x0C, 0x80, 0x05, 0x81, 0x00, 0x80, 0x06, 0x81, 0x00, 0x80, 0x05, // off=0x2B82 start=6 len=12 (1 cp: U+2866)
    0x01, 0x11, 0x80, 0x05, 0x81, 0x00, 0x80, 0x05, 0x81, 0x00, 0x80, 0x06, 0x81, 0x00, 0x80, 0x05, // off=0x2B8E start=1 len=17 (1 cp: U+2867)
    0x01, 0x11, 0x80, 0x03, 0x86, 0x00, 0x80, 0x03, 0x81, 0x00, 0x80, 0x05, // off=0x2B9E start=1 len=17 (1 cp: U+2868)
    0x01, 0x11, 0x80, 0x06, 0x86, 0x00, 0x80, 0x03, 0x81, 0x00, 0x80, 0x05, // off=0x2BAA start=1 len=17 (1 cp: U+2869)
    0x01, 0x11, 0x80, 0x03, 0x81, 0x00, 0x80, 0x05, 0x81, 0x00, 0x80, 0x03, 0x81, 0x00, 0x80, 0x05, // off=0x2BB6 start=1 len=17 (1 cp: U+286A)
    0x01, 0x11, 0x80, 0x06, 0x81, 0x00, 0x80, 0x05, 0x81, 0x00, 0x80, 0x03, 0x81, 0x00, 0x80, 0x05, // off=0x2BC6 start=1 len=17 (1 cp: U+286B)
    0x01, 0x11, 0x80, 0x03, 0x86, 0x00, 0x80, 0x06, 0x81, 0x00, 0x80, 0x05, // off=0x2BD6 start=1 len=17 (1 cp: U+286C)
    0x01, 0x11, 0x80, 0x06, 0x86, 0x00, 0x80, 0x06, 0x81, 0x00, 0x80, 0x05, // off=0x2BE2 start=1 len=17 (1 cp: U+286D)
    0x01, 0x11, 0x80, 0x03, 0x81, 0x00, 0x80, 0x05, 0x81, 0x00, 0x80, 0x06, 0x81, 0x00, 0x80, 0x05, // off=0x2BEE start=1 len=17 (1 cp: U+286E)
    0x01, 0x11, 0x80, 0x06, 0x81, 0x00, 0x80, 0x05, 0x81, 0x00, 0x80, 0x06, 0x81, 0x00, 0x80, 0x05, // off=0x2BFE start=1 len=17 (1 cp: U+286F)
    0x06, 0x0C, 0x80, 0x03, 0x81, 0x00, 0x80, 0x03, 0x81, 0x00, 0x80, 0x05, // off=0x2C0E start=6 len=12 (1 cp: U+2870)
    0x01, 0x11, 0x80, 0x05, 0x81, 0x00, 0x80, 0x03, 0x81, 0x00, 0x80, 0x03, 0x81, 0x00, 0x80, 0x05, // off=0x2C1A start=1 len=17 (1 cp: U+2871)
    0x06, 0x0C, 0x80, 0x06, 0x81, 0x00, 0x80, 0x03, 0x81, 0x00, 0x80, 0x05, // off=0x2C2A start=6 len=12 (1 cp: U+2872)
    0x01, 0x11, 0x80, 0x05, 0x81, 0x00, 0x80, 0x06, 0x81, 0x00, 0x80, 0x03, 0x81, 0x00, 0x80, 0x05, // off=0x2C36 start=1 len=17 (1 cp: U+2873)
    0x06, 0x0C, 0x80, 0x03, 0x81, 0x00, 0x80, 0x06, 0x81, 0x00, 0x80, 0x05, // off=0x2C46 start=6 len=12 (1 cp: U+2874)
    0x01, 0x11, 0x80, 0x05, 0x81, 0x00, 0x80, 0x03, 0x81, 0x00, 0x80, 0x06, 0x81, 0x00, 0x80, 0x05, // off=0x2C52 start=1 len=17 (1 cp: U+2875)
    0x06, 0x0C, 0x80, 0x06, 0x81, 0x00, 0x80, 0x06, 0x81, 0x00, 0x80, 0x05, // off=0x2C62 start=6 len=12 (1 cp: U+2876)
    0x01, 0x11, 0x80, 0x05, 0x81, 0x00, 0x80, 0x06, 0x81, 0x00, 0x80, 0x06, 0x81, 0x00, 0x80, 0x05, // off=0x2C6E start=1 len=17 (1 cp: U+2877)
    0x01, 0x11, 0x80, 0x03, 0x81, 0x00, 0x80, 0x03, 0x81, 0x00, 0x80, 0x03, 0x81, 0x00, 0x80, 0x05, // off=0x2C7E start=1 len=17 (1 cp: U+2878)
    0x01, 0x11, 0x80, 0x06, 0x81, 0x00, 0x80, 0x03, 0x81, 0x00, 0x80, 0x03, 0x81, 0x00, 0x80, 0x05, // off=0x2C8E start=1 len=17 (1 cp: U+2879)
    0x01, 0x11, 0x80, 0x03, 0x81, 0x00, 0x80, 0x06, 0x81, 0x00, 0x80, 0x03, 0x81, 0x00, 0x80, 0x05, // off=0x2C9E start=1 len=17 (1 cp: U+287A)
    0x01, 0x11, 0x80, 0x06, 0x81, 0x00, 0x80, 0x06, 0x81, 0x00, 0x80, 0x03, 0x81, 0x00, 0x80, 0x05, // off=0x2CAE start=1 len=17 (1 cp: U+287B)
    0x01, 0x11, 0x80, 0x03, 0x81, 0x00, 0x80, 0x03, 0x81, 0x00, 0x80, 0x06, 0x81, 0x00, 0x80, 0x05, // off=0x2CBE start=1 len=17 (1 cp: U+287C)
    0x01, 0x11, 0x80, 0x06, 0x81, 0x00, 0x80, 0x03, 0x81, 0x00, 0x80, 0x06, 0x81, 0x00, 0x80, 0x05, // off=0x2CCE start=1 len=17 (1 cp: U+287D)
    0x01, 0x11, 0x80, 0x03, 0x81, 0x00, 0x80, 0x06, 0x81, 0x00, 0x80, 0x06, 0x81, 0x00, 0x80, 0x05, // off=0x2CDE start=1 len=17 (1 cp: U+287E)
    0x01, 0x11, 0x80, 0x06, 0x81, 0x00, 0x80, 0x06, 0x81, 0x00, 0x80, 0x06, 0x81, 0x00, 0x80, 0x05, // off=0x2CEE start=1 len=17 (1 cp: U+287F)
    0x10, 0x02, 0x80, 0x03, // off=0x2CFE start=16 len=2 (1 cp: U+2880)
    0x01, 0x11, 0x80, 0x05, 0x8B, 0x00, 0x80, 0x03, // off=0x2D02 start=1 len=17 (1 cp: U+2881)
    0x06, 0x0C, 0x80, 0x05, 0x86, 0x00, 0x80, 0x03, // off=0x2D0A start=6 len=12 (1 cp: U+2882)
    0x01, 0x11, 0x80, 0x05, 0x81, 0x00, 0x80, 0x05, 0x86, 0x00, 0x80, 0x03, // off=0x2D12 start=1 len=17 (1 cp: U+2883)
    0x0B, 0x07, 0x80, 0x05, 0x81, 0x00, 0x80, 0x03, // off=0x2D1E start=11 len=7 (1 cp: U+2884)
    0x01, 0x11, 0x80, 0x05, 0x86, 0x00, 0x80, 0x05, 0x81, 0x00, 0x80, 0x03, // off=0x2D26 start=1 len=17 (1 cp: U+2885)
    0x06, 0x0C, 0x80, 0x05, 0x81, 0x00, 0x80, 0x05, 0x81, 0x00, 0x80, 0x03, // off=0x2D32 start=6 len=12 (1 cp: U+2886)
    0x01, 0x11, 0x80, 0x05, 0x81, 0x00, 0x80, 0x05, 0x81, 0x00, 0x80, 0x05, 0x81, 0x00, 0x80, 0x03, // off=0x2D3E start=1 len=17 (1 cp: U+2887)
    0x01, 0x11, 0x80, 0x03, 0x8B, 0x00, 0x80, 0x03, // off=0x2D4E start=1 len=17 (1 cp: U+2888)
    0x01, 0x11, 0x80, 0x06, 0x8B, 0x00, 0x80, 0x03, // off=0x2D56 start=1 len=17 (1 cp: U+2889)
    0x01, 0x11, 0x80, 0x03, 0x81, 0x00, 0x80, 0x05, 0x86, 0x00, 0x80, 0x03, // off=0x2D5E start=1 len=17 (1 cp: U+288A)
    0x01, 0x11, 0x80, 0x06, 0x81, 0x00, 0x80, 0x05, 0x86, 0x00, 0x80, 0x03, // off=0x2D6A start=1 len=17 (1 cp: U+288B)
    0x01, 0x11, 0x80, 0x03, 0x86, 0x00, 0x80, 0x05, 0x81, 0x00, 0x80, 0x03, // off=0x2D76 start=1 len=17 (1 cp: U+288C)
    0x01, 0x11, 0x80, 0x06, 0x86, 0x00, 0x80, 0x05, 0x81, 0x00, 0x80, 0x03, // off=0x2D82 start=1 len=17 (1 cp: U+288D)
    0x01, 0x11, 0x80, 0x03, 0x81, 0x00, 0x80, 0x05, 0x81, 0x00, 0x80, 0x05, 0x81, 0x00, 0x80, 0x03, // off=0x2D8E start=1 len=17 (1 cp: U+288E)
    0x01, 0x11, 0x80, 0x06, 0x81, 0x00, 0x80, 0x05, 0x81, 0x00, 0x80, 0x05, 0x81, 0x00, 0x80, 0x03, // off=0x2D9E start=1 len=17 (1 cp: U+288F)
    0x06, 0x0C, 0x80, 0x03, 0x86, 0x00, 0x80, 0x03, // off=0x2DAE start=6 len=12 (1 cp: U+2890)
    0x01, 0x11, 0x80, 0x05, 0x81, 0x00, 0x80, 0x03, 0x86, 0x00, 0x80, 0x03, // off=0x2DB6 start=1 len=17 (1 cp: U+2891)
    0x06, 0x0C, 0x80, 0x06, 0x86, 0x00, 0x80, 0x03, // off=0x2DC2 start=6 len=12 (1 cp: U+2892)
    0x01, 0x11, 0x80, 0x05, 0x81, 0x00, 0x80, 0x06, 0x86, 0x00, 0x80, 0x03, // off=0x2DCA start=1 len=17 (1 cp: U+2893)
    0x06, 0x0C, 0x80, 0x03, 0x81, 0x00, 0x80, 0x05, 0x81, 0x00, 0x80, 0x03, // off=0x2DD6 start=6 len=12 (1 cp: U+2894)
    0x01, 0x11, 0x80, 0x05, 0x81, 0x00, 0x80, 0x03, 0x81, 0x00, 0x80, 0x05, 0x81, 0x00, 0x80, 0x03, // off=0x2DE2 start=1 len=17 (1 cp: U+2895)
    0x06, 0x0C, 0x80, 0x06, 0x81, 0x00, 0x80, 0x05, 0x81, 0x00, 0x80, 0x03, // off=0x2DF2 start=6 len=12 (1 cp: U+2896)
    0x01, 0x11, 0x80, 0x05, 0x81, 0x00, 0x80, 0x06, 0x81, 0x00, 0x80, 0x05, 0x81, 0x00, 0x80, 0x03, // off=0x2DFE start=1 len=17 (1 cp: U+2897)
    0x01, 0x11, 0x80, 0x03, 0x81, 0x00, 0x80, 0x03, 0x86, 0x00, 0x80, 0x03, // off=0x2E0E start=1 len=17 (1 cp: U+2898)
    0x01, 0x11, 0x80, 0x06, 0x81, 0x00, 0x80, 0x03, 0x86, 0x00, 0x80, 0x03, // off=0x2E1A start=1 len=17 (1 cp: U+2899)
    0x01, 0x11, 0x80, 0x03, 0x81, 0x00, 0x80, 0x06, 0x86, 0x00, 0x80, 0x03, // off=0x2E26 start=1 len=17 (1 cp: U+289A)
    0x01, 0x11, 0x80, 0x06, 0x81, 0x00, 0x80, 0x06, 0x86, 0x00, 0x80, 0x03, // off=0x2E32 start=1 len=17 (1 cp: U+289B)
    0x01, 0x11, 0x80, 0x03, 0x81, 0x00, 0x80, 0x03, 0x81, 0x00, 0x80, 0x05, 0x81, 0x00, 0x80, 0x03, // off=0x2E3E start=1 len=17 (1 cp: U+289C)
    0x01, 0x11, 0x80, 0x06, 0x81, 0x00, 0x80, 0x03, 0x81, 0x00, 0x80, 0x05, 0x81, 0x00, 0x80, 0x03, // off=0x2E4E start=1 len=17 (1 cp: U+289D)
    0x01, 0x11, 0x80, 0x03, 0x81, 0x00, 0x80, 0x06, 0x81, 0x00, 0x80, 0x05, 0x81, 0x00, 0x80, 0x03, // off=0x2E5E start=1 len=17 (1 cp: U+289E)
    0x01, 0x11, 0x80, 0x06, 0x81, 0x00, 0x80, 0x06, 0x81, 0x00, 0x80, 0x05, 0x81, 0x00, 0x80, 0x03, // off=0x2E6E start=1 len=17 (1 cp: U+289F)
    0x0B, 0x07, 0x80, 0x03, 0x81, 0x00, 0x80, 0x03, // off=0x2E7E start=11 len=7 (1 cp: U+28A0)
    0x01, 0x11, 0x80, 0x05, 0x86, 0x00, 0x80, 0x03, 0x81, 0x00, 0x80, 0x03, // off=0x2E86 start=1 len=17 (1 cp: U+28A1)
    0x06, 0x0C, 0x80, 0x05, 0x81, 0x00, 0x80, 0x03, 0x81, 0x00, 0x80, 0x03, // off=0x2E92 start=6 len=12 (1 cp: U+28A2)
    0x01, 0x11, 0x80, 0x05, 0x81, 0x00, 0x80, 0x05, 0x81, 0x00, 0x80, 0x03, 0x81, 0x00, 0x80, 0x03, // off=0x2E9E start=1 len=17 (1 cp: U+28A3)
    0x0B, 0x07, 0x80, 0x06, 0x81, 0x00, 0x80, 0x03, // off=0x2EAE start=11 len=7 (1 cp: U+28A4)
    0x01, 0x11, 0x80, 0x05, 0x86, 0x00, 0x80, 0x06, 0x81, 0x00, 0x80, 0x03, // off=0x2EB6 start=1 len=17 (1 cp: U+28A5)
    0x06, 0x0C, 0x80, 0x05, 0x81, 0x00, 0x80, 0x06, 0x81, 0x00, 0x80, 0x03, // off=0x2EC2 start=6 len=12 (1 cp: U+28A6)
    0x01, 0x11, 0x80, 0x05, 0x81, 0x00, 0x80, 0x05, 0x81, 0x00, 0x80, 0x06, 0x81, 0x00, 0x80, 0x03, // off=0x2ECE start=1 len=17 (1 cp: U+28A7)
    0x01, 0x11, 0x80, 0x03, 0x86, 0x00, 0x80, 0x03, 0x81, 0x00, 0x80, 0x03, // off=0x2EDE start=1 len=17 (1 cp: U+28A8)
    0x01, 0x11, 0x80, 0x06, 0x86, 0x00, 0x80, 0x03, 0x81, 0x00, 0x80, 0x03, // off=0x2EEA start=1 len=17 (1 cp: U+28A9)
    0x01, 0x11, 0x80, 0x03, 0x81, 0x00, 0x80, 0x05, 0x81, 0x00, 0x80, 0x03, 0x81, 0x00, 0x80, 0x03, // off=0x2EF6 start=1 len=17 (1 cp: U+28AA)
    0x01, 0x11, 0x80, 0x06, 0x81, 0x00, 0x80, 0x05, 0x81, 0x00, 0x80, 0x03, 0x81, 0x00, 0x80, 0x03, // off=0x2F06 start=1 len=17 (1 cp: U+28AB)
    0x01, 0x11, 0x80, 0x03, 0x86, 0x00, 0x80, 0x06, 0x81, 0x00, 0x80, 0x03, // off=0x2F16 start=1 len=17 (1 cp: U+28AC)
    0x01, 0x11, 0x80, 0x06, 0x86, 0x00, 0x80, 0x06, 0x81, 0x00, 0x80, 0x03, // off=0x2F22 start=1 len=17 (1 cp: U+28AD)
    0x01, 0x11, 0x80, 0x03, 0x81, 0x00, 0x80, 0x05, 0x81, 0x00, 0x80, 0x06, 0x81, 0x00, 0x80, 0x03, // off=0x2F2E start=1 len=17 (1 cp: U+28AE)
    0x01, 0x11, 0x80, 0x06, 0x81, 0x00, 0x80, 0x05, 0x81, 0x00, 0x80, 0x06, 0x81, 0x00, 0x80, 0x03, // off=0x2F3E start=1 len=17 (1 cp: U+28AF)
    0x06, 0x0C, 0x80, 0x03, 0x81, 0x00, 0x80, 0x03, 0x81, 0x00, 0x80, 0x03, // off=0x2F4E start=6 len=12 (1 cp: U+28B0)
    0x01, 0x11, 0x80, 0x05, 0x81, 0x00, 0x80, 0x03, 0x81, 0x00, 0x80, 0x03, 0x81, 0x00, 0x80, 0x03, // off=0x2F5A start=1 len=17 (1 cp: U+28B1)
    0x06, 0x0C, 0x80, 0x06, 0x81, 0x00, 0x80, 0x03, 0x81, 0x00, 0x80, 0x03, // off=0x2F6A start=6 len=12 (1 cp: U+28B2)
    0x01, 0x11, 0x80, 0x05, 0x81, 0x00, 0x80, 0x06, 0x81, 0x00, 0x80, 0x03, 0x81, 0x00, 0x80, 0x03, // off=0x2F76 start=1 len=17 (1 cp: U+28B3)
    0x06, 0x0C, 0x80, 0x03, 0x81, 0x00, 0x80, 0x06, 0x81, 0x00, 0x80, 0x03, // off=0x2F86 start=6 len=12 (1 cp: U+28B4)
    0x01, 0x11, 0x80, 0x05, 0x81, 0x00, 0x80, 0x03, 0x81, 0x00, 0x80, 0x06, 0x81, 0x00, 0x80, 0x03, // off=0x2F92 start=1 len=17 (1 cp: U+28B5)
    0x06, 0x0C, 0x80, 0x06, 0x81, 0x00, 0x80, 0x06, 0x81, 0x00, 0x80, 0x03, // off=0x2FA2 start=6 len=12 (1 cp: U+28B6)
    0x01, 0x11, 0x80, 0x05, 0x81, 0x00, 0x80, 0x06, 0x81, 0x00, 0x80, 0x06, 0x81, 0x00, 0x80, 0x03, // off=0x2FAE start=1 len=17 (1 cp: U+28B7)
    0x01, 0x11, 0x80, 0x03, 0x81, 0x00, 0x80, 0x03, 0x81, 0x00, 0x80, 0x03, 0x81, 0x00, 0x80, 0x03, // off=0x2FBE start=1 len=17 (1 cp: U+28B8)
    0x01, 0x11, 0x80, 0x06, 0x81, 0x00, 0x80, 0x03, 0x81, 0x00, 0x80, 0x03, 0x81, 0x00, 0x80, 0x03, // off=0x2FCE start=1 len=17 (1 cp: U+28B9)
    0x01, 0x11, 0x80, 0x03, 0x81, 0x00, 0x80, 0x06, 0x81, 0x00, 0x80, 0x03, 0x81, 0x00, 0x80, 0x03, // off=0x2FDE start=1 len=17 (1 cp: U+28BA)
    0x01, 0x11, 0x80, 0x06, 0x81, 0x00, 0x80, 0x06, 0x81, 0x00, 0x80, 0x03, 0x81, 0x00, 0x80, 0x03, // off=0x2FEE start=1 len=17 (1 cp: U+28BB)
    0x01, 0x11, 0x80, 0x03, 0x81, 0x00, 0x80, 0x03, 0x81, 0x00, 0x80, 0x06, 0x81, 0x00, 0x80, 0x03, // off=0x2FFE start=1 len=17 (1 cp: U+28BC)
    0x01, 0x11, 0x80, 0x06, 0x81, 0x00, 0x80, 0x03, 0x81, 0x00, 0x80, 0x06, 0x81, 0x00, 0x80, 0x03, // off=0x300E start=1 len=17 (1 cp: U+28BD)
    0x01, 0x11, 0x80, 0x03, 0x81, 0x00, 0x80, 0x06, 0x81, 0x00, 0x80, 0x06, 0x81, 0x00, 0x80, 0x03, // off=0x301E start=1 len=17 (1 cp: U+28BE)
    0x01, 0x11, 0x80, 0x06, 0x81, 0x00, 0x80, 0x06, 0x81, 0x00, 0x80, 0x06, 0x81, 0x00, 0x80, 0x03, // off=0x302E start=1 len=17 (1 cp: U+28BF)
    0x10, 0x02, 0x80, 0x06, // off=0x303E start=16 len=2 (1 cp: U+28C0)
    0x01, 0x11, 0x80, 0x05, 0x8B, 0x00, 0x80, 0x06, // off=0x3042 start=1 len=17 (1 cp: U+28C1)
    0x06, 0x0C, 0x80, 0x05, 0x86, 0x00, 0x80, 0x06, // off=0x304A start=6 len=12 (1 cp: U+28C2)
    0x01, 0x11, 0x80, 0x05, 0x81, 0x00, 0x80, 0x05, 0x86, 0x00, 0x80, 0x06, // off=0x3052 start=1 len=17 (1 cp: U+28C3)
    0x0B, 0x07, 0x80, 0x05, 0x81, 0x00, 0x80, 0x06, // off=0x305E start=11 len=7 (1 cp: U+28C4)
    0x01, 0x11, 0x80, 0x05, 0x86, 0x00, 0x80, 0x05, 0x81, 0x00, 0x80, 0x06, // off=0x3066 start=1 len=17 (1 cp: U+28C5)
    0x06, 0x0C, 0x80, 0x05, 0x81, 0x00, 0x80, 0x05, 0x81, 0x00, 0x80, 0x06, // off=0x3072 start=6 len=12 (1 cp: U+28C6)
    0x01, 0x11, 0x80, 0x05, 0x81, 0x00, 0x80, 0x05, 0x81, 0x00, 0x80, 0x05, 0x81, 0x00, 0x80, 0x06, // off=0x307E start=1 len=17 (1 cp: U+28C7)
    0x01, 0x11, 0x80, 0x03, 0x8B, 0x00, 0x80, 0x06, // off=0x308E start=1 len=17 (1 cp: U+28C8)
    0x01, 0x11, 0x80, 0x06, 0x8B, 0x00, 0x80, 0x06, // off=0x3096 start=1 len=17 (1 cp: U+28C9)
    0x01, 0x11, 0x80, 0x03, 0x81, 0x00, 0x80, 0x05, 0x86, 0x00, 0x80, 0x06, // off=0x309E start=1 len=17 (1 cp: U+28CA)
    0x01, 0x11, 0x80, 0x06, 0x81, 0x00, 0x80, 0x05, 0x86, 0x00, 0x80, 0x06, // off=0x30AA start=1 len=17 (1 cp: U+28CB)
    0x01, 0x11, 0x80, 0x03, 0x86, 0x00, 0x80, 0x05, 0x81, 0x00, 0x80, 0x06, // off=0x30B6 start=1 len=17 (1 cp: U+28CC)
    0x01, 0x11, 0x80, 0x06, 0x86, 0x00, 0x80, 0x05, 0x81, 0x00, 0x80, 0x06, // off=0x30C2 start=1 len=17 (1 cp: U+28CD)
    0x01, 0x11, 0x80, 0x03, 0x81, 0x00, 0x80, 0x05, 0x81, 0x00, 0x80, 0x05, 0x81, 0x00, 0x80, 0x06, // off=0x30CE start=1 len=17 (1 cp: U+28CE)
    0x01, 0x11, 0x80, 0x06, 0x81, 0x00, 0x80, 0x05, 0x81, 0x00, 0x80, 0x05, 0x81, 0x00, 0x80, 0x06, // off=0x30DE start=1 len=17 (1 cp: U+28CF)
    0x06, 0x0C, 0x80, 0x03, 0x86, 0x00, 0x80, 0x06, // off=0x30EE start=6 len=12 (1 cp: U+28D0)
    0x01, 0x11, 0x80, 0x05, 0x81, 0x00, 0x80, 0x03, 0x86, 0x00, 0x80, 0x06, // off=0x30F6 start=1 len=17 (1 cp: U+28D1)
    0x06, 0x0C, 0x80, 0x06, 0x86, 0x00, 0x80, 0x06, // off=0x3102 start=6 len=12 (1 cp: U+28D2)
    0x01, 0x11, 0x80, 0x05, 0x81, 0x00, 0x80, 0x06, 0x86, 0x00, 0x80, 0x06, // off=0x310A start=1 len=17 (1 cp: U+28D3)
    0x06, 0x0C, 0x80, 0x03, 0x81, 0x00, 0x80, 0x05, 0x81, 0x00, 0x80, 0x06, // off=0x3116 start=6 len=12 (1 cp: U+28D4)
    0x01, 0x11, 0x80, 0x05, 0x81, 0x00, 0x80, 0x03, 0x81, 0x00, 0x80, 0x05, 0x81, 0x00, 0x80, 0x06, // off=0x3122 start=1 len=17 (1 cp: U+28D5)
    0x06, 0x0C, 0x80, 0x06, 0x81, 0x00, 0x80, 0x05, 0x81, 0x00, 0x80, 0x06, // off=0x3132 start=6 len=12 (1 cp: U+28D6)
    0x01, 0x11, 0x80, 0x05, 0x81, 0x00, 0x80, 0x06, 0x81, 0x00, 0x80, 0x05, 0x81, 0x00, 0x80, 0x06, // off=0x313E start=1 len=17 (1 cp: U+28D7)
    0x01, 0x11, 0x80, 0x03, 0x81, 0x00, 0x80, 0x03, 0x86, 0x00, 0x80, 0x06, // off=0x314E start=1 len=17 (1 cp: U+28D8)
    0x01, 0x11, 0x80, 0x06, 0x81, 0x00, 0x80, 0x03, 0x86, 0x00, 0x80, 0x06, // off=0x315A start=1 len=17 (1 cp: U+28D9)
    0x01, 0x11, 0x80, 0x03, 0x81, 0x00, 0x80, 0x06, 0x86, 0x00, 0x80, 0x06, // off=0x3166 start=1 len=17 (1 cp: U+28DA)
    0x01, 0x11, 0x80, 0x06, 0x81, 0x00, 0x80, 0x06, 0x86, 0x00, 0x80, 0x06, // off=0x3172 start=1 len=17 (1 cp: U+28DB)
    0x01, 0x11, 0x80, 0x03, 0x81, 0x00, 0x80, 0x03, 0x81, 0x00, 0x80, 0x05, 0x81, 0x00, 0x80, 0x06, // off=0x317E start=1 len=17 (1 cp: U+28DC)
    0x01, 0x11, 0x80, 0x06, 0x81, 0x00, 0x80, 0x03, 0x81, 0x00, 0x80, 0x05, 0x81, 0x00, 0x80, 0x06, // off=0x318E start=1 len=17 (1 cp: U+28DD)
    0x01, 0x11, 0x80, 0x03, 0x81, 0x00, 0x80, 0x06, 0x81, 0x00, 0x80, 0x05, 0x81, 0x00, 0x80, 0x06, // off=0x319E start=1 len=17 (1 cp: U+28DE)
    0x01, 0x11, 0x80, 0x06, 0x81, 0x00, 0x80, 0x06, 0x81, 0x00, 0x80, 0x05, 0x81, 0x00, 0x80, 0x06, // off=0x31AE start=1 len=17 (1 cp: U+28DF)
    0x0B, 0x07, 0x80, 0x03, 0x81, 0x00, 0x80, 0x06, // off=0x31BE start=11 len=7 (1 cp: U+28E0)
    0x01, 0x11, 0x80, 0x05, 0x86, 0x00, 0x80, 0x03, 0x81, 0x00, 0x80, 0x06, // off=0x31C6 start=1 len=17 (1 cp: U+28E1)
    0x06, 0x0C, 0x80, 0x05, 0x81, 0x00, 0x80, 0x03, 0x81, 0x00, 0x80, 0x06, // off=0x31D2 start=6 len=12 (1 cp: U+28E2)
    0x01, 0x11, 0x80, 0x05, 0x81, 0x00, 0x80, 0x05, 0x81, 0x00, 0x80, 0x03, 0x81, 0x00, 0x80, 0x06, // off=0x31DE start=1 len=17 (1 cp: U+28E3)
    0x0B, 0x07, 0x80, 0x06, 0x81, 0x00, 0x80, 0x06, // off=0x31EE start=11 len=7 (1 cp: U+28E4)
    0x01, 0x11, 0x80, 0x05, 0x86, 0x00, 0x80, 0x06, 0x81, 0x00, 0x80, 0x06, // off=0x31F6 start=1 len=17 (1 cp: U+28E5)
    0x06, 0x0C, 0x80, 0x05, 0x81, 0x00, 0x80, 0x06, 0x81, 0x00, 0x80, 0x06, // off=0x3202 start=6 len=12 (1 cp: U+28E6)
    0x01, 0x11, 0x80, 0x05, 0x81, 0x00, 0x80, 0x05, 0x81, 0x00, 0x80, 0x06, 0x81, 0x00, 0x80, 0x06, // off=0x320E start=1 len=17 (1 cp: U+28E7)
    0x01, 0x11, 0x80, 0x03, 0x86, 0x00, 0x80, 0x03, 0x81, 0x00, 0x80, 0x06, // off=0x321E start=1 len=17 (1 cp: U+28E8)
    0x01, 0x11, 0x80, 0x06, 0x86, 0x00, 0x80, 0x03, 0x81, 0x00, 0x80, 0x06, // off=0x322A start=1 len=17 (1 cp: U+28E9)
    0x01, 0x11, 0x80, 0x03, 0x81, 0x00, 0x80, 0x05, 0x81, 0x00, 0x80, 0x03, 0x81, 0x00, 0x80, 0x06, // off=0x3236 start=1 len=17 (1 cp: U+28EA)
    0x01, 0x11, 0x80, 0x06, 0x81, 0x00, 0x80, 0x05, 0x81, 0x00, 0x80, 0x03, 0x81, 0x00, 0x80, 0x06, // off=0x3246 start=1 len=17 (1 cp: U+28EB)
    0x01, 0x11, 0x80, 0x03, 0x86, 0x00, 0x80, 0x06, 0x81, 0x00, 0x80, 0x06, // off=0x3256 start=1 len=17 (1 cp: U+28EC)
    0x01, 0x11, 0x80, 0x06, 0x86, 0x00, 0x80, 0x06, 0x81, 0x00, 0x80, 0x06, // off=0x3262 start=1 len=17 (1 cp: U+28ED)
    0x01, 0x11, 0x80, 0x03, 0x81, 0x00, 0x80, 0x05, 0x81, 0x00, 0x80, 0x06, 0x81, 0x00, 0x80, 0x06, // off=0x326E start=1 len=17 (1 cp: U+28EE)
    0x01, 0x11, 0x80, 0x06, 0x81, 0x00, 0x80, 0x05, 0x81, 0x00, 0x80, 0x06, 0x81, 0x00, 0x80, 0x06, // off=0x327E start=1 len=17 (1 cp: U+28EF)
    0x06, 0x0C, 0x80, 0x03, 0x81, 0x00, 0x80, 0x03, 0x81, 0x00, 0x80, 0x06, // off=0x328E start=6 len=12 (1 cp: U+28F0)
    0x01, 0x11, 0x80, 0x05, 0x81, 0x00, 0x80, 0x03, 0x81, 0x00, 0x80, 0x03, 0x81, 0x00, 0x80, 0x06, // off=0x329A start=1 len=17 (1 cp: U+28F1)
    0x06, 0x0C, 0x80, 0x06, 0x81, 0x00, 0x80, 0x03, 0x81, 0x00, 0x80, 0x06, // off=0x32AA start=6 len=12 (1 cp: U+28F2)
    0x01, 0x11, 0x80, 0x05, 0x81, 0x00, 0x80, 0x06, 0x81, 0x00, 0x80, 0x03, 0x81, 0x00, 0x80, 0x06, // off=0x32B6 start=1 len=17 (1 cp: U+28F3)
    0x06, 0x0C, 0x80, 0x03, 0x81, 0x00, 0x80, 0x06, 0x81, 0x00, 0x80, 0x06, // off=0x32C6 start=6 len=12 (1 cp: U+28F4)
    0x01, 0x11, 0x80, 0x05, 0x81, 0x00, 0x80, 0x03, 0x81, 0x00, 0x80, 0x06, 0x81, 0x00, 0x80, 0x06, // off=0x32D2 start=1 len=17 (1 cp: U+28F5)
    0x06, 0x0C, 0x80, 0x06, 0x81, 0x00, 0x80, 0x06, 0x81, 0x00, 0x80, 0x06, // off=0x32E2 start=6 len=12 (1 cp: U+28F6)
    0x01, 0x11, 0x80, 0x05, 0x81, 0x00, 0x80, 0x06, 0x81, 0x00, 0x80, 0x06, 0x81, 0x00, 0x80, 0x06, // off=0x32EE start=1 len=17 (1 cp: U+28F7)
    0x01, 0x11, 0x80, 0x03, 0x81, 0x00, 0x80, 0x03, 0x81, 0x00, 0x80, 0x03, 0x81, 0x00, 0x80, 0x06, // off=0x32FE start=1 len=17 (1 cp: U+28F8)
    0x01, 0x11, 0x80, 0x06, 0x81, 0x00, 0x80, 0x03, 0x81, 0x00, 0x80, 0x03, 0x81, 0x00, 0x80, 0x06, // off=0x330E start=1 len=17 (1 cp: U+28F9)
    0x01, 0x11, 0x80, 0x03, 0x81, 0x00, 0x80, 0x06, 0x81, 0x00, 0x80, 0x03, 0x81, 0x00, 0x80, 0x06, // off=0x331E start=1 len=17 (1 cp: U+28FA)
    0x01, 0x11, 0x80, 0x06, 0x81, 0x00, 0x80, 0x06, 0x81, 0x00, 0x80, 0x03, 0x81, 0x00, 0x80, 0x06, // off=0x332E start=1 len=17 (1 cp: U+28FB)
    0x01, 0x11, 0x80, 0x03, 0x81, 0x00, 0x80, 0x03, 0x81, 0x00, 0x80, 0x06, 0x81, 0x00, 0x80, 0x06, // off=0x333E start=1 len=17 (1 cp: U+28FC)
    0x01, 0x11, 0x80, 0x06, 0x81, 0x00, 0x80, 0x03, 0x81, 0x00, 0x80, 0x06, 0x81, 0x00, 0x80, 0x06, // off=0x334E start=1 len=17 (1 cp: U+28FD)
    0x01, 0x11, 0x80, 0x03, 0x81, 0x00, 0x80, 0x06, 0x81, 0x00, 0x80, 0x06, 0x81, 0x00, 0x80, 0x06, // off=0x335E start=1 len=17 (1 cp: U+28FE)
    0x01, 0x11, 0x80, 0x06, 0x81, 0x00, 0x80, 0x06, 0x81, 0x00, 0x80, 0x06, 0x81, 0x00, 0x80, 0x06, // off=0x336E start=1 len=17 (1 cp: U+28FF)
    0x07, 0x08, 0x80, 0x01, 0x82, 0x00, 0x80, 0x01, // off=0x337E start=7 len=8 (1 cp: U+2E2C)
    0x00, 0x14, 0x05, 0x1D, 0x1D, 0x4A, 0xE6, 0xE7, 0x9A, 0x82, 0x4A, 0x03, 0x1B, 0x0E, 0x05, 0x04, 0x84, 0x1D, // off=0x3386 start=0 len=20 (1 cp: U+E0A0)
    0x02, 0x0F, 0x84, 0x04, 0x08, 0x28, 0x00, 0x2B, 0x2B, 0xB8, 0xB7, 0xB6, 0x2B, 0x2B, // off=0x3398 start=2 len=15 (1 cp: U+E0A1)
    0x03, 0x0E, 0x00, 0x1E, 0x83, 0x06, 0x04, 0x36, 0x36, 0x98, 0x12, 0x98, 0x81, 0x36, // off=0x33A6 start=3 len=14 (1 cp: U+E0A2)
    0x00, 0x14, 0x13, 0x1D, 0x2D, 0x64, 0x37, 0x14, 0x24, 0x38, 0x5E, 0x1C, 0x0D, 0x0D, 0x1C, 0x5E, 0x38, 0x24, 0x14, 0x37, 0x64, 0x2D, 0x1D, // off=0x33B4 start=0 len=20 (1 cp: U+E0B0)
    0x00, 0x14, 0x13, 0x1D, 0x04, 0x05, 0x0E, 0x02, 0x0B, 0x10, 0x03, 0x20, 0x57, 0x57, 0x20, 0x03, 0x10, 0x0B, 0x02, 0x0E, 0x05, 0x04, 0x1D, // off=0x33CB start=0 len=20 (1 cp: U+E0B1)
    0x00, 0x14, 0x13, 0x57, 0x65, 0x7C, 0x7E, 0x18, 0x26, 0x68, 0x82, 0x75, 0x0D, 0x0D, 0x75, 0x82, 0x68, 0x26, 0x18, 0x7E, 0x7C, 0x65, 0x57, // off=0x33E2 start=0 len=20 (1 cp: U+E0B2)
    0x00, 0x14, 0x13, 0x57, 0x20, 0x03, 0x10, 0x0B, 0x02, 0x0E, 0x05, 0x04, 0x1D, 0x1D, 0x04, 0x05, 0x0E, 0x02, 0x0B, 0x10, 0x03, 0x20, 0x57, // off=0x33F9 start=0 len=20 (1 cp: U+E0B3)
    0x03, 0x0D, 0x00, 0x0F, 0x89, 0x01, 0x00, 0x0F, // off=0x3410 start=3 len=13 (1 cp: U+FFFD)
};

const uint16_t terminus10x20_pool_bytes = 13336;

const uint16_t terminus10x20_palette[] = {
    0x0000, 0x0104, 0x0020, 0x0004, 0x0100, 0x0080, 0x0084, 0x0030, // idx 0x00
    0x00F8, 0x0088, 0x0050, 0x0010, 0x0124, 0x03FF, 0x0040, 0x01FC, // idx 0x08
    0x0008, 0x0070, 0x0186, 0x00FC, 0x03E0, 0x0108, 0x0060, 0x01F8, // idx 0x10
    0x001F, 0x0102, 0x0110, 0x0220, 0x03FE, 0x0200, 0x0078, 0x0120, // idx 0x18
    0x0002, 0x00CC, 0x0180, 0x0044, 0x03F0, 0x018C, 0x003F, 0x0144, // idx 0x20
    0x01F0, 0x0306, 0x0018, 0x0022, 0x00F0, 0x0300, 0x0140, 0x02AA, // idx 0x28
    0x0024, 0x00C0, 0x0114, 0x0222, 0x00A8, 0x010C, 0x01FE, 0x03C0, // idx 0x30
    0x03F8, 0x0122, 0x0184, 0x000C, 0x0112, 0x0366, 0x0318, 0x0082, // idx 0x38
    0x0006, 0x0048, 0x007C, 0x0130, 0x0202, 0x003C, 0x01C0, 0x001C, // idx 0x40
    0x0154, 0x01E2, 0x0210, 0x0336, 0x0042, 0x00D8, 0x0208, 0x0028, // idx 0x48
    0x00A0, 0x00C6, 0x00FE, 0x013C, 0x014A, 0x023E, 0x0333, 0x0001, // idx 0x50
    0x0132, 0x0155, 0x0198, 0x019E, 0x01E0, 0x023C, 0x03FC, 0x003E, // idx 0x58
    0x0106, 0x01DC, 0x00E0, 0x01B0, 0x0380, 0x0003, 0x0014, 0x0066, // idx 0x60
    0x007F, 0x00C4, 0x011C, 0x0150, 0x0330, 0x038E, 0x03E6, 0x0012, // idx 0x68
    0x0038, 0x005F, 0x0090, 0x00F6, 0x0160, 0x01FF, 0x0204, 0x028A, // idx 0x70
    0x02CD, 0x0326, 0x03D0, 0x03DE, 0x0007, 0x000E, 0x000F, 0x0033, // idx 0x78
    0x0036, 0x007E, 0x00FF, 0x0118, 0x0148, 0x01B6, 0x0201, 0x0304, // idx 0x80
    0x030C, 0x033C, 0x033E, 0x037B, 0x0387, 0x03DF, 0x0011, 0x008A, // idx 0x88
    0x008C, 0x0098, 0x011E, 0x0126, 0x0178, 0x0188, 0x01AC, 0x01C6, // idx 0x90
    0x01CE, 0x0272, 0x0292, 0x035A, 0x0376, 0x000A, 0x001E, 0x0021, // idx 0x98
    0x00C2, 0x00CE, 0x00DC, 0x00FA, 0x010F, 0x018E, 0x01C8, 0x0224, // idx 0xA0
    0x0230, 0x0250, 0x0279, 0x0282, 0x0290, 0x02C1, 0x02DA, 0x02F2, // idx 0xA8
    0x02F8, 0x02F9, 0x0315, 0x031F, 0x03CF, 0x03E2, 0x0026, 0x002A, // idx 0xB0
    0x0032, 0x004E, 0x0052, 0x0058, 0x0062, 0x006C, 0x0072, 0x008E, // idx 0xB8
    0x00B0, 0x00BC, 0x00E4, 0x00E6, 0x00F4, 0x00FD, 0x011A, 0x0128, // idx 0xC0
    0x012A, 0x012C, 0x0136, 0x014C, 0x0168, 0x0174, 0x0177, 0x0190, // idx 0xC8
    0x0194, 0x019C, 0x01A0, 0x01A4, 0x01BC, 0x01C2, 0x01C4, 0x01CC, // idx 0xD0
    0x01D8, 0x01DE, 0x01E4, 0x01E6, 0x01E8, 0x01EE, 0x01F3, 0x01F4, // idx 0xD8
    0x01F6, 0x020C, 0x020E, 0x0212, 0x0217, 0x0237, 0x0238, 0x0254, // idx 0xE0
    0x0255, 0x0277, 0x0280, 0x02D9, 0x02FA, 0x02FC, 0x0303, 0x031C, // idx 0xE8
    0x033F, 0x0370, 0x0382, 0x0390, 0x0398, 0x03A0, 0x03A2, 0x03C6, // idx 0xF0
    0x03CC, 0x03E4, // idx 0xF8
};

const uint16_t terminus10x20_palette_len = 250;

static const uint16_t font_idx_0000_0000[] = {
    0x0000, // U+0000
};

static const uint16_t font_idx_0020_007E[] = {
    0x0010, // U+0020
    0x0012, // U+0021
    0x001A, // U+0022
    0x001E, // U+0023
    0x002A, // U+0024
    0x003C, // U+0025
    0x004B, // U+0026
    0x005B, // U+0027
    0x005F, // U+0028
    0x006B, // U+0029
    0x0077, // U+002A
    0x0081, // U+002B
    0x0089, // U+002C
    0x008F, // U+002D
    0x0093, // U+002E
    0x0097, // U+002F
    0x00A5, // U+0030
    0x00B5, // U+0031
    0x00BF, // U+0032
    0x00CF, // U+0033
    0x00DF, // U+0034
    0x00EE, // U+0035
    0x00FC, // U+0036
    0x0109, // U+0037
    0x0116, // U+0038
    0x0122, // U+0039
    0x012F, // U+003A
    0x0137, // U+003B
    0x0141, // U+003C
    0x0151, // U+003D
    0x0159, // U+003E
    0x0169, // U+003F
    0x0179, // U+0040
    0x0188, // U+0041
    0x0192, // U+0042
    0x019E, // U+0043
    0x01AA, // U+0044
    0x01B4, // U+0045
    0x01C0, // U+0046
    0x01CA, // U+0047
    0x01D8, // U+0048
    0x01E0, // U+0049
    0x01E8, // U+004A
    0x01F2, // U+004B
    0x0202, // U+004C
    0x0208, // U+004D
    0x0213, // U+004E
    0x021F, // U+004F
    0x0227, // U+0050
    0x0231, // U+0051
    0x023C, // U+0052
    0x024A, // U+0053
    0x025A, // U+0054
    0x0260, // U+0055
    0x0266, // U+0056
    0x0270, // U+0057
    0x027B, // U+0058
    0x028B, // U+0059
    0x0295, // U+005A
    0x02A5, // U+005B
    0x02AD, // U+005C
    0x02BB, // U+005D
    0x02C3, // U+005E
    0x02CA, // U+005F
    0x02CE, // U+0060
    0x02D4, // U+0061
    0x02DF, // U+0062
    0x02E9, // U+0063
    0x02F3, // U+0064
    0x02FD, // U+0065
    0x0309, // U+0066
    0x0313, // U+0067
    0x031E, // U+0068
    0x0326, // U+0069
    0x0332, // U+006A
    0x0340, // U+006B
    0x034E, // U+006C
    0x0356, // U+006D
    0x035C, // U+006E
    0x0362, // U+006F
    0x036A, // U+0070
    0x0374, // U+0071
    0x037E, // U+0072
    0x0386, // U+0073
    0x0392, // U+0074
    0x039C, // U+0075
    0x03A2, // U+0076
    0x03AC, // U+0077
    0x03B4, // U+0078
    0x03C0, // U+0079
    0x03C9, // U+007A
    0x03D5, // U+007B
    0x03E1, // U+007C
    0x03E5, // U+007D
    0x03F1, // U+007E
};

static const uint16_t font_idx_00A0_017F[] = {
    0x0010, // U+00A0
    0x03F8, // U+00A1
    0x0400, // U+00A2
    0x040E, // U+00A3
    0x041C, // U+00A4
    0x0428, // U+00A5
    0x0438, // U+00A6
    0x0440, // U+00A7
    0x0452, // U+00A8
    0x0456, // U+00A9
    0x0463, // U+00AA
    0x046F, // U+00AB
    0x047B, // U+00AC
    0x0481, // U+00AD
    0x0485, // U+00AE
    0x0492, // U+00AF
    0x0496, // U+00B0
    0x049E, // U+00B1
    0x04AA, // U+00B2
    0x04B4, // U+00B3
    0x04BE, // U+00B4
    0x04C3, // U+00B5
    0x04CC, // U+00B6
    0x04D6, // U+00B7
    0x04DA, // U+00B8
    0x04E0, // U+00B9
    0x04E9, // U+00BA
    0x04F3, // U+00BB
    0x04FF, // U+00BC
    0x0511, // U+00BD
    0x0523, // U+00BE
    0x0535, // U+00BF
    0x0545, // U+00C0
    0x0552, // U+00C1
    0x055F, // U+00C2
    0x056C, // U+00C3
    0x0579, // U+00C4
    0x0586, // U+00C5
    0x0593, // U+00C6
    0x059F, // U+00C7
    0x05AE, // U+00C8
    0x05BD, // U+00C9
    0x05CC, // U+00CA
    0x05DB, // U+00CB
    0x05EA, // U+00CC
    0x05F5, // U+00CD
    0x0600, // U+00CE
    0x060B, // U+00CF
    0x0616, // U+00D0
    0x0624, // U+00D1
    0x0634, // U+00D2
    0x063F, // U+00D3
    0x064A, // U+00D4
    0x0655, // U+00D5
    0x0660, // U+00D6
    0x066B, // U+00D7
    0x0675, // U+00D8
    0x0685, // U+00D9
    0x068F, // U+00DA
    0x0699, // U+00DB
    0x06A3, // U+00DC
    0x06AD, // U+00DD
    0x06BB, // U+00DE
    0x06C7, // U+00DF
    0x06D5, // U+00E0
    0x06E3, // U+00E1
    0x06F1, // U+00E2
    0x06FF, // U+00E3
    0x070D, // U+00E4
    0x071B, // U+00E5
    0x0729, // U+00E6
    0x0735, // U+00E7
    0x0742, // U+00E8
    0x0751, // U+00E9
    0x0760, // U+00EA
    0x076F, // U+00EB
    0x077E, // U+00EC
    0x0789, // U+00ED
    0x0794, // U+00EE
    0x079F, // U+00EF
    0x07AA, // U+00F0
    0x07B6, // U+00F1
    0x07BF, // U+00F2
    0x07CA, // U+00F3
    0x07D5, // U+00F4
    0x07E0, // U+00F5
    0x07EB, // U+00F6
    0x07F6, // U+00F7
    0x0802, // U+00F8
    0x080E, // U+00F9
    0x0818, // U+00FA
    0x0822, // U+00FB
    0x082C, // U+00FC
    0x0836, // U+00FD
    0x0843, // U+00FE
    0x084F, // U+00FF
    0x085C, // U+0100
    0x0868, // U+0101
    0x0875, // U+0102
    0x0882, // U+0103
    0x0890, // U+0104
    0x089E, // U+0105
    0x08AC, // U+0106
    0x08BB, // U+0107
    0x08C8, // U+0108
    0x08D7, // U+0109
    0x08E4, // U+010A
    0x08F3, // U+010B
    0x0900, // U+010C
    0x090F, // U+010D
    0x091C, // U+010E
    0x0929, // U+010F
    0x0616, // U+0110
    0x0937, // U+0111
    0x0943, // U+0112
    0x0951, // U+0113
    0x095F, // U+0114
    0x096E, // U+0115
    0x097D, // U+0116
    0x098C, // U+0117
    0x099B, // U+0118
    0x09AA, // U+0119
    0x095F, // U+011A
    0x096E, // U+011B
    0x09B9, // U+011C
    0x09CA, // U+011D
    0x09D8, // U+011E
    0x09E9, // U+011F
    0x09F7, // U+0120
    0x0A08, // U+0121
    0x0A16, // U+0122
    0x0A28, // U+0123
    0x0A37, // U+0124
    0x0A43, // U+0125
    0x0A4F, // U+0126
    0x0A5B, // U+0127
    0x0A65, // U+0128
    0x0A70, // U+0129
    0x0A7B, // U+012A
    0x0A85, // U+012B
    0x0A8F, // U+012C
    0x0A9A, // U+012D
    0x0AA5, // U+012E
    0x0AB0, // U+012F
    0x0ABF, // U+0130
    0x0ACA, // U+0131
    0x0AD2, // U+0132
    0x0ADC, // U+0133
    0x0AEB, // U+0134
    0x0AF8, // U+0135
    0x0B05, // U+0136
    0x0B19, // U+0137
    0x0B2B, // U+0138
    0x0B37, // U+0139
    0x0B41, // U+013A
    0x0B4C, // U+013B
    0x0B56, // U+013C
    0x0B62, // U+013D
    0x0B6C, // U+013E
    0x0B77, // U+013F
    0x0B81, // U+0140
    0x0B8D, // U+0141
    0x0B9B, // U+0142
    0x0BAB, // U+0143
    0x0BBB, // U+0144
    0x0BC4, // U+0145
    0x0BD5, // U+0146
    0x0BE0, // U+0147
    0x0BF0, // U+0148
    0x0BF9, // U+0149
    0x0C04, // U+014A
    0x0C14, // U+014B
    0x0C1E, // U+014C
    0x0C28, // U+014D
    0x0C32, // U+014E
    0x0C3D, // U+014F
    0x0C48, // U+0150
    0x0C53, // U+0151
    0x0C5E, // U+0152
    0x0C6A, // U+0153
    0x0C76, // U+0154
    0x0C87, // U+0155
    0x0C92, // U+0156
    0x0CA4, // U+0157
    0x0CB1, // U+0158
    0x0CC2, // U+0159
    0x0CCD, // U+015A
    0x0CE0, // U+015B
    0x0CEF, // U+015C
    0x0D02, // U+015D
    0x0D11, // U+015E
    0x0D24, // U+015F
    0x0D33, // U+0160
    0x0D46, // U+0161
    0x0D55, // U+0162
    0x0D5F, // U+0163
    0x0D6C, // U+0164
    0x0D75, // U+0165
    0x0D83, // U+0166
    0x0D8D, // U+0167
    0x0D99, // U+0168
    0x0DA3, // U+0169
    0x0DAD, // U+016A
    0x0DB6, // U+016B
    0x0DBF, // U+016C
    0x0DC9, // U+016D
    0x0DD3, // U+016E
    0x0DDD, // U+016F
    0x0DE7, // U+0170
    0x0DF1, // U+0171
    0x0DFB, // U+0172
    0x0E04, // U+0173
    0x0E0D, // U+0174
    0x0E1C, // U+0175
    0x0E28, // U+0176
    0x0E36, // U+0177
    0x0E43, // U+0178
    0x0E51, // U+0179
    0x0E64, // U+017A
    0x0E73, // U+017B
    0x0E86, // U+017C
    0x0E95, // U+017D
    0x0EA8, // U+017E
    0x0EB7, // U+017F
};

static const uint16_t font_idx_0186_0186[] = {
    0x0EBD, // U+0186
};

static const uint16_t font_idx_018E_0192[] = {
    0x0EC9, // U+018E
    0x0ED5, // U+018F
    0x0EE3, // U+0190
    0x0169, // U+0191
    0x0EF3, // U+0192
};

static const uint16_t font_idx_019D_019E[] = {
    0x0F02, // U+019D
    0x0F12, // U+019E
};

static const uint16_t font_idx_01B5_01B7[] = {
    0x0F1A, // U+01B5
    0x0F2A, // U+01B6
    0x0F36, // U+01B7
};

static const uint16_t font_idx_01CD_01D4[] = {
    0x0875, // U+01CD
    0x0882, // U+01CE
    0x0A8F, // U+01CF
    0x0A9A, // U+01D0
    0x0C32, // U+01D1
    0x0C3D, // U+01D2
    0x0DBF, // U+01D3
    0x0DC9, // U+01D4
};

static const uint16_t font_idx_01E2_01F5[] = {
    0x0F45, // U+01E2
    0x0F53, // U+01E3
    0x0F61, // U+01E4
    0x0F71, // U+01E5
    0x09D8, // U+01E6
    0x09E9, // U+01E7
    0x0F80, // U+01E8
    0x0F93, // U+01E9
    0x0FA5, // U+01EA
    0x0FB0, // U+01EB
    0x0FBB, // U+01EC
    0x0FC8, // U+01ED
    0x0FD5, // U+01EE
    0x0FE7, // U+01EF
    0x0FF9, // U+01F0
    0x0169, // U+01F1
    0x0169, // U+01F2
    0x0169, // U+01F3
    0x1006, // U+01F4
    0x1017, // U+01F5
};

static const uint16_t font_idx_01FC_01FF[] = {
    0x1025, // U+01FC
    0x1034, // U+01FD
    0x1043, // U+01FE
    0x1056, // U+01FF
};

static const uint16_t font_idx_0218_021B[] = {
    0x1065, // U+0218
    0x1079, // U+0219
    0x1089, // U+021A
    0x1094, // U+021B
};

static const uint16_t font_idx_0232_0237[] = {
    0x10A2, // U+0232
    0x10AF, // U+0233
    0x0169, // U+0234
    0x0169, // U+0235
    0x0169, // U+0236
    0x10BB, // U+0237
};

static const uint16_t font_idx_0254_025B[] = {
    0x10C5, // U+0254
    0x0169, // U+0255
    0x0169, // U+0256
    0x0169, // U+0257
    0x10CF, // U+0258
    0x10DB, // U+0259
    0x0169, // U+025A
    0x10E7, // U+025B
};

static const uint16_t font_idx_0272_0272[] = {
    0x10F3, // U+0272
};

static const uint16_t font_idx_0292_0292[] = {
    0x10FD, // U+0292
};

static const uint16_t font_idx_02BB_02BD[] = {
    0x110C, // U+02BB
    0x1112, // U+02BC
    0x1118, // U+02BD
};

static const uint16_t font_idx_02C6_02C7[] = {
    0x111E, // U+02C6
    0x1123, // U+02C7
};

static const uint16_t font_idx_02D8_02DD[] = {
    0x1123, // U+02D8
    0x1128, // U+02D9
    0x0169, // U+02DA
    0x112C, // U+02DB
    0x1132, // U+02DC
    0x1137, // U+02DD
};

static const uint16_t font_idx_0300_030C[] = {
    0x113C, // U+0300
    0x04BE, // U+0301
    0x111E, // U+0302
    0x1132, // U+0303
    0x0492, // U+0304
    0x1141, // U+0305
    0x1123, // U+0306
    0x1128, // U+0307
    0x0452, // U+0308
    0x0169, // U+0309
    0x1145, // U+030A
    0x1137, // U+030B
    0x1123, // U+030C
};

static const uint16_t font_idx_0329_0329[] = {
    0x114B, // U+0329
};

static const uint16_t font_idx_0384_03D5[] = {
    0x114F, // U+0384
    0x1154, // U+0385
    0x115C, // U+0386
    0x1168, // U+0387
    0x116C, // U+0388
    0x117A, // U+0389
    0x1185, // U+038A
    0x0169, // U+038B
    0x118F, // U+038C
    0x0169, // U+038D
    0x1199, // U+038E
    0x11A6, // U+038F
    0x11B3, // U+0390
    0x0188, // U+0391
    0x0192, // U+0392
    0x11C1, // U+0393
    0x11C7, // U+0394
    0x01B4, // U+0395
    0x0295, // U+0396
    0x01D8, // U+0397
    0x11D3, // U+0398
    0x01E0, // U+0399
    0x01F2, // U+039A
    0x11DF, // U+039B
    0x0208, // U+039C
    0x0213, // U+039D
    0x11E9, // U+039E
    0x021F, // U+039F
    0x11F5, // U+03A0
    0x0227, // U+03A1
    0x0169, // U+03A2
    0x11FB, // U+03A3
    0x025A, // U+03A4
    0x028B, // U+03A5
    0x120B, // U+03A6
    0x027B, // U+03A7
    0x1215, // U+03A8
    0x121D, // U+03A9
    0x060B, // U+03AA
    0x0E43, // U+03AB
    0x1228, // U+03AC
    0x1235, // U+03AD
    0x1244, // U+03AE
    0x124F, // U+03AF
    0x125A, // U+03B0
    0x1267, // U+03B1
    0x1271, // U+03B2
    0x1280, // U+03B3
    0x128A, // U+03B4
    0x10E7, // U+03B5
    0x1298, // U+03B6
    0x0F12, // U+03B7
    0x12A9, // U+03B8
    0x12B5, // U+03B9
    0x0B2B, // U+03BA
    0x12BD, // U+03BB
    0x04C3, // U+03BC
    0x03A2, // U+03BD
    0x12C9, // U+03BE
    0x0362, // U+03BF
    0x12D8, // U+03C0
    0x12DE, // U+03C1
    0x12E8, // U+03C2
    0x12F4, // U+03C3
    0x12FE, // U+03C4
    0x1306, // U+03C5
    0x130C, // U+03C6
    0x1316, // U+03C7
    0x1325, // U+03C8
    0x132D, // U+03C9
    0x1337, // U+03CA
    0x1342, // U+03CB
    0x07CA, // U+03CC
    0x134C, // U+03CD
    0x1356, // U+03CE
    0x0169, // U+03CF
    0x0169, // U+03D0
    0x1363, // U+03D1
    0x0169, // U+03D2
    0x0169, // U+03D3
    0x0169, // U+03D4
    0x1372, // U+03D5
};

static const uint16_t font_idx_03F0_03F6[] = {
    0x137E, // U+03F0
    0x138A, // U+03F1
    0x02E9, // U+03F2
    0x0332, // U+03F3
    0x1395, // U+03F4
    0x13A1, // U+03F5
    0x13AD, // U+03F6
};

static const uint16_t font_idx_0400_0463[] = {
    0x05AE, // U+0400
    0x05DB, // U+0401
    0x13B9, // U+0402
    0x13C5, // U+0403
    0x13CE, // U+0404
    0x024A, // U+0405
    0x01E0, // U+0406
    0x060B, // U+0407
    0x01E8, // U+0408
    0x13DE, // U+0409
    0x13EB, // U+040A
    0x13F6, // U+040B
    0x1400, // U+040C
    0x1413, // U+040D
    0x1423, // U+040E
    0x1431, // U+040F
    0x0188, // U+0410
    0x1439, // U+0411
    0x0192, // U+0412
    0x11C1, // U+0413
    0x1445, // U+0414
    0x01B4, // U+0415
    0x1450, // U+0416
    0x00CF, // U+0417
    0x145A, // U+0418
    0x1466, // U+0419
    0x01F2, // U+041A
    0x1476, // U+041B
    0x0208, // U+041C
    0x01D8, // U+041D
    0x021F, // U+041E
    0x11F5, // U+041F
    0x0227, // U+0420
    0x019E, // U+0421
    0x025A, // U+0422
    0x147F, // U+0423
    0x1489, // U+0424
    0x027B, // U+0425
    0x1493, // U+0426
    0x149B, // U+0427
    0x14A3, // U+0428
    0x14A9, // U+0429
    0x14B1, // U+042A
    0x14BD, // U+042B
    0x02DF, // U+042C
    0x14C7, // U+042D
    0x14D7, // U+042E
    0x14E3, // U+042F
    0x02D4, // U+0430
    0x14F1, // U+0431
    0x14FD, // U+0432
    0x150A, // U+0433
    0x0313, // U+0434
    0x02FD, // U+0435
    0x1510, // U+0436
    0x151A, // U+0437
    0x039C, // U+0438
    0x0DC9, // U+0439
    0x0B2B, // U+043A
    0x1526, // U+043B
    0x152F, // U+043C
    0x1538, // U+043D
    0x0362, // U+043E
    0x12D8, // U+043F
    0x036A, // U+0440
    0x02E9, // U+0441
    0x1540, // U+0442
    0x03C0, // U+0443
    0x1372, // U+0444
    0x03B4, // U+0445
    0x1546, // U+0446
    0x154E, // U+0447
    0x1556, // U+0448
    0x155C, // U+0449
    0x1564, // U+044A
    0x156F, // U+044B
    0x1579, // U+044C
    0x1583, // U+044D
    0x158F, // U+044E
    0x159B, // U+044F
    0x0742, // U+0450
    0x076F, // U+0451
    0x15A7, // U+0452
    0x15B5, // U+0453
    0x15BE, // U+0454
    0x0386, // U+0455
    0x0326, // U+0456
    0x079F, // U+0457
    0x0332, // U+0458
    0x15CA, // U+0459
    0x15D5, // U+045A
    0x0A5B, // U+045B
    0x15E0, // U+045C
    0x080E, // U+045D
    0x15EF, // U+045E
    0x15FC, // U+045F
    0x0169, // U+0460
    0x0169, // U+0461
    0x1604, // U+0462
    0x1610, // U+0463
};

static const uint16_t font_idx_046A_046B[] = {
    0x161E, // U+046A
    0x162B, // U+046B
};

static const uint16_t font_idx_0490_04A5[] = {
    0x1636, // U+0490
    0x163E, // U+0491
    0x1646, // U+0492
    0x1650, // U+0493
    0x165A, // U+0494
    0x1667, // U+0495
    0x1674, // U+0496
    0x1682, // U+0497
    0x168F, // U+0498
    0x16A1, // U+0499
    0x16AF, // U+049A
    0x16C1, // U+049B
    0x16CF, // U+049C
    0x16DD, // U+049D
    0x0169, // U+049E
    0x0169, // U+049F
    0x16E9, // U+04A0
    0x16F9, // U+04A1
    0x1705, // U+04A2
    0x1711, // U+04A3
    0x171D, // U+04A4
    0x1727, // U+04A5
};

static const uint16_t font_idx_04AA_04BB[] = {
    0x1731, // U+04AA
    0x173F, // U+04AB
    0x0169, // U+04AC
    0x0169, // U+04AD
    0x028B, // U+04AE
    0x1280, // U+04AF
    0x174B, // U+04B0
    0x1759, // U+04B1
    0x1766, // U+04B2
    0x1778, // U+04B3
    0x0169, // U+04B4
    0x0169, // U+04B5
    0x1786, // U+04B6
    0x1792, // U+04B7
    0x179E, // U+04B8
    0x17AA, // U+04B9
    0x17B6, // U+04BA
    0x17BE, // U+04BB
};

static const uint16_t font_idx_04C0_04C2[] = {
    0x01E0, // U+04C0
    0x17C6, // U+04C1
    0x17D4, // U+04C2
};

static const uint16_t font_idx_04CF_04F9[] = {
    0x034E, // U+04CF
    0x0875, // U+04D0
    0x0882, // U+04D1
    0x0579, // U+04D2
    0x070D, // U+04D3
    0x0593, // U+04D4
    0x0729, // U+04D5
    0x095F, // U+04D6
    0x096E, // U+04D7
    0x0ED5, // U+04D8
    0x10DB, // U+04D9
    0x17E2, // U+04DA
    0x17F3, // U+04DB
    0x1802, // U+04DC
    0x1810, // U+04DD
    0x181E, // U+04DE
    0x1831, // U+04DF
    0x0169, // U+04E0
    0x0169, // U+04E1
    0x1840, // U+04E2
    0x0DB6, // U+04E3
    0x184F, // U+04E4
    0x082C, // U+04E5
    0x0660, // U+04E6
    0x07EB, // U+04E7
    0x1395, // U+04E8
    0x185F, // U+04E9
    0x186B, // U+04EA
    0x187A, // U+04EB
    0x1889, // U+04EC
    0x189C, // U+04ED
    0x18AB, // U+04EE
    0x10AF, // U+04EF
    0x18B8, // U+04F0
    0x084F, // U+04F1
    0x18C6, // U+04F2
    0x18D4, // U+04F3
    0x18E1, // U+04F4
    0x18ED, // U+04F5
    0x0169, // U+04F6
    0x0169, // U+04F7
    0x18F9, // U+04F8
    0x1907, // U+04F9
};

static const uint16_t font_idx_05D0_05EA[] = {
    0x1915, // U+05D0
    0x1925, // U+05D1
    0x192D, // U+05D2
    0x1939, // U+05D3
    0x193F, // U+05D4
    0x1947, // U+05D5
    0x194D, // U+05D6
    0x1955, // U+05D7
    0x195B, // U+05D8
    0x1963, // U+05D9
    0x1969, // U+05DA
    0x196F, // U+05DB
    0x1977, // U+05DC
    0x1985, // U+05DD
    0x198D, // U+05DE
    0x1996, // U+05DF
    0x199C, // U+05E0
    0x19A4, // U+05E1
    0x19AC, // U+05E2
    0x19BA, // U+05E3
    0x19C4, // U+05E4
    0x19D0, // U+05E5
    0x19DC, // U+05E6
    0x19EC, // U+05E7
    0x19FB, // U+05E8
    0x1A01, // U+05E9
    0x1A0D, // U+05EA
};

static const uint16_t font_idx_1E0C_1E0D[] = {
    0x1A15, // U+1E0C
    0x1A22, // U+1E0D
};

static const uint16_t font_idx_1E34_1E37[] = {
    0x1A2F, // U+1E34
    0x1A41, // U+1E35
    0x1A51, // U+1E36
    0x1A5A, // U+1E37
};

static const uint16_t font_idx_1E40_1E47[] = {
    0x1A65, // U+1E40
    0x1A73, // U+1E41
    0x1A7C, // U+1E42
    0x1A8B, // U+1E43
    0x1A95, // U+1E44
    0x1AA5, // U+1E45
    0x1AAE, // U+1E46
    0x1ABE, // U+1E47
};

static const uint16_t font_idx_1E6C_1E6D[] = {
    0x1AC8, // U+1E6C
    0x1AD2, // U+1E6D
};

static const uint16_t font_idx_1EB8_1EBD[] = {
    0x1ADF, // U+1EB8
    0x1AEE, // U+1EB9
    0x0169, // U+1EBA
    0x0169, // U+1EBB
    0x1AFD, // U+1EBC
    0x1B0C, // U+1EBD
};

static const uint16_t font_idx_1ECA_1ECD[] = {
    0x1B1B, // U+1ECA
    0x1B26, // U+1ECB
    0x1B35, // U+1ECC
    0x1B40, // U+1ECD
};

static const uint16_t font_idx_1EE4_1EE5[] = {
    0x1B4B, // U+1EE4
    0x1B54, // U+1EE5
};

static const uint16_t font_idx_1EF8_1EF9[] = {
    0x1B5D, // U+1EF8
    0x1B6B, // U+1EF9
};

static const uint16_t font_idx_2000_2026[] = {
    0x0010, // U+2000
    0x0010, // U+2001
    0x0010, // U+2002
    0x0010, // U+2003
    0x0010, // U+2004
    0x0010, // U+2005
    0x0010, // U+2006
    0x0010, // U+2007
    0x0010, // U+2008
    0x0010, // U+2009
    0x0010, // U+200A
    0x0010, // U+200B
    0x0010, // U+200C
    0x0010, // U+200D
    0x0010, // U+200E
    0x0010, // U+200F
    0x0481, // U+2010
    0x0481, // U+2011
    0x008F, // U+2012
    0x008F, // U+2013
    0x1B78, // U+2014
    0x1B78, // U+2015
    0x1B7C, // U+2016
    0x1B80, // U+2017
    0x1B86, // U+2018
    0x1B8C, // U+2019
    0x0089, // U+201A
    0x1B92, // U+201B
    0x1B98, // U+201C
    0x1B9E, // U+201D
    0x1BA4, // U+201E
    0x1BAA, // U+201F
    0x1BB0, // U+2020
    0x1BB8, // U+2021
    0x1BC4, // U+2022
    0x0169, // U+2023
    0x0169, // U+2024
    0x0169, // U+2025
    0x1BCB, // U+2026
};

static const uint16_t font_idx_2030_2033[] = {
    0x1BCF, // U+2030
    0x0169, // U+2031
    0x1BDE, // U+2032
    0x1BE2, // U+2033
};

static const uint16_t font_idx_2039_203E[] = {
    0x1BE6, // U+2039
    0x1BF2, // U+203A
    0x0169, // U+203B
    0x1BFE, // U+203C
    0x0169, // U+203D
    0x1141, // U+203E
};

static const uint16_t font_idx_2070_209A[] = {
    0x1C06, // U+2070
    0x1C0E, // U+2071
    0x0169, // U+2072
    0x0169, // U+2073
    0x1C19, // U+2074
    0x1C23, // U+2075
    0x1C2D, // U+2076
    0x1C37, // U+2077
    0x1C40, // U+2078
    0x1C4A, // U+2079
    0x1C54, // U+207A
    0x1C5C, // U+207B
    0x1C60, // U+207C
    0x1C67, // U+207D
    0x1C6F, // U+207E
    0x1C77, // U+207F
    0x1C7D, // U+2080
    0x1C85, // U+2081
    0x1C8E, // U+2082
    0x1C98, // U+2083
    0x1CA2, // U+2084
    0x1CAC, // U+2085
    0x1CB6, // U+2086
    0x1CC0, // U+2087
    0x1CC9, // U+2088
    0x1CD3, // U+2089
    0x1CDD, // U+208A
    0x1CE5, // U+208B
    0x1CE9, // U+208C
    0x1CF0, // U+208D
    0x1CF8, // U+208E
    0x0169, // U+208F
    0x1D00, // U+2090
    0x1D09, // U+2091
    0x1D12, // U+2092
    0x1D1A, // U+2093
    0x1D23, // U+2094
    0x1D2C, // U+2095
    0x1D34, // U+2096
    0x1D3F, // U+2097
    0x1D47, // U+2098
    0x0169, // U+2099
    0x1D4D, // U+209A
};

static const uint16_t font_idx_20A7_20AE[] = {
    0x1D57, // U+20A7
    0x0169, // U+20A8
    0x0169, // U+20A9
    0x1D65, // U+20AA
    0x0169, // U+20AB
    0x1D71, // U+20AC
    0x0169, // U+20AD
    0x1D80, // U+20AE
};

static const uint16_t font_idx_2102_2102[] = {
    0x1D8D, // U+2102
};

static const uint16_t font_idx_210E_210F[] = {
    0x031E, // U+210E
    0x0A5B, // U+210F
};

static const uint16_t font_idx_2115_211D[] = {
    0x1D99, // U+2115
    0x1DA7, // U+2116
    0x0169, // U+2117
    0x0169, // U+2118
    0x0169, // U+2119
    0x1DB7, // U+211A
    0x0169, // U+211B
    0x0169, // U+211C
    0x1DC2, // U+211D
};

static const uint16_t font_idx_2122_2126[] = {
    0x1DD0, // U+2122
    0x0169, // U+2123
    0x1DD8, // U+2124
    0x0169, // U+2125
    0x121D, // U+2126
};

static const uint16_t font_idx_2135_2135[] = {
    0x1DE8, // U+2135
};

static const uint16_t font_idx_2190_2195[] = {
    0x1DF7, // U+2190
    0x1E01, // U+2191
    0x1E0A, // U+2192
    0x1E14, // U+2193
    0x1E1D, // U+2194
    0x1E27, // U+2195
};

static const uint16_t font_idx_21A4_21A8[] = {
    0x1E35, // U+21A4
    0x0169, // U+21A5
    0x1E3F, // U+21A6
    0x0169, // U+21A7
    0x1E49, // U+21A8
};

static const uint16_t font_idx_21B2_21B5[] = {
    0x1E58, // U+21B2
    0x1E64, // U+21B3
    0x0169, // U+21B4
    0x1E70, // U+21B5
};

static const uint16_t font_idx_21BB_21BB[] = {
    0x1E7C, // U+21BB
};

static const uint16_t font_idx_21CB_21D5[] = {
    0x1E88, // U+21CB
    0x1E94, // U+21CC
    0x0169, // U+21CD
    0x0169, // U+21CE
    0x0169, // U+21CF
    0x1EA0, // U+21D0
    0x1EAA, // U+21D1
    0x1EB3, // U+21D2
    0x1EBD, // U+21D3
    0x1EC6, // U+21D4
    0x1ED0, // U+21D5
};

static const uint16_t font_idx_2200_220D[] = {
    0x1EDE, // U+2200
    0x0169, // U+2201
    0x0169, // U+2202
    0x1EEA, // U+2203
    0x1EF6, // U+2204
    0x1F0A, // U+2205
    0x11C7, // U+2206
    0x1F18, // U+2207
    0x1F24, // U+2208
    0x1F34, // U+2209
    0x1F48, // U+220A
    0x1F54, // U+220B
    0x1F64, // U+220C
    0x1F78, // U+220D
};

static const uint16_t font_idx_2212_221F[] = {
    0x008F, // U+2212
    0x1F84, // U+2213
    0x1F90, // U+2214
    0x1F9C, // U+2215
    0x1FA7, // U+2216
    0x0169, // U+2217
    0x0169, // U+2218
    0x1FB2, // U+2219
    0x1FB6, // U+221A
    0x0169, // U+221B
    0x0169, // U+221C
    0x0169, // U+221D
    0x1FC3, // U+221E
    0x1FCB, // U+221F
};

static const uint16_t font_idx_2225_222A[] = {
    0x1B7C, // U+2225
    0x0169, // U+2226
    0x1FD1, // U+2227
    0x1FDB, // U+2228
    0x1FE5, // U+2229
    0x1FEC, // U+222A
};

static const uint16_t font_idx_2248_2248[] = {
    0x1FF3, // U+2248
};

static const uint16_t font_idx_2260_2265[] = {
    0x1FFD, // U+2260
    0x2007, // U+2261
    0x0169, // U+2262
    0x0169, // U+2263
    0x2013, // U+2264
    0x2023, // U+2265
};

static const uint16_t font_idx_226A_226B[] = {
    0x2033, // U+226A
    0x2041, // U+226B
};

static const uint16_t font_idx_2282_2287[] = {
    0x204F, // U+2282
    0x2059, // U+2283
    0x0169, // U+2284
    0x0169, // U+2285
    0x2063, // U+2286
    0x206F, // U+2287
};

static const uint16_t font_idx_22A5_22A5[] = {
    0x207B, // U+22A5
};

static const uint16_t font_idx_22C2_22C3[] = {
    0x2081, // U+22C2
    0x2088, // U+22C3
};

static const uint16_t font_idx_2300_2302[] = {
    0x1F0A, // U+2300
    0x0169, // U+2301
    0x208F, // U+2302
};

static const uint16_t font_idx_2308_230B[] = {
    0x209A, // U+2308
    0x20A0, // U+2309
    0x20A6, // U+230A
    0x20AC, // U+230B
};

static const uint16_t font_idx_2310_2310[] = {
    0x20B2, // U+2310
};

static const uint16_t font_idx_2319_2319[] = {
    0x20B8, // U+2319
};

static const uint16_t font_idx_2320_2321[] = {
    0x20BE, // U+2320
    0x20C6, // U+2321
};

static const uint16_t font_idx_239B_23AF[] = {
    0x20CE, // U+239B
    0x20DB, // U+239C
    0x20DF, // U+239D
    0x20EC, // U+239E
    0x20F9, // U+239F
    0x20FD, // U+23A0
    0x210A, // U+23A1
    0x20DB, // U+23A2
    0x2110, // U+23A3
    0x2116, // U+23A4
    0x20F9, // U+23A5
    0x211C, // U+23A6
    0x2122, // U+23A7
    0x212A, // U+23A8
    0x2135, // U+23A9
    0x0169, // U+23AA
    0x213D, // U+23AB
    0x2145, // U+23AC
    0x2150, // U+23AD
    0x2158, // U+23AE
    0x215C, // U+23AF
};

static const uint16_t font_idx_23BA_23BD[] = {
    0x2160, // U+23BA
    0x2164, // U+23BB
    0x2168, // U+23BC
    0x216C, // U+23BD
};

static const uint16_t font_idx_23D0_23D0[] = {
    0x2158, // U+23D0
};

static const uint16_t font_idx_2409_240D[] = {
    0x2170, // U+2409
    0x217D, // U+240A
    0x218A, // U+240B
    0x2197, // U+240C
    0x21A8, // U+240D
};

static const uint16_t font_idx_2424_2424[] = {
    0x21BA, // U+2424
};

static const uint16_t font_idx_2500_2503[] = {
    0x215C, // U+2500
    0x21C9, // U+2501
    0x2158, // U+2502
    0x21CD, // U+2503
};

static const uint16_t font_idx_2508_254B[] = {
    0x21D1, // U+2508
    0x21D5, // U+2509
    0x21D9, // U+250A
    0x21E9, // U+250B
    0x21F9, // U+250C
    0x21FF, // U+250D
    0x2205, // U+250E
    0x220B, // U+250F
    0x2211, // U+2510
    0x2217, // U+2511
    0x221D, // U+2512
    0x2223, // U+2513
    0x2229, // U+2514
    0x222F, // U+2515
    0x2235, // U+2516
    0x223B, // U+2517
    0x2241, // U+2518
    0x2247, // U+2519
    0x224D, // U+251A
    0x2253, // U+251B
    0x2259, // U+251C
    0x2261, // U+251D
    0x2269, // U+251E
    0x2271, // U+251F
    0x2279, // U+2520
    0x2281, // U+2521
    0x2289, // U+2522
    0x2291, // U+2523
    0x2299, // U+2524
    0x22A1, // U+2525
    0x22A9, // U+2526
    0x22B1, // U+2527
    0x22B9, // U+2528
    0x22C1, // U+2529
    0x22C9, // U+252A
    0x22D1, // U+252B
    0x22D9, // U+252C
    0x22DF, // U+252D
    0x22E6, // U+252E
    0x22ED, // U+252F
    0x22F3, // U+2530
    0x22F9, // U+2531
    0x2300, // U+2532
    0x2307, // U+2533
    0x230D, // U+2534
    0x2313, // U+2535
    0x231A, // U+2536
    0x2321, // U+2537
    0x2327, // U+2538
    0x232D, // U+2539
    0x2334, // U+253A
    0x233B, // U+253B
    0x2341, // U+253C
    0x2349, // U+253D
    0x2352, // U+253E
    0x235B, // U+253F
    0x2363, // U+2540
    0x236B, // U+2541
    0x2373, // U+2542
    0x237B, // U+2543
    0x2384, // U+2544
    0x238D, // U+2545
    0x2396, // U+2546
    0x239F, // U+2547
    0x23A7, // U+2548
    0x23AF, // U+2549
    0x23B8, // U+254A
    0x23C1, // U+254B
};

static const uint16_t font_idx_2550_25A0[] = {
    0x23C9, // U+2550
    0x23CF, // U+2551
    0x23D3, // U+2552
    0x23DB, // U+2553
    0x23E1, // U+2554
    0x23E9, // U+2555
    0x23F1, // U+2556
    0x23F7, // U+2557
    0x23FF, // U+2558
    0x2407, // U+2559
    0x240D, // U+255A
    0x2415, // U+255B
    0x241D, // U+255C
    0x2423, // U+255D
    0x242B, // U+255E
    0x2435, // U+255F
    0x243D, // U+2560
    0x2447, // U+2561
    0x2451, // U+2562
    0x2459, // U+2563
    0x2463, // U+2564
    0x246B, // U+2565
    0x2471, // U+2566
    0x2479, // U+2567
    0x2481, // U+2568
    0x2487, // U+2569
    0x248F, // U+256A
    0x2499, // U+256B
    0x24A1, // U+256C
    0x24AB, // U+256D
    0x24B3, // U+256E
    0x24BB, // U+256F
    0x24C3, // U+2570
    0x24CB, // U+2571
    0x24E1, // U+2572
    0x24F7, // U+2573
    0x250B, // U+2574
    0x250F, // U+2575
    0x2513, // U+2576
    0x2517, // U+2577
    0x251B, // U+2578
    0x251F, // U+2579
    0x2523, // U+257A
    0x2527, // U+257B
    0x252B, // U+257C
    0x2530, // U+257D
    0x2536, // U+257E
    0x253B, // U+257F
    0x2541, // U+2580
    0x2545, // U+2581
    0x2549, // U+2582
    0x254D, // U+2583
    0x2551, // U+2584
    0x2555, // U+2585
    0x2559, // U+2586
    0x255D, // U+2587
    0x2561, // U+2588
    0x2565, // U+2589
    0x2569, // U+258A
    0x256D, // U+258B
    0x2571, // U+258C
    0x2575, // U+258D
    0x2579, // U+258E
    0x257D, // U+258F
    0x2581, // U+2590
    0x2585, // U+2591
    0x259B, // U+2592
    0x25B2, // U+2593
    0x0169, // U+2594
    0x0169, // U+2595
    0x25C9, // U+2596
    0x25CD, // U+2597
    0x25D1, // U+2598
    0x25D5, // U+2599
    0x25DB, // U+259A
    0x25E1, // U+259B
    0x25E7, // U+259C
    0x25ED, // U+259D
    0x25F1, // U+259E
    0x25F7, // U+259F
    0x25FD, // U+25A0
};

static const uint16_t font_idx_25AC_25CF[] = {
    0x2601, // U+25AC
    0x0169, // U+25AD
    0x2605, // U+25AE
    0x0169, // U+25AF
    0x0169, // U+25B0
    0x0169, // U+25B1
    0x2609, // U+25B2
    0x0169, // U+25B3
    0x0169, // U+25B4
    0x0169, // U+25B5
    0x2615, // U+25B6
    0x0169, // U+25B7
    0x0169, // U+25B8
    0x0169, // U+25B9
    0x2615, // U+25BA
    0x0169, // U+25BB
    0x2621, // U+25BC
    0x0169, // U+25BD
    0x0169, // U+25BE
    0x0169, // U+25BF
    0x262D, // U+25C0
    0x0169, // U+25C1
    0x0169, // U+25C2
    0x0169, // U+25C3
    0x262D, // U+25C4
    0x0169, // U+25C5
    0x2639, // U+25C6
    0x0169, // U+25C7
    0x0169, // U+25C8
    0x0169, // U+25C9
    0x2645, // U+25CA
    0x2651, // U+25CB
    0x0169, // U+25CC
    0x0169, // U+25CD
    0x0169, // U+25CE
    0x2659, // U+25CF
};

static const uint16_t font_idx_25D8_25D9[] = {
    0x2661, // U+25D8
    0x266C, // U+25D9
};

static const uint16_t font_idx_263A_2642[] = {
    0x2678, // U+263A
    0x2688, // U+263B
    0x2698, // U+263C
    0x0169, // U+263D
    0x0169, // U+263E
    0x0169, // U+263F
    0x26A8, // U+2640
    0x0169, // U+2641
    0x26B5, // U+2642
};

static const uint16_t font_idx_2660_266B[] = {
    0x26C2, // U+2660
    0x0169, // U+2661
    0x0169, // U+2662
    0x26D1, // U+2663
    0x0169, // U+2664
    0x26E1, // U+2665
    0x2639, // U+2666
    0x0169, // U+2667
    0x0169, // U+2668
    0x0169, // U+2669
    0x26ED, // U+266A
    0x26F8, // U+266B
};

static const uint16_t font_idx_2713_2718[] = {
    0x2704, // U+2713
    0x2712, // U+2714
    0x0169, // U+2715
    0x0169, // U+2716
    0x2720, // U+2717
    0x272F, // U+2718
};

static const uint16_t font_idx_27E8_27EB[] = {
    0x273E, // U+27E8
    0x274E, // U+27E9
    0x275E, // U+27EA
    0x276E, // U+27EB
};

static const uint16_t font_idx_2800_28FF[] = {
    0x0010, // U+2800
    0x277E, // U+2801
    0x2782, // U+2802
    0x2786, // U+2803
    0x278E, // U+2804
    0x2792, // U+2805
    0x279A, // U+2806
    0x27A2, // U+2807
    0x27AE, // U+2808
    0x27B2, // U+2809
    0x27B6, // U+280A
    0x27BE, // U+280B
    0x27C6, // U+280C
    0x27CE, // U+280D
    0x27D6, // U+280E
    0x27E2, // U+280F
    0x27EE, // U+2810
    0x27F2, // U+2811
    0x27FA, // U+2812
    0x27FE, // U+2813
    0x2806, // U+2814
    0x280E, // U+2815
    0x281A, // U+2816
    0x2822, // U+2817
    0x282E, // U+2818
    0x2836, // U+2819
    0x283E, // U+281A
    0x2846, // U+281B
    0x284E, // U+281C
    0x285A, // U+281D
    0x2866, // U+281E
    0x2872, // U+281F
    0x287E, // U+2820
    0x2882, // U+2821
    0x288A, // U+2822
    0x2892, // U+2823
    0x289E, // U+2824
    0x28A2, // U+2825
    0x28AA, // U+2826
    0x28B2, // U+2827
    0x28BE, // U+2828
    0x28C6, // U+2829
    0x28CE, // U+282A
    0x28DA, // U+282B
    0x28E6, // U+282C
    0x28EE, // U+282D
    0x28F6, // U+282E
    0x2902, // U+282F
    0x290E, // U+2830
    0x2916, // U+2831
    0x2922, // U+2832
    0x292A, // U+2833
    0x2936, // U+2834
    0x293E, // U+2835
    0x294A, // U+2836
    0x2952, // U+2837
    0x295E, // U+2838
    0x296A, // U+2839
    0x2976, // U+283A
    0x2982, // U+283B
    0x298E, // U+283C
    0x299A, // U+283D
    0x29A6, // U+283E
    0x29B2, // U+283F
    0x29BE, // U+2840
    0x29C2, // U+2841
    0x29CA, // U+2842
    0x29D2, // U+2843
    0x29DE, // U+2844
    0x29E6, // U+2845
    0x29F2, // U+2846
    0x29FE, // U+2847
    0x2A0E, // U+2848
    0x2A16, // U+2849
    0x2A1E, // U+284A
    0x2A2A, // U+284B
    0x2A36, // U+284C
    0x2A42, // U+284D
    0x2A4E, // U+284E
    0x2A5E, // U+284F
    0x2A6E, // U+2850
    0x2A76, // U+2851
    0x2A82, // U+2852
    0x2A8A, // U+2853
    0x2A96, // U+2854
    0x2AA2, // U+2855
    0x2AB2, // U+2856
    0x2ABE, // U+2857
    0x2ACE, // U+2858
    0x2ADA, // U+2859
    0x2AE6, // U+285A
    0x2AF2, // U+285B
    0x2AFE, // U+285C
    0x2B0E, // U+285D
    0x2B1E, // U+285E
    0x2B2E, // U+285F
    0x2B3E, // U+2860
    0x2B46, // U+2861
    0x2B52, // U+2862
    0x2B5E, // U+2863
    0x2B6E, // U+2864
    0x2B76, // U+2865
    0x2B82, // U+2866
    0x2B8E, // U+2867
    0x2B9E, // U+2868
    0x2BAA, // U+2869
    0x2BB6, // U+286A
    0x2BC6, // U+286B
    0x2BD6, // U+286C
    0x2BE2, // U+286D
    0x2BEE, // U+286E
    0x2BFE, // U+286F
    0x2C0E, // U+2870
    0x2C1A, // U+2871
    0x2C2A, // U+2872
    0x2C36, // U+2873
    0x2C46, // U+2874
    0x2C52, // U+2875
    0x2C62, // U+2876
    0x2C6E, // U+2877
    0x2C7E, // U+2878
    0x2C8E, // U+2879
    0x2C9E, // U+287A
    0x2CAE, // U+287B
    0x2CBE, // U+287C
    0x2CCE, // U+287D
    0x2CDE, // U+287E
    0x2CEE, // U+287F
    0x2CFE, // U+2880
    0x2D02, // U+2881
    0x2D0A, // U+2882
    0x2D12, // U+2883
    0x2D1E, // U+2884
    0x2D26, // U+2885
    0x2D32, // U+2886
    0x2D3E, // U+2887
    0x2D4E, // U+2888
    0x2D56, // U+2889
    0x2D5E, // U+288A
    0x2D6A, // U+288B
    0x2D76, // U+288C
    0x2D82, // U+288D
    0x2D8E, // U+288E
    0x2D9E, // U+288F
    0x2DAE, // U+2890
    0x2DB6, // U+2891
    0x2DC2, // U+2892
    0x2DCA, // U+2893
    0x2DD6, // U+2894
    0x2DE2, // U+2895
    0x2DF2, // U+2896
    0x2DFE, // U+2897
    0x2E0E, // U+2898
    0x2E1A, // U+2899
    0x2E26, // U+289A
    0x2E32, // U+289B
    0x2E3E, // U+289C
    0x2E4E, // U+289D
    0x2E5E, // U+289E
    0x2E6E, // U+289F
    0x2E7E, // U+28A0
    0x2E86, // U+28A1
    0x2E92, // U+28A2
    0x2E9E, // U+28A3
    0x2EAE, // U+28A4
    0x2EB6, // U+28A5
    0x2EC2, // U+28A6
    0x2ECE, // U+28A7
    0x2EDE, // U+28A8
    0x2EEA, // U+28A9
    0x2EF6, // U+28AA
    0x2F06, // U+28AB
    0x2F16, // U+28AC
    0x2F22, // U+28AD
    0x2F2E, // U+28AE
    0x2F3E, // U+28AF
    0x2F4E, // U+28B0
    0x2F5A, // U+28B1
    0x2F6A, // U+28B2
    0x2F76, // U+28B3
    0x2F86, // U+28B4
    0x2F92, // U+28B5
    0x2FA2, // U+28B6
    0x2FAE, // U+28B7
    0x2FBE, // U+28B8
    0x2FCE, // U+28B9
    0x2FDE, // U+28BA
    0x2FEE, // U+28BB
    0x2FFE, // U+28BC
    0x300E, // U+28BD
    0x301E, // U+28BE
    0x302E, // U+28BF
    0x303E, // U+28C0
    0x3042, // U+28C1
    0x304A, // U+28C2
    0x3052, // U+28C3
    0x305E, // U+28C4
    0x3066, // U+28C5
    0x3072, // U+28C6
    0x307E, // U+28C7
    0x308E, // U+28C8
    0x3096, // U+28C9
    0x309E, // U+28CA
    0x30AA, // U+28CB
    0x30B6, // U+28CC
    0x30C2, // U+28CD
    0x30CE, // U+28CE
    0x30DE, // U+28CF
    0x30EE, // U+28D0
    0x30F6, // U+28D1
    0x3102, // U+28D2
    0x310A, // U+28D3
    0x3116, // U+28D4
    0x3122, // U+28D5
    0x3132, // U+28D6
    0x313E, // U+28D7
    0x314E, // U+28D8
    0x315A, // U+28D9
    0x3166, // U+28DA
    0x3172, // U+28DB
    0x317E, // U+28DC
    0x318E, // U+28DD
    0x319E, // U+28DE
    0x31AE, // U+28DF
    0x31BE, // U+28E0
    0x31C6, // U+28E1
    0x31D2, // U+28E2
    0x31DE, // U+28E3
    0x31EE, // U+28E4
    0x31F6, // U+28E5
    0x3202, // U+28E6
    0x320E, // U+28E7
    0x321E, // U+28E8
    0x322A, // U+28E9
    0x3236, // U+28EA
    0x3246, // U+28EB
    0x3256, // U+28EC
    0x3262, // U+28ED
    0x326E, // U+28EE
    0x327E, // U+28EF
    0x328E, // U+28F0
    0x329A, // U+28F1
    0x32AA, // U+28F2
    0x32B6, // U+28F3
    0x32C6, // U+28F4
    0x32D2, // U+28F5
    0x32E2, // U+28F6
    0x32EE, // U+28F7
    0x32FE, // U+28F8
    0x330E, // U+28F9
    0x331E, // U+28FA
    0x332E, // U+28FB
    0x333E, // U+28FC
    0x334E, // U+28FD
    0x335E, // U+28FE
    0x336E, // U+28FF
};

static const uint16_t font_idx_2E2C_2E2C[] = {
    0x337E, // U+2E2C
};

static const uint16_t font_idx_E0A0_E0A2[] = {
    0x3386, // U+E0A0
    0x3398, // U+E0A1
    0x33A6, // U+E0A2
};

static const uint16_t font_idx_E0B0_E0B3[] = {
    0x33B4, // U+E0B0
    0x33CB, // U+E0B1
    0x33E2, // U+E0B2
    0x33F9, // U+E0B3
};

static const uint16_t font_idx_F6BE_F6BE[] = {
    0x10BB, // U+F6BE
};

static const uint16_t font_idx_FFFD_FFFD[] = {
    0x3410, // U+FFFD
};

const FontRange terminus10x20_ranges[] = {
    {0x0000, 0x0000, font_idx_0000_0000},
    {0x0020, 0x007E, font_idx_0020_007E},
    {0x00A0, 0x017F, font_idx_00A0_017F},
    {0x0186, 0x0186, font_idx_0186_0186},
    {0x018E, 0x0192, font_idx_018E_0192},
    {0x019D, 0x019E, font_idx_019D_019E},
    {0x01B5, 0x01B7, font_idx_01B5_01B7},
    {0x01CD, 0x01D4, font_idx_01CD_01D4},
    {0x01E2, 0x01F5, font_idx_01E2_01F5},
    {0x01FC, 0x01FF, font_idx_01FC_01FF},
    {0x0218, 0x021B, font_idx_0218_021B},
    {0x0232, 0x0237, font_idx_0232_0237},
    {0x0254, 0x025B, font_idx_0254_025B},
    {0x0272, 0x0272, font_idx_0272_0272},
    {0x0292, 0x0292, font_idx_0292_0292},
    {0x02BB, 0x02BD, font_idx_02BB_02BD},
    {0x02C6, 0x02C7, font_idx_02C6_02C7},
    {0x02D8, 0x02DD, font_idx_02D8_02DD},
    {0x0300, 0x030C, font_idx_0300_030C},
    {0x0329, 0x0329, font_idx_0329_0329},
    {0x0384, 0x03D5, font_idx_0384_03D5},
    {0x03F0, 0x03F6, font_idx_03F0_03F6},
    {0x0400, 0x0463, font_idx_0400_0463},
    {0x046A, 0x046B, font_idx_046A_046B},
    {0x0490, 0x04A5, font_idx_0490_04A5},
    {0x04AA, 0x04BB, font_idx_04AA_04BB},
    {0x04C0, 0x04C2, font_idx_04C0_04C2},
    {0x04CF, 0x04F9, font_idx_04CF_04F9},
    {0x05D0, 0x05EA, font_idx_05D0_05EA},
    {0x1E0C, 0x1E0D, font_idx_1E0C_1E0D},
    {0x1E34, 0x1E37, font_idx_1E34_1E37},
    {0x1E40, 0x1E47, font_idx_1E40_1E47},
    {0x1E6C, 0x1E6D, font_idx_1E6C_1E6D},
    {0x1EB8, 0x1EBD, font_idx_1EB8_1EBD},
    {0x1ECA, 0x1ECD, font_idx_1ECA_1ECD},
    {0x1EE4, 0x1EE5, font_idx_1EE4_1EE5},
    {0x1EF8, 0x1EF9, font_idx_1EF8_1EF9},
    {0x2000, 0x2026, font_idx_2000_2026},
    {0x2030, 0x2033, font_idx_2030_2033},
    {0x2039, 0x203E, font_idx_2039_203E},
    {0x2070, 0x209A, font_idx_2070_209A},
    {0x20A7, 0x20AE, font_idx_20A7_20AE},
    {0x2102, 0x2102, font_idx_2102_2102},
    {0x210E, 0x210F, font_idx_210E_210F},
    {0x2115, 0x211D, font_idx_2115_211D},
    {0x2122, 0x2126, font_idx_2122_2126},
    {0x2135, 0x2135, font_idx_2135_2135},
    {0x2190, 0x2195, font_idx_2190_2195},
    {0x21A4, 0x21A8, font_idx_21A4_21A8},
    {0x21B2, 0x21B5, font_idx_21B2_21B5},
    {0x21BB, 0x21BB, font_idx_21BB_21BB},
    {0x21CB, 0x21D5, font_idx_21CB_21D5},
    {0x2200, 0x220D, font_idx_2200_220D},
    {0x2212, 0x221F, font_idx_2212_221F},
    {0x2225, 0x222A, font_idx_2225_222A},
    {0x2248, 0x2248, font_idx_2248_2248},
    {0x2260, 0x2265, font_idx_2260_2265},
    {0x226A, 0x226B, font_idx_226A_226B},
    {0x2282, 0x2287, font_idx_2282_2287},
    {0x22A5, 0x22A5, font_idx_22A5_22A5},
    {0x22C2, 0x22C3, font_idx_22C2_22C3},
    {0x2300, 0x2302, font_idx_2300_2302},
    {0x2308, 0x230B, font_idx_2308_230B},
    {0x2310, 0x2310, font_idx_2310_2310},
    {0x2319, 0x2319, font_idx_2319_2319},
    {0x2320, 0x2321, font_idx_2320_2321},
    {0x239B, 0x23AF, font_idx_239B_23AF},
    {0x23BA, 0x23BD, font_idx_23BA_23BD},
    {0x23D0, 0x23D0, font_idx_23D0_23D0},
    {0x2409, 0x240D, font_idx_2409_240D},
    {0x2424, 0x2424, font_idx_2424_2424},
    {0x2500, 0x2503, font_idx_2500_2503},
    {0x2508, 0x254B, font_idx_2508_254B},
    {0x2550, 0x25A0, font_idx_2550_25A0},
    {0x25AC, 0x25CF, font_idx_25AC_25CF},
    {0x25D8, 0x25D9, font_idx_25D8_25D9},
    {0x263A, 0x2642, font_idx_263A_2642},
    {0x2660, 0x266B, font_idx_2660_266B},
    {0x2713, 0x2718, font_idx_2713_2718},
    {0x27E8, 0x27EB, font_idx_27E8_27EB},
    {0x2800, 0x28FF, font_idx_2800_28FF},
    {0x2E2C, 0x2E2C, font_idx_2E2C_2E2C},
    {0xE0A0, 0xE0A2, font_idx_E0A0_E0A2},
    {0xE0B0, 0xE0B3, font_idx_E0B0_E0B3},
    {0xF6BE, 0xF6BE, font_idx_F6BE_F6BE},
    {0xFFFD, 0xFFFD, font_idx_FFFD_FFFD},
};

const int terminus10x20_num_ranges = 86;

#endif /* FONT_RT_10X20 */
